season,week,game_id,gameday,away_team,home_team,p_home,actual_home_win,evaluation_type
2008,1,2008_01_WAS_NYG,2008-09-04,WAS,NYG,0.6142766089322828,1,historical
2008,1,2008_01_ARI_SF,2008-09-07,ARI,SF,0.46214954989128487,0,historical
2008,1,2008_01_CAR_SD,2008-09-07,CAR,SD,0.7025709237261721,0,historical
2008,1,2008_01_CHI_IND,2008-09-07,CHI,IND,0.6794274929714063,0,historical
2008,1,2008_01_CIN_BAL,2008-09-07,CIN,BAL,0.5022430154861977,1,historical
2008,1,2008_01_DAL_CLE,2008-09-07,DAL,CLE,0.5009649753759351,0,historical
2008,1,2008_01_DET_ATL,2008-09-07,DET,ATL,0.51064591118947,1,historical
2008,1,2008_01_HOU_PIT,2008-09-07,HOU,PIT,0.5671434967746841,1,historical
2008,1,2008_01_JAX_TEN,2008-09-07,JAX,TEN,0.49311015106174494,1,historical
2008,1,2008_01_KC_NE,2008-09-07,KC,NE,0.8399794878197804,1,historical
2008,1,2008_01_NYJ_MIA,2008-09-07,NYJ,MIA,0.4740347696813375,0,historical
2008,1,2008_01_SEA_BUF,2008-09-07,SEA,BUF,0.47751903508777827,1,historical
2008,1,2008_01_STL_PHI,2008-09-07,STL,PHI,0.7168972256608069,1,historical
2008,1,2008_01_TB_NO,2008-09-07,TB,NO,0.5640793934476396,1,historical
2008,1,2008_01_DEN_OAK,2008-09-08,DEN,OAK,0.48584705185256993,0,historical
2008,1,2008_01_MIN_GB,2008-09-08,MIN,GB,0.6277257934676278,1,historical
2008,2,2008_02_ATL_TB,2008-09-14,ATL,TB,0.5747464065561814,1,historical
2008,2,2008_02_BUF_JAX,2008-09-14,BUF,JAX,0.5929073182104985,0,historical
2008,2,2008_02_CHI_CAR,2008-09-14,CHI,CAR,0.47680714572386945,1,historical
2008,2,2008_02_GB_DET,2008-09-14,GB,DET,0.33701445999199736,0,historical
2008,2,2008_02_IND_MIN,2008-09-14,IND,MIN,0.4841292212626083,0,historical
2008,2,2008_02_MIA_ARI,2008-09-14,MIA,ARI,0.7490023527880012,1,historical
2008,2,2008_02_NE_NYJ,2008-09-14,NE,NYJ,0.2773473752202358,0,historical
2008,2,2008_02_NO_WAS,2008-09-14,NO,WAS,0.5676933904895847,1,historical
2008,2,2008_02_NYG_STL,2008-09-14,NYG,STL,0.2905262731924434,0,historical
2008,2,2008_02_OAK_KC,2008-09-14,OAK,KC,0.5869012768965325,0,historical
2008,2,2008_02_PIT_CLE,2008-09-14,PIT,CLE,0.4338721037949666,0,historical
2008,2,2008_02_SD_DEN,2008-09-14,SD,DEN,0.4795141040764305,1,historical
2008,2,2008_02_SF_SEA,2008-09-14,SF,SEA,0.6839882717790224,0,historical
2008,2,2008_02_TEN_CIN,2008-09-14,TEN,CIN,0.4570046744412994,0,historical
2008,2,2008_02_PHI_DAL,2008-09-15,PHI,DAL,0.5961549311835561,1,historical
2008,3,2008_03_ARI_WAS,2008-09-21,ARI,WAS,0.5489543827127408,1,historical
2008,3,2008_03_CAR_MIN,2008-09-21,CAR,MIN,0.5076162354610897,1,historical
2008,3,2008_03_CIN_NYG,2008-09-21,CIN,NYG,0.7658877885978521,1,historical
2008,3,2008_03_CLE_BAL,2008-09-21,CLE,BAL,0.5912316607554693,1,historical
2008,3,2008_03_DAL_GB,2008-09-21,DAL,GB,0.5585332257791868,0,historical
2008,3,2008_03_DET_SF,2008-09-21,DET,SF,0.5763462368745618,1,historical
2008,3,2008_03_HOU_TEN,2008-09-21,HOU,TEN,0.6674168852843821,1,historical
2008,3,2008_03_JAX_IND,2008-09-21,JAX,IND,0.6243322510359784,0,historical
2008,3,2008_03_KC_ATL,2008-09-21,KC,ATL,0.6300461325457384,1,historical
2008,3,2008_03_MIA_NE,2008-09-21,MIA,NE,0.8985265144270551,0,historical
2008,3,2008_03_NO_DEN,2008-09-21,NO,DEN,0.6159816518381404,1,historical
2008,3,2008_03_OAK_BUF,2008-09-21,OAK,BUF,0.7025243524146619,1,historical
2008,3,2008_03_PIT_PHI,2008-09-21,PIT,PHI,0.5061606416056823,1,historical
2008,3,2008_03_STL_SEA,2008-09-21,STL,SEA,0.6947059199862966,1,historical
2008,3,2008_03_TB_CHI,2008-09-21,TB,CHI,0.6247603931228142,0,historical
2008,3,2008_03_NYJ_SD,2008-09-22,NYJ,SD,0.702656466098052,1,historical
2008,4,2008_04_ARI_NYJ,2008-09-28,ARI,NYJ,0.4464414431427644,1,historical
2008,4,2008_04_ATL_CAR,2008-09-28,ATL,CAR,0.6118082010732093,1,historical
2008,4,2008_04_BUF_STL,2008-09-28,BUF,STL,0.2935075764912877,0,historical
2008,4,2008_04_CLE_CIN,2008-09-28,CLE,CIN,0.572557411146607,0,historical
2008,4,2008_04_DEN_KC,2008-09-28,DEN,KC,0.29612312949214814,1,historical
2008,4,2008_04_GB_TB,2008-09-28,GB,TB,0.46103166056592504,1,historical
2008,4,2008_04_HOU_JAX,2008-09-28,HOU,JAX,0.6410791055940945,1,historical
2008,4,2008_04_MIN_TEN,2008-09-28,MIN,TEN,0.6769741254997573,1,historical
2008,4,2008_04_PHI_CHI,2008-09-28,PHI,CHI,0.49093442193904063,1,historical
2008,4,2008_04_SD_OAK,2008-09-28,SD,OAK,0.33821399465940677,0,historical
2008,4,2008_04_SF_NO,2008-09-28,SF,NO,0.6026120929804661,1,historical
2008,4,2008_04_WAS_DAL,2008-09-28,WAS,DAL,0.6774518545316888,0,historical
2008,4,2008_04_BAL_PIT,2008-09-29,BAL,PIT,0.6129820932252169,1,historical
2008,5,2008_05_ATL_GB,2008-10-05,ATL,GB,0.7089781141121805,0,historical
2008,5,2008_05_BUF_ARI,2008-10-05,BUF,ARI,0.4235008710065929,1,historical
2008,5,2008_05_CHI_DET,2008-10-05,CHI,DET,0.3132430234429273,0,historical
2008,5,2008_05_CIN_DAL,2008-10-05,CIN,DAL,0.8018712152389835,1,historical
2008,5,2008_05_IND_HOU,2008-10-05,IND,HOU,0.44478211086747926,0,historical
2008,5,2008_05_KC_CAR,2008-10-05,KC,CAR,0.7174212420837862,1,historical
2008,5,2008_05_NE_SF,2008-10-05,NE,SF,0.30019553591568704,0,historical
2008,5,2008_05_PIT_JAX,2008-10-05,PIT,JAX,0.5273562792792869,0,historical
2008,5,2008_05_SD_MIA,2008-10-05,SD,MIA,0.3238476495519306,1,historical
2008,5,2008_05_SEA_NYG,2008-10-05,SEA,NYG,0.7072864467123786,1,historical
2008,5,2008_05_TB_DEN,2008-10-05,TB,DEN,0.4893767173473319,1,historical
2008,5,2008_05_TEN_BAL,2008-10-05,TEN,BAL,0.40289023198270296,0,historical
2008,5,2008_05_WAS_PHI,2008-10-05,WAS,PHI,0.5379935678064313,0,historical
2008,5,2008_05_MIN_NO,2008-10-06,MIN,NO,0.5657012636874471,0,historical
2008,6,2008_06_BAL_IND,2008-10-12,BAL,IND,0.6506940431777926,1,historical
2008,6,2008_06_CAR_TB,2008-10-12,CAR,TB,0.5284474985183999,1,historical
2008,6,2008_06_CHI_ATL,2008-10-12,CHI,ATL,0.3896386507075351,1,historical
2008,6,2008_06_CIN_NYJ,2008-10-12,CIN,NYJ,0.6511825405694035,1,historical
2008,6,2008_06_DAL_ARI,2008-10-12,DAL,ARI,0.39504576234575395,1,historical
2008,6,2008_06_DET_MIN,2008-10-12,DET,MIN,0.7646679867091479,1,historical
2008,6,2008_06_GB_SEA,2008-10-12,GB,SEA,0.49708232123009016,0,historical
2008,6,2008_06_JAX_DEN,2008-10-12,JAX,DEN,0.5394721252083117,0,historical
2008,6,2008_06_MIA_HOU,2008-10-12,MIA,HOU,0.5375783441760701,1,historical
2008,6,2008_06_NE_SD,2008-10-12,NE,SD,0.47992282734245817,1,historical
2008,6,2008_06_OAK_NO,2008-10-12,OAK,NO,0.6559019166025034,1,historical
2008,6,2008_06_PHI_SF,2008-10-12,PHI,SF,0.37685046048459003,0,historical
2008,6,2008_06_STL_WAS,2008-10-12,STL,WAS,0.8488881228479197,0,historical
2008,6,2008_06_NYG_CLE,2008-10-13,NYG,CLE,0.32250288381062997,1,historical
2008,7,2008_07_BAL_MIA,2008-10-19,BAL,MIA,0.5417528762942201,0,historical
2008,7,2008_07_CLE_WAS,2008-10-19,CLE,WAS,0.6238289170874929,1,historical
2008,7,2008_07_DAL_STL,2008-10-19,DAL,STL,0.2266130386385541,1,historical
2008,7,2008_07_DET_HOU,2008-10-19,DET,HOU,0.7158992954061828,1,historical
2008,7,2008_07_IND_GB,2008-10-19,IND,GB,0.48830628006295584,1,historical
2008,7,2008_07_MIN_CHI,2008-10-19,MIN,CHI,0.6079167595382668,1,historical
2008,7,2008_07_NO_CAR,2008-10-19,NO,CAR,0.5505501660082138,1,historical
2008,7,2008_07_NYJ_OAK,2008-10-19,NYJ,OAK,0.39458534943493934,1,historical
2008,7,2008_07_PIT_CIN,2008-10-19,PIT,CIN,0.28919862197652646,0,historical
2008,7,2008_07_SD_BUF,2008-10-19,SD,BUF,0.43541119299437836,1,historical
2008,7,2008_07_SEA_TB,2008-10-19,SEA,TB,0.6994106260792089,1,historical
2008,7,2008_07_SF_NYG,2008-10-19,SF,NYG,0.8032583324532817,1,historical
2008,7,2008_07_TEN_KC,2008-10-19,TEN,KC,0.21879497403811105,0,historical
2008,7,2008_07_DEN_NE,2008-10-20,DEN,NE,0.6971066881310866,1,historical
2008,8,2008_08_ARI_CAR,2008-10-26,ARI,CAR,0.562325914735553,1,historical
2008,8,2008_08_ATL_PHI,2008-10-26,ATL,PHI,0.6707449514373531,1,historical
2008,8,2008_08_BUF_MIA,2008-10-26,BUF,MIA,0.3814128108314018,1,historical
2008,8,2008_08_CIN_HOU,2008-10-26,CIN,HOU,0.7039584884732586,1,historical
2008,8,2008_08_CLE_JAX,2008-10-26,CLE,JAX,0.6073502682955548,0,historical
2008,8,2008_08_KC_NYJ,2008-10-26,KC,NYJ,0.7232269815852406,1,historical
2008,8,2008_08_NYG_PIT,2008-10-26,NYG,PIT,0.5722215196676352,0,historical
2008,8,2008_08_OAK_BAL,2008-10-26,OAK,BAL,0.7084072648337958,1,historical
2008,8,2008_08_SD_NO,2008-10-26,SD,NO,0.41670143889087097,1,historical
2008,8,2008_08_SEA_SF,2008-10-26,SEA,SF,0.4672091451185578,0,historical
2008,8,2008_08_STL_NE,2008-10-26,STL,NE,0.785099385794547,1,historical
2008,8,2008_08_TB_DAL,2008-10-26,TB,DAL,0.5299825836727022,1,historical
2008,8,2008_08_WAS_DET,2008-10-26,WAS,DET,0.22924844958382956,0,historical
2008,8,2008_08_IND_TEN,2008-10-27,IND,TEN,0.6809073028694903,1,historical
2008,9,2008_09_ARI_STL,2008-11-02,ARI,STL,0.40823128239674134,0,historical
2008,9,2008_09_ATL_OAK,2008-11-02,ATL,OAK,0.44888348995618566,0,historical
2008,9,2008_09_BAL_CLE,2008-11-02,BAL,CLE,0.5715047243070166,0,historical
2008,9,2008_09_DAL_NYG,2008-11-02,DAL,NYG,0.6328814323159119,1,historical
2008,9,2008_09_DET_CHI,2008-11-02,DET,CHI,0.8451406579665047,1,historical
2008,9,2008_09_GB_TEN,2008-11-02,GB,TEN,0.6696167729941006,1,historical
2008,9,2008_09_HOU_MIN,2008-11-02,HOU,MIN,0.5591089798179462,1,historical
2008,9,2008_09_JAX_CIN,2008-11-02,JAX,CIN,0.31884663718998213,1,historical
2008,9,2008_09_MIA_DEN,2008-11-02,MIA,DEN,0.5460185307910828,0,historical
2008,9,2008_09_NE_IND,2008-11-02,NE,IND,0.4478940417682027,1,historical
2008,9,2008_09_NYJ_BUF,2008-11-02,NYJ,BUF,0.5877390729541953,0,historical
2008,9,2008_09_PHI_SEA,2008-11-02,PHI,SEA,0.4040459757747949,0,historical
2008,9,2008_09_TB_KC,2008-11-02,TB,KC,0.27891359232198176,0,historical
2008,9,2008_09_PIT_WAS,2008-11-03,PIT,WAS,0.5783231848405646,0,historical
2008,10,2008_10_DEN_CLE,2008-11-06,DEN,CLE,0.6669907520452675,0,historical
2008,10,2008_10_BAL_HOU,2008-11-09,BAL,HOU,0.43762153312659974,0,historical
2008,10,2008_10_BUF_NE,2008-11-09,BUF,NE,0.7096887068018907,1,historical
2008,10,2008_10_CAR_OAK,2008-11-09,CAR,OAK,0.2709910175688566,0,historical
2008,10,2008_10_GB_MIN,2008-11-09,GB,MIN,0.4720768502862108,1,historical
2008,10,2008_10_IND_PIT,2008-11-09,IND,PIT,0.6380760784429389,0,historical
2008,10,2008_10_JAX_DET,2008-11-09,JAX,DET,0.3051630802041573,0,historical
2008,10,2008_10_KC_SD,2008-11-09,KC,SD,0.7995406647712218,1,historical
2008,10,2008_10_NO_ATL,2008-11-09,NO,ATL,0.5339070277577702,1,historical
2008,10,2008_10_NYG_PHI,2008-11-09,NYG,PHI,0.4877144775651157,0,historical
2008,10,2008_10_SEA_MIA,2008-11-09,SEA,MIA,0.632862271789242,1,historical
2008,10,2008_10_STL_NYJ,2008-11-09,STL,NYJ,0.7426677508054425,1,historical
2008,10,2008_10_TEN_CHI,2008-11-09,TEN,CHI,0.42894380627167566,0,historical
2008,10,2008_10_SF_ARI,2008-11-10,SF,ARI,0.8090418721519275,1,historical
2008,11,2008_11_NYJ_NE,2008-11-13,NYJ,NE,0.6464001438550233,0,historical
2008,11,2008_11_ARI_SEA,2008-11-16,ARI,SEA,0.38074492007131816,0,historical
2008,11,2008_11_BAL_NYG,2008-11-16,BAL,NYG,0.6595187610714169,1,historical
2008,11,2008_11_CHI_GB,2008-11-16,CHI,GB,0.5769741317421034,1,historical
2008,11,2008_11_DAL_WAS,2008-11-16,DAL,WAS,0.5677452149092527,0,historical
2008,11,2008_11_DEN_ATL,2008-11-16,DEN,ATL,0.6440748550024336,0,historical
2008,11,2008_11_DET_CAR,2008-11-16,DET,CAR,0.8604845068596247,1,historical
2008,11,2008_11_HOU_IND,2008-11-16,HOU,IND,0.7391698016713898,1,historical
2008,11,2008_11_MIN_TB,2008-11-16,MIN,TB,0.5901967934554981,1,historical
2008,11,2008_11_NO_KC,2008-11-16,NO,KC,0.3771336912191079,0,historical
2008,11,2008_11_OAK_MIA,2008-11-16,OAK,MIA,0.7753952941861667,1,historical
2008,11,2008_11_SD_PIT,2008-11-16,SD,PIT,0.6152262055550262,1,historical
2008,11,2008_11_STL_SF,2008-11-16,STL,SF,0.5086641058140169,1,historical
2008,11,2008_11_TEN_JAX,2008-11-16,TEN,JAX,0.32016887988897635,0,historical
2008,11,2008_11_CLE_BUF,2008-11-17,CLE,BUF,0.5427108232933021,0,historical
2008,12,2008_12_CIN_PIT,2008-11-20,CIN,PIT,0.8192103567738549,1,historical
2008,12,2008_12_BUF_KC,2008-11-23,BUF,KC,0.3735634554444644,0,historical
2008,12,2008_12_CAR_ATL,2008-11-23,CAR,ATL,0.4335471105502347,1,historical
2008,12,2008_12_CHI_STL,2008-11-23,CHI,STL,0.2888315463005629,0,historical
2008,12,2008_12_HOU_CLE,2008-11-23,HOU,CLE,0.6398806950169923,0,historical
2008,12,2008_12_IND_SD,2008-11-23,IND,SD,0.48377698124369983,0,historical
2008,12,2008_12_MIN_JAX,2008-11-23,MIN,JAX,0.5423241544194611,0,historical
2008,12,2008_12_NE_MIA,2008-11-23,NE,MIA,0.4244130432574304,0,historical
2008,12,2008_12_NYG_ARI,2008-11-23,NYG,ARI,0.3820094822905193,0,historical
2008,12,2008_12_NYJ_TEN,2008-11-23,NYJ,TEN,0.7426736063783959,0,historical
2008,12,2008_12_OAK_DEN,2008-11-23,OAK,DEN,0.7551728885762836,0,historical
2008,12,2008_12_PHI_BAL,2008-11-23,PHI,BAL,0.5634732819327797,1,historical
2008,12,2008_12_SF_DAL,2008-11-23,SF,DAL,0.8019442024021364,1,historical
2008,12,2008_12_TB_DET,2008-11-23,TB,DET,0.1945054367111402,0,historical
2008,12,2008_12_WAS_SEA,2008-11-23,WAS,SEA,0.39116375837609874,0,historical
2008,12,2008_12_GB_NO,2008-11-24,GB,NO,0.39327729924151333,1,historical
2008,13,2008_13_ARI_PHI,2008-11-27,ARI,PHI,0.5320028064275361,1,historical
2008,13,2008_13_SEA_DAL,2008-11-27,SEA,DAL,0.7775595102836592,1,historical
2008,13,2008_13_TEN_DET,2008-11-27,TEN,DET,0.12746841856192812,0,historical
2008,13,2008_13_ATL_SD,2008-11-30,ATL,SD,0.5579305421425345,0,historical
2008,13,2008_13_BAL_CIN,2008-11-30,BAL,CIN,0.23781895279794973,0,historical
2008,13,2008_13_CAR_GB,2008-11-30,CAR,GB,0.5930187700981937,0,historical
2008,13,2008_13_CHI_MIN,2008-11-30,CHI,MIN,0.5661861435546315,1,historical
2008,13,2008_13_DEN_NYJ,2008-11-30,DEN,NYJ,0.8047118555180985,0,historical
2008,13,2008_13_IND_CLE,2008-11-30,IND,CLE,0.33730286158881145,0,historical
2008,13,2008_13_KC_OAK,2008-11-30,KC,OAK,0.6732881717193788,0,historical
2008,13,2008_13_MIA_STL,2008-11-30,MIA,STL,0.32033469374791784,0,historical
2008,13,2008_13_NO_TB,2008-11-30,NO,TB,0.6210531693976727,1,historical
2008,13,2008_13_NYG_WAS,2008-11-30,NYG,WAS,0.31891090277267325,0,historical
2008,13,2008_13_PIT_NE,2008-11-30,PIT,NE,0.586771689698378,0,historical
2008,13,2008_13_SF_BUF,2008-11-30,SF,BUF,0.7253586145135127,0,historical
2008,13,2008_13_JAX_HOU,2008-12-01,JAX,HOU,0.5676627456296639,1,historical
2008,14,2008_14_OAK_SD,2008-12-04,OAK,SD,0.7548958231463381,1,historical
2008,14,2008_14_ATL_NO,2008-12-07,ATL,NO,0.5178344809500289,1,historical
2008,14,2008_14_CIN_IND,2008-12-07,CIN,IND,0.8611937594103091,1,historical
2008,14,2008_14_CLE_TEN,2008-12-07,CLE,TEN,0.8127748069719438,1,historical
2008,14,2008_14_DAL_PIT,2008-12-07,DAL,PIT,0.6427700607787002,1,historical
2008,14,2008_14_HOU_GB,2008-12-07,HOU,GB,0.6133591494836406,0,historical
2008,14,2008_14_JAX_CHI,2008-12-07,JAX,CHI,0.6621250387015335,1,historical
2008,14,2008_14_KC_DEN,2008-12-07,KC,DEN,0.7453937404822069,1,historical
2008,14,2008_14_MIA_BUF,2008-12-07,MIA,BUF,0.489690341914895,0,historical
2008,14,2008_14_MIN_DET,2008-12-07,MIN,DET,0.16828950041470606,0,historical
2008,14,2008_14_NE_SEA,2008-12-07,NE,SEA,0.2839874499640698,0,historical
2008,14,2008_14_NYJ_SF,2008-12-07,NYJ,SF,0.32171970392912785,1,historical
2008,14,2008_14_PHI_NYG,2008-12-07,PHI,NYG,0.7627586649008462,0,historical
2008,14,2008_14_STL_ARI,2008-12-07,STL,ARI,0.8163076392466737,1,historical
2008,14,2008_14_WAS_BAL,2008-12-07,WAS,BAL,0.6957520262876846,1,historical
2008,14,2008_14_TB_CAR,2008-12-08,TB,CAR,0.5028278200562843,1,historical
2008,15,2008_15_NO_CHI,2008-12-11,NO,CHI,0.5411749033617317,1,historical
2008,15,2008_15_BUF_NYJ,2008-12-14,BUF,NYJ,0.7002460126319067,1,historical
2008,15,2008_15_DEN_CAR,2008-12-14,DEN,CAR,0.692810916142628,1,historical
2008,15,2008_15_DET_IND,2008-12-14,DET,IND,0.9163148288755965,1,historical
2008,15,2008_15_GB_JAX,2008-12-14,GB,JAX,0.415024273383743,1,historical
2008,15,2008_15_MIN_ARI,2008-12-14,MIN,ARI,0.4708595006323848,0,historical
2008,15,2008_15_NE_OAK,2008-12-14,NE,OAK,0.21574106214551073,0,historical
2008,15,2008_15_NYG_DAL,2008-12-14,NYG,DAL,0.38856636610115436,1,historical
2008,15,2008_15_PIT_BAL,2008-12-14,PIT,BAL,0.516674971935056,0,historical
2008,15,2008_15_SD_KC,2008-12-14,SD,KC,0.2848126777785038,0,historical
2008,15,2008_15_SEA_STL,2008-12-14,SEA,STL,0.42470635947966806,0,historical
2008,15,2008_15_SF_MIA,2008-12-14,SF,MIA,0.6755072999586079,1,historical
2008,15,2008_15_TB_ATL,2008-12-14,TB,ATL,0.5174876751062083,1,historical
2008,15,2008_15_TEN_HOU,2008-12-14,TEN,HOU,0.34562994967122024,1,historical
2008,15,2008_15_WAS_CIN,2008-12-14,WAS,CIN,0.32601239168243606,1,historical
2008,15,2008_15_CLE_PHI,2008-12-15,CLE,PHI,0.7793989757076055,1,historical
2008,16,2008_16_IND_JAX,2008-12-18,IND,JAX,0.28693282492576655,0,historical
2008,16,2008_16_BAL_DAL,2008-12-20,BAL,DAL,0.5446447467017012,0,historical
2008,16,2008_16_ARI_NE,2008-12-21,ARI,NE,0.7100122566486669,1,historical
2008,16,2008_16_ATL_MIN,2008-12-21,ATL,MIN,0.663021701168047,0,historical
2008,16,2008_16_BUF_DEN,2008-12-21,BUF,DEN,0.6507900544388034,0,historical
2008,16,2008_16_CAR_NYG,2008-12-21,CAR,NYG,0.6184636397039902,1,historical
2008,16,2008_16_CIN_CLE,2008-12-21,CIN,CLE,0.6181383274807536,0,historical
2008,16,2008_16_HOU_OAK,2008-12-21,HOU,OAK,0.26745976017498874,1,historical
2008,16,2008_16_MIA_KC,2008-12-21,MIA,KC,0.26623944321381904,0,historical
2008,16,2008_16_NO_DET,2008-12-21,NO,DET,0.19685166083283975,0,historical
2008,16,2008_16_NYJ_SEA,2008-12-21,NYJ,SEA,0.35874733180047763,1,historical
2008,16,2008_16_PHI_WAS,2008-12-21,PHI,WAS,0.3386093629690581,1,historical
2008,16,2008_16_PIT_TEN,2008-12-21,PIT,TEN,0.5089182155205539,1,historical
2008,16,2008_16_SD_TB,2008-12-21,SD,TB,0.6018994837907164,0,historical
2008,16,2008_16_SF_STL,2008-12-21,SF,STL,0.34733852474076593,0,historical
2008,16,2008_16_GB_CHI,2008-12-22,GB,CHI,0.6228788033925304,1,historical
2008,17,2008_17_CAR_NO,2008-12-28,CAR,NO,0.4814956198419066,0,historical
2008,17,2008_17_CHI_HOU,2008-12-28,CHI,HOU,0.46822843209596443,1,historical
2008,17,2008_17_CLE_PIT,2008-12-28,CLE,PIT,0.8655942744373037,1,historical
2008,17,2008_17_DAL_PHI,2008-12-28,DAL,PHI,0.5645314893054358,1,historical
2008,17,2008_17_DEN_SD,2008-12-28,DEN,SD,0.7289251376392715,1,historical
2008,17,2008_17_DET_GB,2008-12-28,DET,GB,0.8417792746337258,1,historical
2008,17,2008_17_JAX_BAL,2008-12-28,JAX,BAL,0.8230612642671135,1,historical
2008,17,2008_17_KC_CIN,2008-12-28,KC,CIN,0.7027978613236077,1,historical
2008,17,2008_17_MIA_NYJ,2008-12-28,MIA,NYJ,0.48198557495137023,0,historical
2008,17,2008_17_NE_BUF,2008-12-28,NE,BUF,0.28800655016297866,0,historical
2008,17,2008_17_NYG_MIN,2008-12-28,NYG,MIN,0.44957122224810975,1,historical
2008,17,2008_17_OAK_TB,2008-12-28,OAK,TB,0.7516257207998194,0,historical
2008,17,2008_17_SEA_ARI,2008-12-28,SEA,ARI,0.6152147683076041,1,historical
2008,17,2008_17_STL_ATL,2008-12-28,STL,ATL,0.8851606486939233,1,historical
2008,17,2008_17_TEN_IND,2008-12-28,TEN,IND,0.49976116046217145,1,historical
2008,17,2008_17_WAS_SF,2008-12-28,WAS,SF,0.4454975800717503,1,historical
2008,18,2008_18_ATL_ARI,2009-01-03,ATL,ARI,0.4283871120834377,1,historical
2008,18,2008_18_IND_SD,2009-01-03,IND,SD,0.41324349067690397,1,historical
2008,18,2008_18_BAL_MIA,2009-01-04,BAL,MIA,0.41846503741567126,0,historical
2008,18,2008_18_PHI_MIN,2009-01-04,PHI,MIN,0.5136009248083745,0,historical
2008,19,2008_19_ARI_CAR,2009-01-10,ARI,CAR,0.6909908978920047,0,historical
2008,19,2008_19_BAL_TEN,2009-01-10,BAL,TEN,0.5000868038235914,0,historical
2008,19,2008_19_PHI_NYG,2009-01-11,PHI,NYG,0.5499465480487989,0,historical
2008,19,2008_19_SD_PIT,2009-01-11,SD,PIT,0.6448525743932683,1,historical
2008,20,2008_20_BAL_PIT,2009-01-18,BAL,PIT,0.5253093465141346,1,historical
2008,20,2008_20_PHI_ARI,2009-01-18,PHI,ARI,0.38738790629046277,1,historical
2008,21,2008_21_PIT_ARI,2009-02-01,PIT,ARI,0.40115218014116305,0,historical
2009,1,2009_01_TEN_PIT,2009-09-10,TEN,PIT,0.6203615800228364,1,historical
2009,1,2009_01_CHI_GB,2009-09-13,CHI,GB,0.5425723293480642,1,historical
2009,1,2009_01_DAL_TB,2009-09-13,DAL,TB,0.5042739782710425,0,historical
2009,1,2009_01_DEN_CIN,2009-09-13,DEN,CIN,0.5674052456517197,0,historical
2009,1,2009_01_DET_NO,2009-09-13,DET,NO,0.7542492787661419,1,historical
2009,1,2009_01_JAX_IND,2009-09-13,JAX,IND,0.725374915508423,1,historical
2009,1,2009_01_KC_BAL,2009-09-13,KC,BAL,0.7973724099596748,1,historical
2009,1,2009_01_MIA_ATL,2009-09-13,MIA,ATL,0.5684622183157652,1,historical
2009,1,2009_01_MIN_CLE,2009-09-13,MIN,CLE,0.41473717083235945,0,historical
2009,1,2009_01_NYJ_HOU,2009-09-13,NYJ,HOU,0.5861542389342672,0,historical
2009,1,2009_01_PHI_CAR,2009-09-13,PHI,CAR,0.4892482328730956,0,historical
2009,1,2009_01_SF_ARI,2009-09-13,SF,ARI,0.6573720717455729,0,historical
2009,1,2009_01_STL_SEA,2009-09-13,STL,SEA,0.6559132944725647,1,historical
2009,1,2009_01_WAS_NYG,2009-09-13,WAS,NYG,0.6500752160360431,1,historical
2009,1,2009_01_BUF_NE,2009-09-14,BUF,NE,0.7097945989601573,1,historical
2009,1,2009_01_SD_OAK,2009-09-14,SD,OAK,0.42720889897927805,0,historical
2009,2,2009_02_ARI_JAX,2009-09-20,ARI,JAX,0.46116523047538527,0,historical
2009,2,2009_02_BAL_SD,2009-09-20,BAL,SD,0.4915287834555972,0,historical
2009,2,2009_02_CAR_ATL,2009-09-20,CAR,ATL,0.6391869852289228,1,historical
2009,2,2009_02_CIN_GB,2009-09-20,CIN,GB,0.6656547840277672,0,historical
2009,2,2009_02_CLE_DEN,2009-09-20,CLE,DEN,0.6603669889313601,1,historical
2009,2,2009_02_HOU_TEN,2009-09-20,HOU,TEN,0.6926813267118194,0,historical
2009,2,2009_02_MIN_DET,2009-09-20,MIN,DET,0.2751662813652107,0,historical
2009,2,2009_02_NE_NYJ,2009-09-20,NE,NYJ,0.4805122114054056,1,historical
2009,2,2009_02_NO_PHI,2009-09-20,NO,PHI,0.6698248888746181,0,historical
2009,2,2009_02_NYG_DAL,2009-09-20,NYG,DAL,0.529423096963365,0,historical
2009,2,2009_02_OAK_KC,2009-09-20,OAK,KC,0.48162234254741143,0,historical
2009,2,2009_02_PIT_CHI,2009-09-20,PIT,CHI,0.37377624344790367,1,historical
2009,2,2009_02_SEA_SF,2009-09-20,SEA,SF,0.5848331609961532,1,historical
2009,2,2009_02_STL_WAS,2009-09-20,STL,WAS,0.7181922178363893,1,historical
2009,2,2009_02_TB_BUF,2009-09-20,TB,BUF,0.5567085391246717,1,historical
2009,2,2009_02_IND_MIA,2009-09-21,IND,MIA,0.4158430974250733,0,historical
2009,3,2009_03_ATL_NE,2009-09-27,ATL,NE,0.5315861838834138,1,historical
2009,3,2009_03_CHI_SEA,2009-09-27,CHI,SEA,0.47580107525155985,0,historical
2009,3,2009_03_CLE_BAL,2009-09-27,CLE,BAL,0.8349890880807095,1,historical
2009,3,2009_03_DEN_OAK,2009-09-27,DEN,OAK,0.47862325251290194,0,historical
2009,3,2009_03_GB_STL,2009-09-27,GB,STL,0.3627975663835147,0,historical
2009,3,2009_03_IND_ARI,2009-09-27,IND,ARI,0.4695567619446088,0,historical
2009,3,2009_03_JAX_HOU,2009-09-27,JAX,HOU,0.6477034017073208,0,historical
2009,3,2009_03_KC_PHI,2009-09-27,KC,PHI,0.7965768394721779,1,historical
2009,3,2009_03_MIA_SD,2009-09-27,MIA,SD,0.6381148516172309,1,historical
2009,3,2009_03_NO_BUF,2009-09-27,NO,BUF,0.40089139552318986,0,historical
2009,3,2009_03_NYG_TB,2009-09-27,NYG,TB,0.3327798000593187,0,historical
2009,3,2009_03_PIT_CIN,2009-09-27,PIT,CIN,0.3843074453573778,1,historical
2009,3,2009_03_SF_MIN,2009-09-27,SF,MIN,0.628850153059198,1,historical
2009,3,2009_03_TEN_NYJ,2009-09-27,TEN,NYJ,0.5728247757780971,1,historical
2009,3,2009_03_WAS_DET,2009-09-27,WAS,DET,0.34718278572573497,1,historical
2009,3,2009_03_CAR_DAL,2009-09-28,CAR,DAL,0.6472330769072452,1,historical
2009,4,2009_04_BAL_NE,2009-10-04,BAL,NE,0.48227575655152716,1,historical
2009,4,2009_04_BUF_MIA,2009-10-04,BUF,MIA,0.5644656909149618,1,historical
2009,4,2009_04_CIN_CLE,2009-10-04,CIN,CLE,0.3804181219598503,0,historical
2009,4,2009_04_DAL_DEN,2009-10-04,DAL,DEN,0.5245510484352337,1,historical
2009,4,2009_04_DET_CHI,2009-10-04,DET,CHI,0.7688878398485021,1,historical
2009,4,2009_04_NYG_KC,2009-10-04,NYG,KC,0.22049413121833483,0,historical
2009,4,2009_04_NYJ_NO,2009-10-04,NYJ,NO,0.6240018145862276,1,historical
2009,4,2009_04_OAK_HOU,2009-10-04,OAK,HOU,0.609744184849255,1,historical
2009,4,2009_04_SD_PIT,2009-10-04,SD,PIT,0.5837534240987458,1,historical
2009,4,2009_04_SEA_IND,2009-10-04,SEA,IND,0.8095462989714948,1,historical
2009,4,2009_04_STL_SF,2009-10-04,STL,SF,0.7887845183496835,1,historical
2009,4,2009_04_TB_WAS,2009-10-04,TB,WAS,0.6271014898758643,1,historical
2009,4,2009_04_TEN_JAX,2009-10-04,TEN,JAX,0.4651578301300749,1,historical
2009,4,2009_04_GB_MIN,2009-10-05,GB,MIN,0.6619602692840023,1,historical
2009,5,2009_05_ATL_SF,2009-10-11,ATL,SF,0.5394928040291915,0,historical
2009,5,2009_05_CIN_BAL,2009-10-11,CIN,BAL,0.706769246423302,0,historical
2009,5,2009_05_CLE_BUF,2009-10-11,CLE,BUF,0.6307168584703582,0,historical
2009,5,2009_05_DAL_KC,2009-10-11,DAL,KC,0.2869566205175401,0,historical
2009,5,2009_05_HOU_ARI,2009-10-11,HOU,ARI,0.6004876145290486,1,historical
2009,5,2009_05_IND_TEN,2009-10-11,IND,TEN,0.31658048744646267,0,historical
2009,5,2009_05_JAX_SEA,2009-10-11,JAX,SEA,0.4499729450693418,1,historical
2009,5,2009_05_MIN_STL,2009-10-11,MIN,STL,0.18642558099903117,0,historical
2009,5,2009_05_NE_DEN,2009-10-11,NE,DEN,0.4927334513245288,1,historical
2009,5,2009_05_OAK_NYG,2009-10-11,OAK,NYG,0.8307479722100328,1,historical
2009,5,2009_05_PIT_DET,2009-10-11,PIT,DET,0.22793655563057685,0,historical
2009,5,2009_05_TB_PHI,2009-10-11,TB,PHI,0.7850061203894644,1,historical
2009,5,2009_05_WAS_CAR,2009-10-11,WAS,CAR,0.540865706108371,1,historical
2009,5,2009_05_NYJ_MIA,2009-10-12,NYJ,MIA,0.47762860802162127,1,historical
2009,6,2009_06_ARI_SEA,2009-10-18,ARI,SEA,0.4664300599258522,0,historical
2009,6,2009_06_BAL_MIN,2009-10-18,BAL,MIN,0.5963355889197169,1,historical
2009,6,2009_06_BUF_NYJ,2009-10-18,BUF,NYJ,0.7271395914220858,0,historical
2009,6,2009_06_CAR_TB,2009-10-18,CAR,TB,0.42709900272551343,0,historical
2009,6,2009_06_CHI_ATL,2009-10-18,CHI,ATL,0.6115009419307371,1,historical
2009,6,2009_06_CLE_PIT,2009-10-18,CLE,PIT,0.8178960638632877,1,historical
2009,6,2009_06_DET_GB,2009-10-18,DET,GB,0.7575909003800493,1,historical
2009,6,2009_06_HOU_CIN,2009-10-18,HOU,CIN,0.6418421513657615,0,historical
2009,6,2009_06_KC_WAS,2009-10-18,KC,WAS,0.704559293888799,0,historical
2009,6,2009_06_NYG_NO,2009-10-18,NYG,NO,0.5649402266876463,1,historical
2009,6,2009_06_PHI_OAK,2009-10-18,PHI,OAK,0.2667869575766208,1,historical
2009,6,2009_06_STL_JAX,2009-10-18,STL,JAX,0.7512407952205794,1,historical
2009,6,2009_06_TEN_NE,2009-10-18,TEN,NE,0.7396927611649342,1,historical
2009,6,2009_06_DEN_SD,2009-10-19,DEN,SD,0.502912152384954,0,historical
2009,7,2009_07_ARI_NYG,2009-10-25,ARI,NYG,0.6114550366505711,0,historical
2009,7,2009_07_ATL_DAL,2009-10-25,ATL,DAL,0.4660327302045211,1,historical
2009,7,2009_07_BUF_CAR,2009-10-25,BUF,CAR,0.6592044857106799,0,historical
2009,7,2009_07_CHI_CIN,2009-10-25,CHI,CIN,0.4941906798246114,1,historical
2009,7,2009_07_GB_CLE,2009-10-25,GB,CLE,0.3694453362458539,0,historical
2009,7,2009_07_IND_STL,2009-10-25,IND,STL,0.12157876560145124,0,historical
2009,7,2009_07_MIN_PIT,2009-10-25,MIN,PIT,0.5486529172430639,1,historical
2009,7,2009_07_NE_TB,2009-10-25,NE,TB,0.21443928623930095,0,historical
2009,7,2009_07_NO_MIA,2009-10-25,NO,MIA,0.33244649802281595,0,historical
2009,7,2009_07_NYJ_OAK,2009-10-25,NYJ,OAK,0.4063550831259841,0,historical
2009,7,2009_07_SD_KC,2009-10-25,SD,KC,0.3804015646486064,0,historical
2009,7,2009_07_SF_HOU,2009-10-25,SF,HOU,0.5880599415923072,1,historical
2009,7,2009_07_PHI_WAS,2009-10-26,PHI,WAS,0.3482476151590388,0,historical
2009,8,2009_08_CAR_ARI,2009-11-01,CAR,ARI,0.7490251054144192,0,historical
2009,8,2009_08_CLE_CHI,2009-11-01,CLE,CHI,0.7338149007524756,1,historical
2009,8,2009_08_DEN_BAL,2009-11-01,DEN,BAL,0.5231800187590049,1,historical
2009,8,2009_08_HOU_BUF,2009-11-01,HOU,BUF,0.4711438158942762,0,historical
2009,8,2009_08_JAX_TEN,2009-11-01,JAX,TEN,0.5434405697586168,1,historical
2009,8,2009_08_MIA_NYJ,2009-11-01,MIA,NYJ,0.6291774773187953,0,historical
2009,8,2009_08_MIN_GB,2009-11-01,MIN,GB,0.4698269117373609,0,historical
2009,8,2009_08_NYG_PHI,2009-11-01,NYG,PHI,0.5633572404905822,1,historical
2009,8,2009_08_OAK_SD,2009-11-01,OAK,SD,0.7624238355025136,1,historical
2009,8,2009_08_SEA_DAL,2009-11-01,SEA,DAL,0.7422610852407542,1,historical
2009,8,2009_08_SF_IND,2009-11-01,SF,IND,0.8148442128391321,1,historical
2009,8,2009_08_STL_DET,2009-11-01,STL,DET,0.6056582975862643,0,historical
2009,8,2009_08_ATL_NO,2009-11-02,ATL,NO,0.7205785796534184,1,historical
2009,9,2009_09_ARI_CHI,2009-11-08,ARI,CHI,0.4962968318887669,0,historical
2009,9,2009_09_BAL_CIN,2009-11-08,BAL,CIN,0.43564025774933335,1,historical
2009,9,2009_09_CAR_NO,2009-11-08,CAR,NO,0.805368074728733,1,historical
2009,9,2009_09_DAL_PHI,2009-11-08,DAL,PHI,0.5807477839247843,0,historical
2009,9,2009_09_DET_SEA,2009-11-08,DET,SEA,0.7254456123789321,1,historical
2009,9,2009_09_GB_TB,2009-11-08,GB,TB,0.32271757060417483,1,historical
2009,9,2009_09_HOU_IND,2009-11-08,HOU,IND,0.7396502168940511,1,historical
2009,9,2009_09_KC_JAX,2009-11-08,KC,JAX,0.6458991113807705,1,historical
2009,9,2009_09_MIA_NE,2009-11-08,MIA,NE,0.7113682326912835,1,historical
2009,9,2009_09_SD_NYG,2009-11-08,SD,NYG,0.5538731423167292,0,historical
2009,9,2009_09_TEN_SF,2009-11-08,TEN,SF,0.5512969124154309,0,historical
2009,9,2009_09_WAS_ATL,2009-11-08,WAS,ATL,0.762286297714535,1,historical
2009,9,2009_09_PIT_DEN,2009-11-09,PIT,DEN,0.4439635499826803,0,historical
2009,10,2009_10_CHI_SF,2009-11-12,CHI,SF,0.5070612166929646,1,historical
2009,10,2009_10_ATL_CAR,2009-11-15,ATL,CAR,0.4441299338956966,1,historical
2009,10,2009_10_BUF_TEN,2009-11-15,BUF,TEN,0.6553382530020799,1,historical
2009,10,2009_10_CIN_PIT,2009-11-15,CIN,PIT,0.708606460316599,0,historical
2009,10,2009_10_DAL_GB,2009-11-15,DAL,GB,0.3501666013503958,1,historical
2009,10,2009_10_DEN_WAS,2009-11-15,DEN,WAS,0.33832548516822974,1,historical
2009,10,2009_10_DET_MIN,2009-11-15,DET,MIN,0.9074717863253153,1,historical
2009,10,2009_10_JAX_NYJ,2009-11-15,JAX,NYJ,0.6822494474798848,0,historical
2009,10,2009_10_KC_OAK,2009-11-15,KC,OAK,0.5876924742410371,0,historical
2009,10,2009_10_NE_IND,2009-11-15,NE,IND,0.6211799771861671,1,historical
2009,10,2009_10_NO_STL,2009-11-15,NO,STL,0.11070527333718605,0,historical
2009,10,2009_10_PHI_SD,2009-11-15,PHI,SD,0.5081755235824305,1,historical
2009,10,2009_10_SEA_ARI,2009-11-15,SEA,ARI,0.7506208583056375,1,historical
2009,10,2009_10_TB_MIA,2009-11-15,TB,MIA,0.7189925875199183,1,historical
2009,10,2009_10_BAL_CLE,2009-11-16,BAL,CLE,0.2307129334226159,0,historical
2009,11,2009_11_MIA_CAR,2009-11-19,MIA,CAR,0.5683307790883356,0,historical
2009,11,2009_11_ARI_STL,2009-11-22,ARI,STL,0.19525411157657296,0,historical
2009,11,2009_11_ATL_NYG,2009-11-22,ATL,NYG,0.5506480703772964,1,historical
2009,11,2009_11_BUF_JAX,2009-11-22,BUF,JAX,0.6227752880457491,1,historical
2009,11,2009_11_CIN_OAK,2009-11-22,CIN,OAK,0.21608263365275834,1,historical
2009,11,2009_11_CLE_DET,2009-11-22,CLE,DET,0.48510888904639227,1,historical
2009,11,2009_11_IND_BAL,2009-11-22,IND,BAL,0.3990751433645238,0,historical
2009,11,2009_11_NO_TB,2009-11-22,NO,TB,0.14778911920551654,0,historical
2009,11,2009_11_NYJ_NE,2009-11-22,NYJ,NE,0.7478071820456984,1,historical
2009,11,2009_11_PHI_CHI,2009-11-22,PHI,CHI,0.3966669980807978,0,historical
2009,11,2009_11_PIT_KC,2009-11-22,PIT,KC,0.206565039017948,1,historical
2009,11,2009_11_SD_DEN,2009-11-22,SD,DEN,0.43639642146350455,0,historical
2009,11,2009_11_SEA_MIN,2009-11-22,SEA,MIN,0.8133645078670749,1,historical
2009,11,2009_11_SF_GB,2009-11-22,SF,GB,0.6350516030138137,1,historical
2009,11,2009_11_WAS_DAL,2009-11-22,WAS,DAL,0.7601618605332218,1,historical
2009,11,2009_11_TEN_HOU,2009-11-23,TEN,HOU,0.5909552971817112,0,historical
2009,12,2009_12_GB_DET,2009-11-26,GB,DET,0.22989892027722517,0,historical
2009,12,2009_12_NYG_DEN,2009-11-26,NYG,DEN,0.4442703377639332,1,historical
2009,12,2009_12_OAK_DAL,2009-11-26,OAK,DAL,0.8184871380689419,1,historical
2009,12,2009_12_ARI_TEN,2009-11-29,ARI,TEN,0.460686515425618,1,historical
2009,12,2009_12_CAR_NYJ,2009-11-29,CAR,NYJ,0.5439700814037086,1,historical
2009,12,2009_12_CHI_MIN,2009-11-29,CHI,MIN,0.8094975211603888,1,historical
2009,12,2009_12_CLE_CIN,2009-11-29,CLE,CIN,0.8481383368254418,1,historical
2009,12,2009_12_IND_HOU,2009-11-29,IND,HOU,0.29275297963366026,0,historical
2009,12,2009_12_JAX_SF,2009-11-29,JAX,SF,0.5299255225448919,1,historical
2009,12,2009_12_KC_SD,2009-11-29,KC,SD,0.8240239422159511,1,historical
2009,12,2009_12_MIA_BUF,2009-11-29,MIA,BUF,0.33786409560245523,1,historical
2009,12,2009_12_PIT_BAL,2009-11-29,PIT,BAL,0.5062216544898906,1,historical
2009,12,2009_12_SEA_STL,2009-11-29,SEA,STL,0.409381373267591,0,historical
2009,12,2009_12_TB_ATL,2009-11-29,TB,ATL,0.7660546043645534,1,historical
2009,12,2009_12_WAS_PHI,2009-11-29,WAS,PHI,0.7629549918986823,1,historical
2009,12,2009_12_NE_NO,2009-11-30,NE,NO,0.6503130257110724,1,historical
2009,13,2009_13_NYJ_BUF,2009-12-03,NYJ,BUF,0.4474614950480835,0,historical
2009,13,2009_13_DAL_NYG,2009-12-06,DAL,NYG,0.42238848897191245,1,historical
2009,13,2009_13_DEN_KC,2009-12-06,DEN,KC,0.3756406441269725,0,historical
2009,13,2009_13_DET_CIN,2009-12-06,DET,CIN,0.8853234552587751,1,historical
2009,13,2009_13_HOU_JAX,2009-12-06,HOU,JAX,0.43671156687864504,1,historical
2009,13,2009_13_MIN_ARI,2009-12-06,MIN,ARI,0.45339266701996395,1,historical
2009,13,2009_13_NE_MIA,2009-12-06,NE,MIA,0.3529676101680169,1,historical
2009,13,2009_13_NO_WAS,2009-12-06,NO,WAS,0.14508171892957686,0,historical
2009,13,2009_13_OAK_PIT,2009-12-06,OAK,PIT,0.8508136441584279,0,historical
2009,13,2009_13_PHI_ATL,2009-12-06,PHI,ATL,0.49106331435346234,0,historical
2009,13,2009_13_SD_CLE,2009-12-06,SD,CLE,0.16168860234930169,0,historical
2009,13,2009_13_SF_SEA,2009-12-06,SF,SEA,0.49895567001811164,1,historical
2009,13,2009_13_STL_CHI,2009-12-06,STL,CHI,0.7419053868893346,1,historical
2009,13,2009_13_TB_CAR,2009-12-06,TB,CAR,0.6999942428535644,1,historical
2009,13,2009_13_TEN_IND,2009-12-06,TEN,IND,0.7736149172323887,1,historical
2009,13,2009_13_BAL_GB,2009-12-07,BAL,GB,0.4831982048772954,1,historical
2009,14,2009_14_PIT_CLE,2009-12-10,PIT,CLE,0.19567863772289062,1,historical
2009,14,2009_14_BUF_KC,2009-12-13,BUF,KC,0.4589988810211047,0,historical
2009,14,2009_14_CAR_NE,2009-12-13,CAR,NE,0.7449458552854966,1,historical
2009,14,2009_14_CIN_MIN,2009-12-13,CIN,MIN,0.6206357619194008,1,historical
2009,14,2009_14_DEN_IND,2009-12-13,DEN,IND,0.808393556623037,1,historical
2009,14,2009_14_DET_BAL,2009-12-13,DET,BAL,0.879919689695536,1,historical
2009,14,2009_14_GB_CHI,2009-12-13,GB,CHI,0.3620134354918442,0,historical
2009,14,2009_14_MIA_JAX,2009-12-13,MIA,JAX,0.4759685082575542,0,historical
2009,14,2009_14_NO_ATL,2009-12-13,NO,ATL,0.22721418002811983,0,historical
2009,14,2009_14_NYJ_TB,2009-12-13,NYJ,TB,0.3001759695022002,0,historical
2009,14,2009_14_PHI_NYG,2009-12-13,PHI,NYG,0.4210516321471019,0,historical
2009,14,2009_14_SD_DAL,2009-12-13,SD,DAL,0.45722255412073787,0,historical
2009,14,2009_14_SEA_HOU,2009-12-13,SEA,HOU,0.6124224063948701,1,historical
2009,14,2009_14_STL_TEN,2009-12-13,STL,TEN,0.8619323039231334,1,historical
2009,14,2009_14_WAS_OAK,2009-12-13,WAS,OAK,0.516354706575006,0,historical
2009,14,2009_14_ARI_SF,2009-12-14,ARI,SF,0.3205288020493925,1,historical
2009,15,2009_15_IND_JAX,2009-12-17,IND,JAX,0.164963219805737,0,historical
2009,15,2009_15_DAL_NO,2009-12-19,DAL,NO,0.8083630318922145,0,historical
2009,15,2009_15_ARI_DET,2009-12-20,ARI,DET,0.15801375018076613,0,historical
2009,15,2009_15_ATL_NYJ,2009-12-20,ATL,NYJ,0.6368908476038154,0,historical
2009,15,2009_15_CHI_BAL,2009-12-20,CHI,BAL,0.7508379600311661,1,historical
2009,15,2009_15_CIN_SD,2009-12-20,CIN,SD,0.6851747349302771,1,historical
2009,15,2009_15_CLE_KC,2009-12-20,CLE,KC,0.5349344670038436,0,historical
2009,15,2009_15_GB_PIT,2009-12-20,GB,PIT,0.4781548064206394,1,historical
2009,15,2009_15_HOU_STL,2009-12-20,HOU,STL,0.2224826101330028,0,historical
2009,15,2009_15_MIA_TEN,2009-12-20,MIA,TEN,0.6024737570184224,1,historical
2009,15,2009_15_MIN_CAR,2009-12-20,MIN,CAR,0.30437726939676474,1,historical
2009,15,2009_15_NE_BUF,2009-12-20,NE,BUF,0.27548037163761174,0,historical
2009,15,2009_15_OAK_DEN,2009-12-20,OAK,DEN,0.7771846527514523,0,historical
2009,15,2009_15_SF_PHI,2009-12-20,SF,PHI,0.7429131597843504,1,historical
2009,15,2009_15_TB_SEA,2009-12-20,TB,SEA,0.682883486648344,0,historical
2009,15,2009_15_NYG_WAS,2009-12-21,NYG,WAS,0.4721229005381171,0,historical
2009,16,2009_16_SD_TEN,2009-12-25,SD,TEN,0.41632920267368567,0,historical
2009,16,2009_16_BAL_PIT,2009-12-27,BAL,PIT,0.49555786784015055,1,historical
2009,16,2009_16_BUF_ATL,2009-12-27,BUF,ATL,0.6843267856577384,1,historical
2009,16,2009_16_CAR_NYG,2009-12-27,CAR,NYG,0.5937186856060058,0,historical
2009,16,2009_16_DAL_WAS,2009-12-27,DAL,WAS,0.30283004711478695,0,historical
2009,16,2009_16_DEN_PHI,2009-12-27,DEN,PHI,0.7514420465657955,1,historical
2009,16,2009_16_DET_SF,2009-12-27,DET,SF,0.8389255452484007,1,historical
2009,16,2009_16_HOU_MIA,2009-12-27,HOU,MIA,0.555097954765433,0,historical
2009,16,2009_16_JAX_NE,2009-12-27,JAX,NE,0.8248836402340239,1,historical
2009,16,2009_16_KC_CIN,2009-12-27,KC,CIN,0.8397193692608496,1,historical
2009,16,2009_16_NYJ_IND,2009-12-27,NYJ,IND,0.8243745311785161,0,historical
2009,16,2009_16_OAK_CLE,2009-12-27,OAK,CLE,0.5675061300716499,1,historical
2009,16,2009_16_SEA_GB,2009-12-27,SEA,GB,0.8142020198103317,1,historical
2009,16,2009_16_STL_ARI,2009-12-27,STL,ARI,0.8952718047515936,1,historical
2009,16,2009_16_TB_NO,2009-12-27,TB,NO,0.9008549008229256,0,historical
2009,16,2009_16_MIN_CHI,2009-12-28,MIN,CHI,0.28591255591548487,1,historical
2009,17,2009_17_ATL_TB,2010-01-03,ATL,TB,0.3576003400160188,0,historical
2009,17,2009_17_BAL_OAK,2010-01-03,BAL,OAK,0.24111479529798083,0,historical
2009,17,2009_17_CHI_DET,2010-01-03,CHI,DET,0.2908936667176182,0,historical
2009,17,2009_17_CIN_NYJ,2010-01-03,CIN,NYJ,0.6106509717094158,1,historical
2009,17,2009_17_GB_ARI,2010-01-03,GB,ARI,0.54663652978183,0,historical
2009,17,2009_17_IND_BUF,2010-01-03,IND,BUF,0.18262734490776775,1,historical
2009,17,2009_17_JAX_CLE,2010-01-03,JAX,CLE,0.5291041218944096,1,historical
2009,17,2009_17_KC_DEN,2010-01-03,KC,DEN,0.8082950773652181,0,historical
2009,17,2009_17_NE_HOU,2010-01-03,NE,HOU,0.38869549687483584,1,historical
2009,17,2009_17_NO_CAR,2010-01-03,NO,CAR,0.3913006460011765,1,historical
2009,17,2009_17_NYG_MIN,2010-01-03,NYG,MIN,0.6657323737607692,1,historical
2009,17,2009_17_PHI_DAL,2010-01-03,PHI,DAL,0.48173223064177473,1,historical
2009,17,2009_17_PIT_MIA,2010-01-03,PIT,MIA,0.4572764278238662,0,historical
2009,17,2009_17_SF_STL,2010-01-03,SF,STL,0.2291500303082878,0,historical
2009,17,2009_17_TEN_SEA,2010-01-03,TEN,SEA,0.31102355185117225,0,historical
2009,17,2009_17_WAS_SD,2010-01-03,WAS,SD,0.8761392939604536,1,historical
2009,18,2009_18_NYJ_CIN,2010-01-09,NYJ,CIN,0.4103302938640676,0,historical
2009,18,2009_18_PHI_DAL,2010-01-09,PHI,DAL,0.594979369669791,1,historical
2009,18,2009_18_BAL_NE,2010-01-10,BAL,NE,0.6313724679513828,0,historical
2009,18,2009_18_GB_ARI,2010-01-10,GB,ARI,0.4226966374766528,1,historical
2009,19,2009_19_ARI_NO,2010-01-16,ARI,NO,0.6770223938290019,1,historical
2009,19,2009_19_BAL_IND,2010-01-16,BAL,IND,0.555979833177297,1,historical
2009,19,2009_19_DAL_MIN,2010-01-17,DAL,MIN,0.4447796435126941,1,historical
2009,19,2009_19_NYJ_SD,2010-01-17,NYJ,SD,0.6255825239505569,0,historical
2009,20,2009_20_MIN_NO,2010-01-24,MIN,NO,0.591736734311648,1,historical
2009,20,2009_20_NYJ_IND,2010-01-24,NYJ,IND,0.5454997287400148,1,historical
2009,21,2009_21_NO_IND,2010-02-07,NO,IND,0.5659043742456563,0,historical
2010,1,2010_01_MIN_NO,2010-09-09,MIN,NO,0.6222383570720881,1,historical
2010,1,2010_01_ARI_STL,2010-09-12,ARI,STL,0.27052492013836543,0,historical
2010,1,2010_01_ATL_PIT,2010-09-12,ATL,PIT,0.5891246373923414,1,historical
2010,1,2010_01_CAR_NYG,2010-09-12,CAR,NYG,0.4282008024097522,1,historical
2010,1,2010_01_CIN_NE,2010-09-12,CIN,NE,0.6503948119648122,1,historical
2010,1,2010_01_CLE_TB,2010-09-12,CLE,TB,0.5283915856987179,1,historical
2010,1,2010_01_DAL_WAS,2010-09-12,DAL,WAS,0.32873116452203094,1,historical
2010,1,2010_01_DEN_JAX,2010-09-12,DEN,JAX,0.5182639960815992,1,historical
2010,1,2010_01_DET_CHI,2010-09-12,DET,CHI,0.7593651544247771,1,historical
2010,1,2010_01_GB_PHI,2010-09-12,GB,PHI,0.541564794543956,0,historical
2010,1,2010_01_IND_HOU,2010-09-12,IND,HOU,0.4816502091030348,1,historical
2010,1,2010_01_MIA_BUF,2010-09-12,MIA,BUF,0.5509741666536803,0,historical
2010,1,2010_01_OAK_TEN,2010-09-12,OAK,TEN,0.7517748169991612,1,historical
2010,1,2010_01_SF_SEA,2010-09-12,SF,SEA,0.40190329599204067,1,historical
2010,1,2010_01_BAL_NYJ,2010-09-13,BAL,NYJ,0.5856034227954618,0,historical
2010,1,2010_01_SD_KC,2010-09-13,SD,KC,0.2667265351113407,1,historical
2010,2,2010_02_ARI_ATL,2010-09-19,ARI,ATL,0.5551642793976742,1,historical
2010,2,2010_02_BAL_CIN,2010-09-19,BAL,CIN,0.40854482740715453,1,historical
2010,2,2010_02_BUF_GB,2010-09-19,BUF,GB,0.7506454317997081,1,historical
2010,2,2010_02_CHI_DAL,2010-09-19,CHI,DAL,0.6754108434880826,0,historical
2010,2,2010_02_HOU_WAS,2010-09-19,HOU,WAS,0.38329168287974413,0,historical
2010,2,2010_02_JAX_SD,2010-09-19,JAX,SD,0.7191157848478574,1,historical
2010,2,2010_02_KC_CLE,2010-09-19,KC,CLE,0.5392710371195002,0,historical
2010,2,2010_02_MIA_MIN,2010-09-19,MIA,MIN,0.6583148642298009,0,historical
2010,2,2010_02_NE_NYJ,2010-09-19,NE,NYJ,0.5495411505575548,1,historical
2010,2,2010_02_NYG_IND,2010-09-19,NYG,IND,0.63318569605909,1,historical
2010,2,2010_02_PHI_DET,2010-09-19,PHI,DET,0.2306255732835291,0,historical
2010,2,2010_02_PIT_TEN,2010-09-19,PIT,TEN,0.5290047236818876,0,historical
2010,2,2010_02_SEA_DEN,2010-09-19,SEA,DEN,0.5477248667742699,1,historical
2010,2,2010_02_STL_OAK,2010-09-19,STL,OAK,0.6392976315830022,1,historical
2010,2,2010_02_TB_CAR,2010-09-19,TB,CAR,0.6943515320903589,0,historical
2010,2,2010_02_NO_SF,2010-09-20,NO,SF,0.2814350588847367,0,historical
2010,3,2010_03_ATL_NO,2010-09-26,ATL,NO,0.6880117735960507,0,historical
2010,3,2010_03_BUF_NE,2010-09-26,BUF,NE,0.7169053689214455,1,historical
2010,3,2010_03_CIN_CAR,2010-09-26,CIN,CAR,0.5437545112254657,0,historical
2010,3,2010_03_CLE_BAL,2010-09-26,CLE,BAL,0.7418037935123531,1,historical
2010,3,2010_03_DAL_HOU,2010-09-26,DAL,HOU,0.6437342242093304,0,historical
2010,3,2010_03_DET_MIN,2010-09-26,DET,MIN,0.8552523406114759,1,historical
2010,3,2010_03_IND_DEN,2010-09-26,IND,DEN,0.3620495840549297,0,historical
2010,3,2010_03_NYJ_MIA,2010-09-26,NYJ,MIA,0.44753138071825715,0,historical
2010,3,2010_03_OAK_ARI,2010-09-26,OAK,ARI,0.7227720357975657,1,historical
2010,3,2010_03_PHI_JAX,2010-09-26,PHI,JAX,0.39287462777415727,0,historical
2010,3,2010_03_PIT_TB,2010-09-26,PIT,TB,0.39393693060042767,0,historical
2010,3,2010_03_SD_SEA,2010-09-26,SD,SEA,0.3011168596354967,1,historical
2010,3,2010_03_SF_KC,2010-09-26,SF,KC,0.5660659362572618,1,historical
2010,3,2010_03_TEN_NYG,2010-09-26,TEN,NYG,0.5177039882710132,0,historical
2010,3,2010_03_WAS_STL,2010-09-26,WAS,STL,0.3325102793717577,1,historical
2010,3,2010_03_GB_CHI,2010-09-27,GB,CHI,0.38867305829353643,1,historical
2010,4,2010_04_ARI_SD,2010-10-03,ARI,SD,0.6376549313821955,1,historical
2010,4,2010_04_BAL_PIT,2010-10-03,BAL,PIT,0.6390895845317511,0,historical
2010,4,2010_04_CAR_NO,2010-10-03,CAR,NO,0.7924070424485575,1,historical
2010,4,2010_04_CHI_NYG,2010-10-03,CHI,NYG,0.45877379054449813,1,historical
2010,4,2010_04_CIN_CLE,2010-10-03,CIN,CLE,0.36510053418974486,1,historical
2010,4,2010_04_DEN_TEN,2010-10-03,DEN,TEN,0.7114453021668412,0,historical
2010,4,2010_04_DET_GB,2010-10-03,DET,GB,0.8916581226393425,1,historical
2010,4,2010_04_HOU_OAK,2010-10-03,HOU,OAK,0.31360483243538767,0,historical
2010,4,2010_04_IND_JAX,2010-10-03,IND,JAX,0.2615985222134818,1,historical
2010,4,2010_04_NYJ_BUF,2010-10-03,NYJ,BUF,0.27471032269675083,0,historical
2010,4,2010_04_SEA_STL,2010-10-03,SEA,STL,0.4033844788521923,1,historical
2010,4,2010_04_SF_ATL,2010-10-03,SF,ATL,0.7686216201280905,1,historical
2010,4,2010_04_WAS_PHI,2010-10-03,WAS,PHI,0.7678697337239103,0,historical
2010,4,2010_04_NE_MIA,2010-10-04,NE,MIA,0.46841553492944454,0,historical
2010,5,2010_05_ATL_CLE,2010-10-10,ATL,CLE,0.323902143667542,0,historical
2010,5,2010_05_CHI_CAR,2010-10-10,CHI,CAR,0.5029727873486886,0,historical
2010,5,2010_05_DEN_BAL,2010-10-10,DEN,BAL,0.7054438400273386,1,historical
2010,5,2010_05_GB_WAS,2010-10-10,GB,WAS,0.3331106498965057,1,historical
2010,5,2010_05_JAX_BUF,2010-10-10,JAX,BUF,0.520116564115136,0,historical
2010,5,2010_05_KC_IND,2010-10-10,KC,IND,0.7089633252601747,1,historical
2010,5,2010_05_NO_ARI,2010-10-10,NO,ARI,0.30567638815719433,1,historical
2010,5,2010_05_NYG_HOU,2010-10-10,NYG,HOU,0.6463677568253344,0,historical
2010,5,2010_05_PHI_SF,2010-10-10,PHI,SF,0.3706894823476934,0,historical
2010,5,2010_05_SD_OAK,2010-10-10,SD,OAK,0.24482210761526133,1,historical
2010,5,2010_05_STL_DET,2010-10-10,STL,DET,0.40721254995950806,1,historical
2010,5,2010_05_TB_CIN,2010-10-10,TB,CIN,0.6423916471760516,0,historical
2010,5,2010_05_TEN_DAL,2010-10-10,TEN,DAL,0.6163818746071077,0,historical
2010,5,2010_05_MIN_NYJ,2010-10-11,MIN,NYJ,0.6776288539950419,1,historical
2010,6,2010_06_ATL_PHI,2010-10-17,ATL,PHI,0.4810584530559963,1,historical
2010,6,2010_06_BAL_NE,2010-10-17,BAL,NE,0.5606114494841645,1,historical
2010,6,2010_06_CLE_PIT,2010-10-17,CLE,PIT,0.7989755553656784,1,historical
2010,6,2010_06_DAL_MIN,2010-10-17,DAL,MIN,0.5731333296249639,1,historical
2010,6,2010_06_DET_NYG,2010-10-17,DET,NYG,0.8136523829388262,1,historical
2010,6,2010_06_IND_WAS,2010-10-17,IND,WAS,0.3422630386031739,0,historical
2010,6,2010_06_KC_HOU,2010-10-17,KC,HOU,0.6102277988415894,1,historical
2010,6,2010_06_MIA_GB,2010-10-17,MIA,GB,0.7128848221503308,0,historical
2010,6,2010_06_NO_TB,2010-10-17,NO,TB,0.3608086225187925,0,historical
2010,6,2010_06_NYJ_DEN,2010-10-17,NYJ,DEN,0.27480287498588757,0,historical
2010,6,2010_06_OAK_SF,2010-10-17,OAK,SF,0.5621467967292249,1,historical
2010,6,2010_06_SD_STL,2010-10-17,SD,STL,0.2648026305618175,1,historical
2010,6,2010_06_SEA_CHI,2010-10-17,SEA,CHI,0.7161621903457175,0,historical
2010,6,2010_06_TEN_JAX,2010-10-18,TEN,JAX,0.42125278260995663,0,historical
2010,7,2010_07_ARI_SEA,2010-10-24,ARI,SEA,0.435334665057899,1,historical
2010,7,2010_07_BUF_BAL,2010-10-24,BUF,BAL,0.8215774413793691,1,historical
2010,7,2010_07_CIN_ATL,2010-10-24,CIN,ATL,0.667288851926257,1,historical
2010,7,2010_07_CLE_NO,2010-10-24,CLE,NO,0.8403969621828836,0,historical
2010,7,2010_07_JAX_KC,2010-10-24,JAX,KC,0.5943943690913567,1,historical
2010,7,2010_07_MIN_GB,2010-10-24,MIN,GB,0.5800696225562929,1,historical
2010,7,2010_07_NE_SD,2010-10-24,NE,SD,0.42130092606261077,0,historical
2010,7,2010_07_OAK_DEN,2010-10-24,OAK,DEN,0.6618474785878312,0,historical
2010,7,2010_07_PHI_TEN,2010-10-24,PHI,TEN,0.557530776908786,1,historical
2010,7,2010_07_PIT_MIA,2010-10-24,PIT,MIA,0.37776164594326433,0,historical
2010,7,2010_07_SF_CAR,2010-10-24,SF,CAR,0.5554827434887583,1,historical
2010,7,2010_07_STL_TB,2010-10-24,STL,TB,0.6844040749998849,1,historical
2010,7,2010_07_WAS_CHI,2010-10-24,WAS,CHI,0.628277614991762,0,historical
2010,7,2010_07_NYG_DAL,2010-10-25,NYG,DAL,0.5125281089801546,0,historical
2010,8,2010_08_BUF_KC,2010-10-31,BUF,KC,0.698670776693743,1,historical
2010,8,2010_08_CAR_STL,2010-10-31,CAR,STL,0.4362639898587583,1,historical
2010,8,2010_08_DEN_SF,2010-10-31,DEN,SF,0.5850132341606756,1,historical
2010,8,2010_08_GB_NYJ,2010-10-31,GB,NYJ,0.6743457078896746,0,historical
2010,8,2010_08_JAX_DAL,2010-10-31,JAX,DAL,0.6901074749839322,0,historical
2010,8,2010_08_MIA_CIN,2010-10-31,MIA,CIN,0.5476091945823908,0,historical
2010,8,2010_08_MIN_NE,2010-10-31,MIN,NE,0.6709886992891115,1,historical
2010,8,2010_08_PIT_NO,2010-10-31,PIT,NO,0.49706228479182857,1,historical
2010,8,2010_08_SEA_OAK,2010-10-31,SEA,OAK,0.5159083805650134,1,historical
2010,8,2010_08_TB_ARI,2010-10-31,TB,ARI,0.5956050625250602,0,historical
2010,8,2010_08_TEN_SD,2010-10-31,TEN,SD,0.3990369383829976,1,historical
2010,8,2010_08_WAS_DET,2010-10-31,WAS,DET,0.34479395936269874,1,historical
2010,8,2010_08_HOU_IND,2010-11-01,HOU,IND,0.6958636722140232,1,historical
2010,9,2010_09_ARI_MIN,2010-11-07,ARI,MIN,0.6479127511482016,1,historical
2010,9,2010_09_CHI_BUF,2010-11-07,CHI,BUF,0.4089832821464385,0,historical
2010,9,2010_09_DAL_GB,2010-11-07,DAL,GB,0.7831164104448626,1,historical
2010,9,2010_09_IND_PHI,2010-11-07,IND,PHI,0.43574716500055594,1,historical
2010,9,2010_09_KC_OAK,2010-11-07,KC,OAK,0.5433297072580539,1,historical
2010,9,2010_09_MIA_BAL,2010-11-07,MIA,BAL,0.6726252413647328,1,historical
2010,9,2010_09_NE_CLE,2010-11-07,NE,CLE,0.2925263831892028,1,historical
2010,9,2010_09_NO_CAR,2010-11-07,NO,CAR,0.2757650970547161,0,historical
2010,9,2010_09_NYG_SEA,2010-11-07,NYG,SEA,0.3467737578889743,0,historical
2010,9,2010_09_NYJ_DET,2010-11-07,NYJ,DET,0.20250306986561628,0,historical
2010,9,2010_09_SD_HOU,2010-11-07,SD,HOU,0.5066289562190248,0,historical
2010,9,2010_09_TB_ATL,2010-11-07,TB,ATL,0.7102794628571064,1,historical
2010,9,2010_09_PIT_CIN,2010-11-08,PIT,CIN,0.3524340730273486,0,historical
2010,10,2010_10_BAL_ATL,2010-11-11,BAL,ATL,0.5328496744974881,1,historical
2010,10,2010_10_CAR_TB,2010-11-14,CAR,TB,0.6667743296112725,1,historical
2010,10,2010_10_CIN_IND,2010-11-14,CIN,IND,0.7932193989728943,1,historical
2010,10,2010_10_DAL_NYG,2010-11-14,DAL,NYG,0.7738803169397765,0,historical
2010,10,2010_10_DET_BUF,2010-11-14,DET,BUF,0.5575788485319209,1,historical
2010,10,2010_10_HOU_JAX,2010-11-14,HOU,JAX,0.5145501236617481,1,historical
2010,10,2010_10_KC_DEN,2010-11-14,KC,DEN,0.39754790456676986,1,historical
2010,10,2010_10_MIN_CHI,2010-11-14,MIN,CHI,0.5035912889702008,1,historical
2010,10,2010_10_NE_PIT,2010-11-14,NE,PIT,0.5837140708847626,0,historical
2010,10,2010_10_NYJ_CLE,2010-11-14,NYJ,CLE,0.3717292509509237,0,historical
2010,10,2010_10_SEA_ARI,2010-11-14,SEA,ARI,0.6387227883573849,0,historical
2010,10,2010_10_STL_SF,2010-11-14,STL,SF,0.6215807439161992,1,historical
2010,10,2010_10_TEN_MIA,2010-11-14,TEN,MIA,0.4246342086658882,1,historical
2010,10,2010_10_PHI_WAS,2010-11-15,PHI,WAS,0.3565732450947254,0,historical
2010,11,2010_11_CHI_MIA,2010-11-18,CHI,MIA,0.5630910470936809,0,historical
2010,11,2010_11_ARI_KC,2010-11-21,ARI,KC,0.5885552618662988,1,historical
2010,11,2010_11_ATL_STL,2010-11-21,ATL,STL,0.23673254138404182,0,historical
2010,11,2010_11_BAL_CAR,2010-11-21,BAL,CAR,0.24103891254657503,0,historical
2010,11,2010_11_BUF_CIN,2010-11-21,BUF,CIN,0.6283742946303328,0,historical
2010,11,2010_11_CLE_JAX,2010-11-21,CLE,JAX,0.5174368478164636,1,historical
2010,11,2010_11_DET_DAL,2010-11-21,DET,DAL,0.72906744760031,1,historical
2010,11,2010_11_GB_MIN,2010-11-21,GB,MIN,0.3486525655547093,0,historical
2010,11,2010_11_HOU_NYJ,2010-11-21,HOU,NYJ,0.7869833691040176,1,historical
2010,11,2010_11_IND_NE,2010-11-21,IND,NE,0.5469885991774721,1,historical
2010,11,2010_11_NYG_PHI,2010-11-21,NYG,PHI,0.625341351062716,1,historical
2010,11,2010_11_OAK_PIT,2010-11-21,OAK,PIT,0.6803989643627412,1,historical
2010,11,2010_11_SEA_NO,2010-11-21,SEA,NO,0.7852519810694142,1,historical
2010,11,2010_11_TB_SF,2010-11-21,TB,SF,0.48600290868263074,0,historical
2010,11,2010_11_WAS_TEN,2010-11-21,WAS,TEN,0.7470220052921318,0,historical
2010,11,2010_11_DEN_SD,2010-11-22,DEN,SD,0.7501600241425268,1,historical
2010,12,2010_12_CIN_NYJ,2010-11-25,CIN,NYJ,0.8559900624464402,1,historical
2010,12,2010_12_NE_DET,2010-11-25,NE,DET,0.17574748174572288,0,historical
2010,12,2010_12_NO_DAL,2010-11-25,NO,DAL,0.35607376911775807,0,historical
2010,12,2010_12_CAR_CLE,2010-11-28,CAR,CLE,0.7377493221747958,1,historical
2010,12,2010_12_GB_ATL,2010-11-28,GB,ATL,0.503738493021302,1,historical
2010,12,2010_12_JAX_NYG,2010-11-28,JAX,NYG,0.6116747868683874,1,historical
2010,12,2010_12_KC_SEA,2010-11-28,KC,SEA,0.5157480326933508,0,historical
2010,12,2010_12_MIA_OAK,2010-11-28,MIA,OAK,0.5100943789814505,0,historical
2010,12,2010_12_MIN_WAS,2010-11-28,MIN,WAS,0.48165676768158583,0,historical
2010,12,2010_12_PHI_CHI,2010-11-28,PHI,CHI,0.47443105350646714,1,historical
2010,12,2010_12_PIT_BUF,2010-11-28,PIT,BUF,0.3106380740048335,0,historical
2010,12,2010_12_SD_IND,2010-11-28,SD,IND,0.617285332670413,0,historical
2010,12,2010_12_STL_DEN,2010-11-28,STL,DEN,0.6003495109450363,0,historical
2010,12,2010_12_TB_BAL,2010-11-28,TB,BAL,0.6902750598429094,1,historical
2010,12,2010_12_TEN_HOU,2010-11-28,TEN,HOU,0.4393715542836415,1,historical
2010,12,2010_12_SF_ARI,2010-11-29,SF,ARI,0.538556905464772,0,historical
2010,13,2010_13_HOU_PHI,2010-12-02,HOU,PHI,0.6998080183301578,1,historical
2010,13,2010_13_ATL_TB,2010-12-05,ATL,TB,0.34765752920175147,0,historical
2010,13,2010_13_BUF_MIN,2010-12-05,BUF,MIN,0.6570791287413303,1,historical
2010,13,2010_13_CAR_SEA,2010-12-05,CAR,SEA,0.6359457524557356,1,historical
2010,13,2010_13_CHI_DET,2010-12-05,CHI,DET,0.2185556717450125,0,historical
2010,13,2010_13_CLE_MIA,2010-12-05,CLE,MIA,0.6087568729424099,0,historical
2010,13,2010_13_DAL_IND,2010-12-05,DAL,IND,0.6726659990245469,0,historical
2010,13,2010_13_DEN_KC,2010-12-05,DEN,KC,0.7193710451106966,1,historical
2010,13,2010_13_JAX_TEN,2010-12-05,JAX,TEN,0.5769967133881517,0,historical
2010,13,2010_13_NO_CIN,2010-12-05,NO,CIN,0.19842932138793712,0,historical
2010,13,2010_13_OAK_SD,2010-12-05,OAK,SD,0.8015851275394973,0,historical
2010,13,2010_13_PIT_BAL,2010-12-05,PIT,BAL,0.6005636091399484,0,historical
2010,13,2010_13_SF_GB,2010-12-05,SF,GB,0.8176260767178156,1,historical
2010,13,2010_13_STL_ARI,2010-12-05,STL,ARI,0.50135039455971,0,historical
2010,13,2010_13_WAS_NYG,2010-12-05,WAS,NYG,0.7417505647889913,1,historical
2010,13,2010_13_NYJ_NE,2010-12-06,NYJ,NE,0.5524263101347106,1,historical
2010,14,2010_14_IND_TEN,2010-12-09,IND,TEN,0.4108723464249619,0,historical
2010,14,2010_14_ATL_CAR,2010-12-12,ATL,CAR,0.1446933897959828,0,historical
2010,14,2010_14_CIN_PIT,2010-12-12,CIN,PIT,0.8453450333709748,1,historical
2010,14,2010_14_CLE_BUF,2010-12-12,CLE,BUF,0.3937717670001327,1,historical
2010,14,2010_14_DEN_ARI,2010-12-12,DEN,ARI,0.4847765275765359,1,historical
2010,14,2010_14_GB_DET,2010-12-12,GB,DET,0.14180403611918513,1,historical
2010,14,2010_14_KC_SD,2010-12-12,KC,SD,0.6397075849193673,1,historical
2010,14,2010_14_MIA_NYJ,2010-12-12,MIA,NYJ,0.7100332324316281,0,historical
2010,14,2010_14_NE_CHI,2010-12-12,NE,CHI,0.4127712121888562,0,historical
2010,14,2010_14_OAK_JAX,2010-12-12,OAK,JAX,0.5999551156908445,1,historical
2010,14,2010_14_PHI_DAL,2010-12-12,PHI,DAL,0.4004534199231345,0,historical
2010,14,2010_14_SEA_SF,2010-12-12,SEA,SF,0.5646273900095307,1,historical
2010,14,2010_14_STL_NO,2010-12-12,STL,NO,0.838630767713274,1,historical
2010,14,2010_14_TB_WAS,2010-12-12,TB,WAS,0.4049689962213539,0,historical
2010,14,2010_14_BAL_HOU,2010-12-13,BAL,HOU,0.36617521202555564,0,historical
2010,14,2010_14_NYG_MIN,2010-12-13,NYG,MIN,0.48890160170587277,0,historical
2010,15,2010_15_SF_SD,2010-12-16,SF,SD,0.7375877091119929,1,historical
2010,15,2010_15_ARI_CAR,2010-12-19,ARI,CAR,0.4881402807076592,1,historical
2010,15,2010_15_ATL_SEA,2010-12-19,ATL,SEA,0.19740338460129497,0,historical
2010,15,2010_15_BUF_MIA,2010-12-19,BUF,MIA,0.7020957073260671,0,historical
2010,15,2010_15_CLE_CIN,2010-12-19,CLE,CIN,0.3849249901535491,1,historical
2010,15,2010_15_DEN_OAK,2010-12-19,DEN,OAK,0.7387152242279507,1,historical
2010,15,2010_15_DET_TB,2010-12-19,DET,TB,0.7415454641783078,0,historical
2010,15,2010_15_GB_NE,2010-12-19,GB,NE,0.6846719259365441,1,historical
2010,15,2010_15_HOU_TEN,2010-12-19,HOU,TEN,0.5240707713280285,1,historical
2010,15,2010_15_JAX_IND,2010-12-19,JAX,IND,0.6116331707941046,1,historical
2010,15,2010_15_KC_STL,2010-12-19,KC,STL,0.45056464468399293,0,historical
2010,15,2010_15_NO_BAL,2010-12-19,NO,BAL,0.47799043008143444,1,historical
2010,15,2010_15_NYJ_PIT,2010-12-19,NYJ,PIT,0.6113680735382461,0,historical
2010,15,2010_15_PHI_NYG,2010-12-19,PHI,NYG,0.5137247370622959,0,historical
2010,15,2010_15_WAS_DAL,2010-12-19,WAS,DAL,0.708026366847441,1,historical
2010,15,2010_15_CHI_MIN,2010-12-20,CHI,MIN,0.4454033440640068,0,historical
2010,16,2010_16_CAR_PIT,2010-12-23,CAR,PIT,0.8565079175849382,1,historical
2010,16,2010_16_DAL_ARI,2010-12-25,DAL,ARI,0.32133365578735734,1,historical
2010,16,2010_16_BAL_CLE,2010-12-26,BAL,CLE,0.3103080891214433,0,historical
2010,16,2010_16_DET_MIA,2010-12-26,DET,MIA,0.7345364994835353,0,historical
2010,16,2010_16_HOU_DEN,2010-12-26,HOU,DEN,0.3682235923891054,1,historical
2010,16,2010_16_IND_OAK,2010-12-26,IND,OAK,0.39757076075651104,0,historical
2010,16,2010_16_NE_BUF,2010-12-26,NE,BUF,0.19281843267345053,0,historical
2010,16,2010_16_NYG_GB,2010-12-26,NYG,GB,0.6251703906110984,1,historical
2010,16,2010_16_NYJ_CHI,2010-12-26,NYJ,CHI,0.5245654047988974,1,historical
2010,16,2010_16_SD_CIN,2010-12-26,SD,CIN,0.23844182929876362,1,historical
2010,16,2010_16_SEA_TB,2010-12-26,SEA,TB,0.6922888464868824,1,historical
2010,16,2010_16_SF_STL,2010-12-26,SF,STL,0.4712868273376011,1,historical
2010,16,2010_16_TEN_KC,2010-12-26,TEN,KC,0.6002919473907153,1,historical
2010,16,2010_16_WAS_JAX,2010-12-26,WAS,JAX,0.7399350472243902,0,historical
2010,16,2010_16_NO_ATL,2010-12-27,NO,ATL,0.611816419832825,0,historical
2010,16,2010_16_MIN_PHI,2010-12-28,MIN,PHI,0.8023587184692609,0,historical
2010,17,2010_17_ARI_SF,2011-01-02,ARI,SF,0.6495534708150897,1,historical
2010,17,2010_17_BUF_NYJ,2011-01-02,BUF,NYJ,0.7651595887926899,1,historical
2010,17,2010_17_CAR_ATL,2011-01-02,CAR,ATL,0.90050461532761,1,historical
2010,17,2010_17_CHI_GB,2011-01-02,CHI,GB,0.6079854630958198,1,historical
2010,17,2010_17_CIN_BAL,2011-01-02,CIN,BAL,0.8258125129890153,1,historical
2010,17,2010_17_DAL_PHI,2011-01-02,DAL,PHI,0.7065290068286204,0,historical
2010,17,2010_17_JAX_HOU,2011-01-02,JAX,HOU,0.46647589322254013,1,historical
2010,17,2010_17_MIA_NE,2011-01-02,MIA,NE,0.8644849103904569,1,historical
2010,17,2010_17_MIN_DET,2011-01-02,MIN,DET,0.4301562617052204,1,historical
2010,17,2010_17_NYG_WAS,2011-01-02,NYG,WAS,0.3381985542661288,0,historical
2010,17,2010_17_OAK_KC,2011-01-02,OAK,KC,0.6563811574730255,0,historical
2010,17,2010_17_PIT_CLE,2011-01-02,PIT,CLE,0.32429630849705143,0,historical
2010,17,2010_17_SD_DEN,2011-01-02,SD,DEN,0.23630689750499356,0,historical
2010,17,2010_17_STL_SEA,2011-01-02,STL,SEA,0.4897321347363584,1,historical
2010,17,2010_17_TB_NO,2011-01-02,TB,NO,0.7664946995013204,0,historical
2010,17,2010_17_TEN_IND,2011-01-02,TEN,IND,0.7578068453797756,1,historical
2010,18,2010_18_NO_SEA,2011-01-08,NO,SEA,0.24655139803105808,1,historical
2010,18,2010_18_NYJ_IND,2011-01-08,NYJ,IND,0.5542459988645038,0,historical
2010,18,2010_18_BAL_KC,2011-01-09,BAL,KC,0.31107794603838435,0,historical
2010,18,2010_18_GB_PHI,2011-01-09,GB,PHI,0.4453205168386915,0,historical
2010,19,2010_19_BAL_PIT,2011-01-15,BAL,PIT,0.4887085431096924,1,historical
2010,19,2010_19_GB_ATL,2011-01-15,GB,ATL,0.5377294846290299,0,historical
2010,19,2010_19_NYJ_NE,2011-01-16,NYJ,NE,0.7321591946722932,0,historical
2010,19,2010_19_SEA_CHI,2011-01-16,SEA,CHI,0.7730226053030096,1,historical
2010,20,2010_20_GB_CHI,2011-01-23,GB,CHI,0.38393921724833785,0,historical
2010,20,2010_20_NYJ_PIT,2011-01-23,NYJ,PIT,0.5536486601855402,1,historical
2010,21,2010_21_PIT_GB,2011-02-06,PIT,GB,0.6468781339836671,1,historical
2011,1,2011_01_NO_GB,2011-09-08,NO,GB,0.680868411241448,1,historical
2011,1,2011_01_ATL_CHI,2011-09-11,ATL,CHI,0.516599735086754,1,historical
2011,1,2011_01_BUF_KC,2011-09-11,BUF,KC,0.6020581545863908,0,historical
2011,1,2011_01_CAR_ARI,2011-09-11,CAR,ARI,0.5622354369402509,1,historical
2011,1,2011_01_CIN_CLE,2011-09-11,CIN,CLE,0.5558477830776553,0,historical
2011,1,2011_01_DAL_NYJ,2011-09-11,DAL,NYJ,0.6704338309232745,1,historical
2011,1,2011_01_DET_TB,2011-09-11,DET,TB,0.6551254187646939,0,historical
2011,1,2011_01_IND_HOU,2011-09-11,IND,HOU,0.4355793490882784,1,historical
2011,1,2011_01_MIN_SD,2011-09-11,MIN,SD,0.6431320108556666,1,historical
2011,1,2011_01_NYG_WAS,2011-09-11,NYG,WAS,0.4063470748584777,1,historical
2011,1,2011_01_PHI_STL,2011-09-11,PHI,STL,0.3821350449355489,0,historical
2011,1,2011_01_PIT_BAL,2011-09-11,PIT,BAL,0.5553137326728337,1,historical
2011,1,2011_01_SEA_SF,2011-09-11,SEA,SF,0.5861244267262972,1,historical
2011,1,2011_01_TEN_JAX,2011-09-11,TEN,JAX,0.5605499388560711,1,historical
2011,1,2011_01_NE_MIA,2011-09-12,NE,MIA,0.3400710279237451,0,historical
2011,1,2011_01_OAK_DEN,2011-09-12,OAK,DEN,0.4040779893167517,0,historical
2011,2,2011_02_ARI_WAS,2011-09-18,ARI,WAS,0.6187504042477091,1,historical
2011,2,2011_02_BAL_TEN,2011-09-18,BAL,TEN,0.3334253579158823,1,historical
2011,2,2011_02_CHI_NO,2011-09-18,CHI,NO,0.5136331570069076,1,historical
2011,2,2011_02_CIN_DEN,2011-09-18,CIN,DEN,0.42114944669530496,1,historical
2011,2,2011_02_CLE_IND,2011-09-18,CLE,IND,0.6996545460450607,0,historical
2011,2,2011_02_DAL_SF,2011-09-18,DAL,SF,0.5437567342236931,0,historical
2011,2,2011_02_GB_CAR,2011-09-18,GB,CAR,0.19584308155141436,0,historical
2011,2,2011_02_HOU_MIA,2011-09-18,HOU,MIA,0.47122238176066295,0,historical
2011,2,2011_02_JAX_NYJ,2011-09-18,JAX,NYJ,0.7030281647690402,1,historical
2011,2,2011_02_KC_DET,2011-09-18,KC,DET,0.616950690263783,1,historical
2011,2,2011_02_OAK_BUF,2011-09-18,OAK,BUF,0.5267140431646798,1,historical
2011,2,2011_02_PHI_ATL,2011-09-18,PHI,ATL,0.5333786043947973,1,historical
2011,2,2011_02_SD_NE,2011-09-18,SD,NE,0.6753049850500814,1,historical
2011,2,2011_02_SEA_PIT,2011-09-18,SEA,PIT,0.7478147536589501,1,historical
2011,2,2011_02_TB_MIN,2011-09-18,TB,MIN,0.5239906185776867,0,historical
2011,2,2011_02_STL_NYG,2011-09-19,STL,NYG,0.6905838531800416,1,historical
2011,3,2011_03_ARI_SEA,2011-09-25,ARI,SEA,0.5509749838755472,1,historical
2011,3,2011_03_ATL_TB,2011-09-25,ATL,TB,0.48004089530387123,1,historical
2011,3,2011_03_BAL_STL,2011-09-25,BAL,STL,0.2839585583835473,0,historical
2011,3,2011_03_DEN_TEN,2011-09-25,DEN,TEN,0.6980615863688364,1,historical
2011,3,2011_03_DET_MIN,2011-09-25,DET,MIN,0.4850276080568312,0,historical
2011,3,2011_03_GB_CHI,2011-09-25,GB,CHI,0.3862785312888857,0,historical
2011,3,2011_03_HOU_NO,2011-09-25,HOU,NO,0.6021603993014369,1,historical
2011,3,2011_03_JAX_CAR,2011-09-25,JAX,CAR,0.42052095787765775,1,historical
2011,3,2011_03_KC_SD,2011-09-25,KC,SD,0.734270714536191,1,historical
2011,3,2011_03_MIA_CLE,2011-09-25,MIA,CLE,0.582037718863161,1,historical
2011,3,2011_03_NE_BUF,2011-09-25,NE,BUF,0.33000429644989365,1,historical
2011,3,2011_03_NYG_PHI,2011-09-25,NYG,PHI,0.609074455879216,0,historical
2011,3,2011_03_NYJ_OAK,2011-09-25,NYJ,OAK,0.3939202579040866,1,historical
2011,3,2011_03_PIT_IND,2011-09-25,PIT,IND,0.4361905474363022,0,historical
2011,3,2011_03_SF_CIN,2011-09-25,SF,CIN,0.539624223418136,0,historical
2011,3,2011_03_WAS_DAL,2011-09-26,WAS,DAL,0.6100169538936286,1,historical
2011,4,2011_04_ATL_SEA,2011-10-02,ATL,SEA,0.36911253207156797,0,historical
2011,4,2011_04_BUF_CIN,2011-10-02,BUF,CIN,0.45066505409126106,1,historical
2011,4,2011_04_CAR_CHI,2011-10-02,CAR,CHI,0.7377132629244556,1,historical
2011,4,2011_04_DEN_GB,2011-10-02,DEN,GB,0.876610160823641,1,historical
2011,4,2011_04_DET_DAL,2011-10-02,DET,DAL,0.5550387363178845,0,historical
2011,4,2011_04_MIA_SD,2011-10-02,MIA,SD,0.7141648364113794,1,historical
2011,4,2011_04_MIN_KC,2011-10-02,MIN,KC,0.4899487655857692,1,historical
2011,4,2011_04_NE_OAK,2011-10-02,NE,OAK,0.3884899248586141,0,historical
2011,4,2011_04_NO_JAX,2011-10-02,NO,JAX,0.3544736481418564,0,historical
2011,4,2011_04_NYG_ARI,2011-10-02,NYG,ARI,0.3476990865179703,0,historical
2011,4,2011_04_NYJ_BAL,2011-10-02,NYJ,BAL,0.5891444061886691,1,historical
2011,4,2011_04_PIT_HOU,2011-10-02,PIT,HOU,0.4576476591534219,1,historical
2011,4,2011_04_SF_PHI,2011-10-02,SF,PHI,0.5932497686176128,0,historical
2011,4,2011_04_TEN_CLE,2011-10-02,TEN,CLE,0.49066610070765315,0,historical
2011,4,2011_04_WAS_STL,2011-10-02,WAS,STL,0.43422488696503925,0,historical
2011,4,2011_04_IND_TB,2011-10-03,IND,TB,0.6094192409422218,1,historical
2011,5,2011_05_ARI_MIN,2011-10-09,ARI,MIN,0.6168102263518531,1,historical
2011,5,2011_05_CIN_JAX,2011-10-09,CIN,JAX,0.5094328548691791,0,historical
2011,5,2011_05_GB_ATL,2011-10-09,GB,ATL,0.3658302957096348,0,historical
2011,5,2011_05_KC_IND,2011-10-09,KC,IND,0.630914562863134,0,historical
2011,5,2011_05_NO_CAR,2011-10-09,NO,CAR,0.26089247921928943,0,historical
2011,5,2011_05_NYJ_NE,2011-10-09,NYJ,NE,0.6941438122716856,1,historical
2011,5,2011_05_OAK_HOU,2011-10-09,OAK,HOU,0.6124806936303764,0,historical
2011,5,2011_05_PHI_BUF,2011-10-09,PHI,BUF,0.5460727733739164,1,historical
2011,5,2011_05_SD_DEN,2011-10-09,SD,DEN,0.30397010969992755,0,historical
2011,5,2011_05_SEA_NYG,2011-10-09,SEA,NYG,0.7468427678819353,0,historical
2011,5,2011_05_TB_SF,2011-10-09,TB,SF,0.505341192105565,1,historical
2011,5,2011_05_TEN_PIT,2011-10-09,TEN,PIT,0.6105380118894036,1,historical
2011,5,2011_05_CHI_DET,2011-10-10,CHI,DET,0.5406563914809966,1,historical
2011,6,2011_06_BUF_NYG,2011-10-16,BUF,NYG,0.5521608939118782,1,historical
2011,6,2011_06_CAR_ATL,2011-10-16,CAR,ATL,0.7635180299562062,1,historical
2011,6,2011_06_CLE_OAK,2011-10-16,CLE,OAK,0.687087966397878,1,historical
2011,6,2011_06_DAL_NE,2011-10-16,DAL,NE,0.7837944779379162,1,historical
2011,6,2011_06_HOU_BAL,2011-10-16,HOU,BAL,0.694506209857308,1,historical
2011,6,2011_06_IND_CIN,2011-10-16,IND,CIN,0.6017623647118188,1,historical
2011,6,2011_06_JAX_PIT,2011-10-16,JAX,PIT,0.7916695825707445,1,historical
2011,6,2011_06_MIN_CHI,2011-10-16,MIN,CHI,0.6468576489534577,1,historical
2011,6,2011_06_NO_TB,2011-10-16,NO,TB,0.40320037486430327,1,historical
2011,6,2011_06_PHI_WAS,2011-10-16,PHI,WAS,0.5263521157094849,0,historical
2011,6,2011_06_SF_DET,2011-10-16,SF,DET,0.5725531582017069,0,historical
2011,6,2011_06_STL_GB,2011-10-16,STL,GB,0.9077463998703711,1,historical
2011,6,2011_06_MIA_NYJ,2011-10-17,MIA,NYJ,0.7250375113519358,1,historical
2011,7,2011_07_ATL_DET,2011-10-23,ATL,DET,0.5229172950521115,0,historical
2011,7,2011_07_CHI_TB,2011-10-23,CHI,TB,0.5366327721881934,0,historical
2011,7,2011_07_DEN_MIA,2011-10-23,DEN,MIA,0.6072179380667498,0,historical
2011,7,2011_07_GB_MIN,2011-10-23,GB,MIN,0.19771520517674046,0,historical
2011,7,2011_07_HOU_TEN,2011-10-23,HOU,TEN,0.5605995748216874,0,historical
2011,7,2011_07_IND_NO,2011-10-23,IND,NO,0.7537470523180755,1,historical
2011,7,2011_07_KC_OAK,2011-10-23,KC,OAK,0.693365363398456,0,historical
2011,7,2011_07_PIT_ARI,2011-10-23,PIT,ARI,0.2450354524488569,0,historical
2011,7,2011_07_SD_NYJ,2011-10-23,SD,NYJ,0.5422680639112493,1,historical
2011,7,2011_07_SEA_CLE,2011-10-23,SEA,CLE,0.5173404519347525,1,historical
2011,7,2011_07_STL_DAL,2011-10-23,STL,DAL,0.7355190923280291,1,historical
2011,7,2011_07_WAS_CAR,2011-10-23,WAS,CAR,0.43497944170224956,1,historical
2011,7,2011_07_BAL_JAX,2011-10-24,BAL,JAX,0.23411327878229687,1,historical
2011,8,2011_08_ARI_BAL,2011-10-30,ARI,BAL,0.8488911938913258,1,historical
2011,8,2011_08_CIN_SEA,2011-10-30,CIN,SEA,0.4638744051568427,0,historical
2011,8,2011_08_CLE_SF,2011-10-30,CLE,SF,0.7242487353327925,1,historical
2011,8,2011_08_DAL_PHI,2011-10-30,DAL,PHI,0.5772315703957567,1,historical
2011,8,2011_08_DET_DEN,2011-10-30,DET,DEN,0.37604639818036273,0,historical
2011,8,2011_08_IND_TEN,2011-10-30,IND,TEN,0.6355707838103963,1,historical
2011,8,2011_08_JAX_HOU,2011-10-30,JAX,HOU,0.7183283450409192,1,historical
2011,8,2011_08_MIA_NYG,2011-10-30,MIA,NYG,0.7327246194015723,1,historical
2011,8,2011_08_MIN_CAR,2011-10-30,MIN,CAR,0.5153576519399674,0,historical
2011,8,2011_08_NE_PIT,2011-10-30,NE,PIT,0.45670180121301246,1,historical
2011,8,2011_08_NO_STL,2011-10-30,NO,STL,0.20724436275702576,1,historical
2011,8,2011_08_WAS_BUF,2011-10-30,WAS,BUF,0.676553930034151,1,historical
2011,8,2011_08_SD_KC,2011-10-31,SD,KC,0.4583638595192523,1,historical
2011,9,2011_09_ATL_IND,2011-11-06,ATL,IND,0.3132431552609938,0,historical
2011,9,2011_09_BAL_PIT,2011-11-06,BAL,PIT,0.5820267804593068,0,historical
2011,9,2011_09_CIN_TEN,2011-11-06,CIN,TEN,0.5052834118279894,0,historical
2011,9,2011_09_CLE_HOU,2011-11-06,CLE,HOU,0.7370371151258307,1,historical
2011,9,2011_09_DEN_OAK,2011-11-06,DEN,OAK,0.736564160323195,0,historical
2011,9,2011_09_GB_SD,2011-11-06,GB,SD,0.31723353404970617,0,historical
2011,9,2011_09_MIA_KC,2011-11-06,MIA,KC,0.698920963061284,0,historical
2011,9,2011_09_NYG_NE,2011-11-06,NYG,NE,0.7170510152266326,0,historical
2011,9,2011_09_NYJ_BUF,2011-11-06,NYJ,BUF,0.48558057559898177,0,historical
2011,9,2011_09_SEA_DAL,2011-11-06,SEA,DAL,0.6491484580222386,1,historical
2011,9,2011_09_SF_WAS,2011-11-06,SF,WAS,0.3220467727876341,0,historical
2011,9,2011_09_STL_ARI,2011-11-06,STL,ARI,0.5244895070832151,1,historical
2011,9,2011_09_TB_NO,2011-11-06,TB,NO,0.638321188860273,1,historical
2011,9,2011_09_CHI_PHI,2011-11-07,CHI,PHI,0.5310470863032268,0,historical
2011,10,2011_10_OAK_SD,2011-11-10,OAK,SD,0.6724625773409616,0,historical
2011,10,2011_10_ARI_PHI,2011-11-13,ARI,PHI,0.7631340938037542,0,historical
2011,10,2011_10_BAL_SEA,2011-11-13,BAL,SEA,0.23987141109876997,1,historical
2011,10,2011_10_BUF_DAL,2011-11-13,BUF,DAL,0.5396916901916419,1,historical
2011,10,2011_10_DEN_KC,2011-11-13,DEN,KC,0.6273530327533451,0,historical
2011,10,2011_10_DET_CHI,2011-11-13,DET,CHI,0.6245762249255555,1,historical
2011,10,2011_10_HOU_TB,2011-11-13,HOU,TB,0.435777732157765,0,historical
2011,10,2011_10_JAX_IND,2011-11-13,JAX,IND,0.5068573477002545,0,historical
2011,10,2011_10_NE_NYJ,2011-11-13,NE,NYJ,0.515715730418769,0,historical
2011,10,2011_10_NO_ATL,2011-11-13,NO,ATL,0.5717734893317568,0,historical
2011,10,2011_10_NYG_SF,2011-11-13,NYG,SF,0.5924137657238343,1,historical
2011,10,2011_10_PIT_CIN,2011-11-13,PIT,CIN,0.45680784670532215,0,historical
2011,10,2011_10_STL_CLE,2011-11-13,STL,CLE,0.6171143551534094,0,historical
2011,10,2011_10_TEN_CAR,2011-11-13,TEN,CAR,0.42784893575694904,0,historical
2011,10,2011_10_WAS_MIA,2011-11-13,WAS,MIA,0.6214784177825313,1,historical
2011,10,2011_10_MIN_GB,2011-11-14,MIN,GB,0.8729313232581278,1,historical
2011,11,2011_11_NYJ_DEN,2011-11-17,NYJ,DEN,0.3433613945625942,1,historical
2011,11,2011_11_ARI_SF,2011-11-20,ARI,SF,0.8144053095158116,1,historical
2011,11,2011_11_BUF_MIA,2011-11-20,BUF,MIA,0.5333756799424219,1,historical
2011,11,2011_11_CAR_DET,2011-11-20,CAR,DET,0.7543530840645217,1,historical
2011,11,2011_11_CIN_BAL,2011-11-20,CIN,BAL,0.6579060004188294,1,historical
2011,11,2011_11_DAL_WAS,2011-11-20,DAL,WAS,0.3483449967802222,0,historical
2011,11,2011_11_JAX_CLE,2011-11-20,JAX,CLE,0.49863583474641937,1,historical
2011,11,2011_11_OAK_MIN,2011-11-20,OAK,MIN,0.4870601663365337,0,historical
2011,11,2011_11_PHI_NYG,2011-11-20,PHI,NYG,0.6254320403849775,0,historical
2011,11,2011_11_SD_CHI,2011-11-20,SD,CHI,0.6850853072759091,1,historical
2011,11,2011_11_SEA_STL,2011-11-20,SEA,STL,0.48838151518918443,0,historical
2011,11,2011_11_TB_GB,2011-11-20,TB,GB,0.8625442982901562,1,historical
2011,11,2011_11_TEN_ATL,2011-11-20,TEN,ATL,0.6711326502493821,1,historical
2011,11,2011_11_KC_NE,2011-11-21,KC,NE,0.8376008855121367,1,historical
2011,12,2011_12_GB_DET,2011-11-24,GB,DET,0.2565247051078484,0,historical
2011,12,2011_12_MIA_DAL,2011-11-24,MIA,DAL,0.6143160048694843,1,historical
2011,12,2011_12_SF_BAL,2011-11-24,SF,BAL,0.5668567274819689,1,historical
2011,12,2011_12_ARI_STL,2011-11-27,ARI,STL,0.5155912112219528,0,historical
2011,12,2011_12_BUF_NYJ,2011-11-27,BUF,NYJ,0.7054917775523367,1,historical
2011,12,2011_12_CAR_IND,2011-11-27,CAR,IND,0.5703073862079472,0,historical
2011,12,2011_12_CHI_OAK,2011-11-27,CHI,OAK,0.3881112248206878,1,historical
2011,12,2011_12_CLE_CIN,2011-11-27,CLE,CIN,0.6948546347255193,1,historical
2011,12,2011_12_DEN_SD,2011-11-27,DEN,SD,0.6268169022564711,0,historical
2011,12,2011_12_HOU_JAX,2011-11-27,HOU,JAX,0.31217888320256126,0,historical
2011,12,2011_12_MIN_ATL,2011-11-27,MIN,ATL,0.781883266066959,1,historical
2011,12,2011_12_NE_PHI,2011-11-27,NE,PHI,0.34303927934733025,0,historical
2011,12,2011_12_PIT_KC,2011-11-27,PIT,KC,0.2551583712502348,0,historical
2011,12,2011_12_TB_TEN,2011-11-27,TB,TEN,0.6001466024272424,1,historical
2011,12,2011_12_WAS_SEA,2011-11-27,WAS,SEA,0.6630906463917884,0,historical
2011,12,2011_12_NYG_NO,2011-11-28,NYG,NO,0.6545360489563554,1,historical
2011,13,2011_13_PHI_SEA,2011-12-01,PHI,SEA,0.4410596293047667,1,historical
2011,13,2011_13_ATL_HOU,2011-12-04,ATL,HOU,0.5718730324943666,1,historical
2011,13,2011_13_BAL_CLE,2011-12-04,BAL,CLE,0.2512522869567932,0,historical
2011,13,2011_13_CAR_TB,2011-12-04,CAR,TB,0.6590354505903989,0,historical
2011,13,2011_13_CIN_PIT,2011-12-04,CIN,PIT,0.7137292613547945,1,historical
2011,13,2011_13_DAL_ARI,2011-12-04,DAL,ARI,0.3596080849267792,1,historical
2011,13,2011_13_DEN_MIN,2011-12-04,DEN,MIN,0.4849131383444848,0,historical
2011,13,2011_13_DET_NO,2011-12-04,DET,NO,0.6922398664402645,1,historical
2011,13,2011_13_GB_NYG,2011-12-04,GB,NYG,0.22036262624442635,0,historical
2011,13,2011_13_IND_NE,2011-12-04,IND,NE,0.911762551034529,1,historical
2011,13,2011_13_KC_CHI,2011-12-04,KC,CHI,0.7913348917870562,0,historical
2011,13,2011_13_NYJ_WAS,2011-12-04,NYJ,WAS,0.3278506737501685,0,historical
2011,13,2011_13_OAK_MIA,2011-12-04,OAK,MIA,0.49898099355685394,1,historical
2011,13,2011_13_STL_SF,2011-12-04,STL,SF,0.8478489572309329,1,historical
2011,13,2011_13_TEN_BUF,2011-12-04,TEN,BUF,0.4589576510386215,0,historical
2011,13,2011_13_SD_JAX,2011-12-05,SD,JAX,0.4568842484873807,0,historical
2011,14,2011_14_CLE_PIT,2011-12-08,CLE,PIT,0.8535382386529534,1,historical
2011,14,2011_14_ATL_CAR,2011-12-11,ATL,CAR,0.3098703911344021,0,historical
2011,14,2011_14_BUF_SD,2011-12-11,BUF,SD,0.6848426158609215,1,historical
2011,14,2011_14_CHI_DEN,2011-12-11,CHI,DEN,0.4243540888920496,1,historical
2011,14,2011_14_HOU_CIN,2011-12-11,HOU,CIN,0.38372432536495565,0,historical
2011,14,2011_14_IND_BAL,2011-12-11,IND,BAL,0.8906088551178439,1,historical
2011,14,2011_14_KC_NYJ,2011-12-11,KC,NYJ,0.737615825332776,1,historical
2011,14,2011_14_MIN_DET,2011-12-11,MIN,DET,0.6963015264267691,1,historical
2011,14,2011_14_NE_WAS,2011-12-11,NE,WAS,0.16980920604029073,0,historical
2011,14,2011_14_NO_TEN,2011-12-11,NO,TEN,0.40466663219871185,0,historical
2011,14,2011_14_NYG_DAL,2011-12-11,NYG,DAL,0.5873272062164856,0,historical
2011,14,2011_14_OAK_GB,2011-12-11,OAK,GB,0.8583160016308554,1,historical
2011,14,2011_14_PHI_MIA,2011-12-11,PHI,MIA,0.608051359739866,0,historical
2011,14,2011_14_SF_ARI,2011-12-11,SF,ARI,0.29080139382487075,1,historical
2011,14,2011_14_TB_JAX,2011-12-11,TB,JAX,0.5331191488979243,1,historical
2011,14,2011_14_STL_SEA,2011-12-12,STL,SEA,0.7265868211377582,1,historical
2011,15,2011_15_JAX_ATL,2011-12-15,JAX,ATL,0.7843279293441172,1,historical
2011,15,2011_15_DAL_TB,2011-12-17,DAL,TB,0.3790670746648481,0,historical
2011,15,2011_15_BAL_SD,2011-12-18,BAL,SD,0.3816012231479803,1,historical
2011,15,2011_15_CAR_HOU,2011-12-18,CAR,HOU,0.8336867573269244,0,historical
2011,15,2011_15_CIN_STL,2011-12-18,CIN,STL,0.2929008768121838,0,historical
2011,15,2011_15_CLE_ARI,2011-12-18,CLE,ARI,0.6018300493773057,1,historical
2011,15,2011_15_DET_OAK,2011-12-18,DET,OAK,0.5241255084155819,0,historical
2011,15,2011_15_GB_KC,2011-12-18,GB,KC,0.1450499104212983,1,historical
2011,15,2011_15_MIA_BUF,2011-12-18,MIA,BUF,0.44719500147788016,0,historical
2011,15,2011_15_NE_DEN,2011-12-18,NE,DEN,0.2545409048389633,0,historical
2011,15,2011_15_NO_MIN,2011-12-18,NO,MIN,0.2206653538289438,0,historical
2011,15,2011_15_NYJ_PHI,2011-12-18,NYJ,PHI,0.4318212498218059,1,historical
2011,15,2011_15_SEA_CHI,2011-12-18,SEA,CHI,0.669668138505927,0,historical
2011,15,2011_15_TEN_IND,2011-12-18,TEN,IND,0.3023119335330756,1,historical
2011,15,2011_15_WAS_NYG,2011-12-18,WAS,NYG,0.7320554232170765,0,historical
2011,15,2011_15_PIT_SF,2011-12-19,PIT,SF,0.43698588748690154,1,historical
2011,16,2011_16_HOU_IND,2011-12-22,HOU,IND,0.25535568281825377,1,historical
2011,16,2011_16_ARI_CIN,2011-12-24,ARI,CIN,0.6782329516258737,1,historical
2011,16,2011_16_CLE_BAL,2011-12-24,CLE,BAL,0.8263500144322958,1,historical
2011,16,2011_16_DEN_BUF,2011-12-24,DEN,BUF,0.4386885982055046,1,historical
2011,16,2011_16_JAX_TEN,2011-12-24,JAX,TEN,0.6453137425784069,1,historical
2011,16,2011_16_MIA_NE,2011-12-24,MIA,NE,0.8205493232919796,1,historical
2011,16,2011_16_MIN_WAS,2011-12-24,MIN,WAS,0.6226630535444713,0,historical
2011,16,2011_16_NYG_NYJ,2011-12-24,NYG,NYJ,0.6765959172844692,0,historical
2011,16,2011_16_OAK_KC,2011-12-24,OAK,KC,0.5321186263471572,0,historical
2011,16,2011_16_PHI_DAL,2011-12-24,PHI,DAL,0.521894068073578,0,historical
2011,16,2011_16_SD_DET,2011-12-24,SD,DET,0.4782545195836257,1,historical
2011,16,2011_16_SF_SEA,2011-12-24,SF,SEA,0.40967889556759973,0,historical
2011,16,2011_16_STL_PIT,2011-12-24,STL,PIT,0.8972427814160915,1,historical
2011,16,2011_16_TB_CAR,2011-12-24,TB,CAR,0.6831424726111496,1,historical
2011,16,2011_16_CHI_GB,2011-12-25,CHI,GB,0.8257066736705828,1,historical
2011,16,2011_16_ATL_NO,2011-12-26,ATL,NO,0.6126598377597733,1,historical
2011,17,2011_17_BAL_CIN,2012-01-01,BAL,CIN,0.4205150102465632,0,historical
2011,17,2011_17_BUF_NE,2012-01-01,BUF,NE,0.8787382631897491,1,historical
2011,17,2011_17_CAR_NO,2012-01-01,CAR,NO,0.8077510842031896,1,historical
2011,17,2011_17_CHI_MIN,2012-01-01,CHI,MIN,0.40724276427196254,0,historical
2011,17,2011_17_DAL_NYG,2012-01-01,DAL,NYG,0.5793243300875647,1,historical
2011,17,2011_17_DET_GB,2012-01-01,DET,GB,0.7982578470106021,1,historical
2011,17,2011_17_IND_JAX,2012-01-01,IND,JAX,0.5705148602053988,1,historical
2011,17,2011_17_KC_DEN,2012-01-01,KC,DEN,0.5233945518435554,0,historical
2011,17,2011_17_NYJ_MIA,2012-01-01,NYJ,MIA,0.5120518769178579,1,historical
2011,17,2011_17_PIT_CLE,2012-01-01,PIT,CLE,0.21810392822952304,0,historical
2011,17,2011_17_SD_OAK,2012-01-01,SD,OAK,0.4843918723198802,0,historical
2011,17,2011_17_SEA_ARI,2012-01-01,SEA,ARI,0.42709587991543274,1,historical
2011,17,2011_17_SF_STL,2012-01-01,SF,STL,0.1583575319254343,0,historical
2011,17,2011_17_TB_ATL,2012-01-01,TB,ATL,0.8448885873403387,1,historical
2011,17,2011_17_TEN_HOU,2012-01-01,TEN,HOU,0.671262390248704,0,historical
2011,17,2011_17_WAS_PHI,2012-01-01,WAS,PHI,0.7807141413261554,1,historical
2011,18,2011_18_CIN_HOU,2012-01-07,CIN,HOU,0.6191471410405338,1,historical
2011,18,2011_18_DET_NO,2012-01-07,DET,NO,0.7447749041774586,1,historical
2011,18,2011_18_ATL_NYG,2012-01-08,ATL,NYG,0.4635544965884255,1,historical
2011,18,2011_18_PIT_DEN,2012-01-08,PIT,DEN,0.24287909025143886,1,historical
2011,19,2011_19_DEN_NE,2012-01-14,DEN,NE,0.8736738700502521,1,historical
2011,19,2011_19_NO_SF,2012-01-14,NO,SF,0.45624429008122913,1,historical
2011,19,2011_19_HOU_BAL,2012-01-15,HOU,BAL,0.6455184216250986,1,historical
2011,19,2011_19_NYG_GB,2012-01-15,NYG,GB,0.7882727024961419,0,historical
2011,20,2011_20_BAL_NE,2012-01-22,BAL,NE,0.6678545172259088,1,historical
2011,20,2011_20_NYG_SF,2012-01-22,NYG,SF,0.6063141118304232,0,historical
2011,21,2011_21_NYG_NE,2012-02-05,NYG,NE,0.7168162315510676,0,historical
2012,1,2012_01_DAL_NYG,2012-09-05,DAL,NYG,0.6977945085951546,0,historical
2012,1,2012_01_ATL_KC,2012-09-09,ATL,KC,0.5006812223205462,0,historical
2012,1,2012_01_BUF_NYJ,2012-09-09,BUF,NYJ,0.6158289888135954,1,historical
2012,1,2012_01_CAR_TB,2012-09-09,CAR,TB,0.43347681076574923,1,historical
2012,1,2012_01_IND_CHI,2012-09-09,IND,CHI,0.6688193021172373,1,historical
2012,1,2012_01_JAX_MIN,2012-09-09,JAX,MIN,0.5412114667894231,1,historical
2012,1,2012_01_MIA_HOU,2012-09-09,MIA,HOU,0.5979299106139746,1,historical
2012,1,2012_01_NE_TEN,2012-09-09,NE,TEN,0.3829496755953857,0,historical
2012,1,2012_01_PHI_CLE,2012-09-09,PHI,CLE,0.39614694521863064,0,historical
2012,1,2012_01_PIT_DEN,2012-09-09,PIT,DEN,0.4160411746906008,1,historical
2012,1,2012_01_SEA_ARI,2012-09-09,SEA,ARI,0.5030475614554125,1,historical
2012,1,2012_01_SF_GB,2012-09-09,SF,GB,0.5774333224379815,0,historical
2012,1,2012_01_STL_DET,2012-09-09,STL,DET,0.7289318735520794,1,historical
2012,1,2012_01_WAS_NO,2012-09-09,WAS,NO,0.7618706582644198,0,historical
2012,1,2012_01_CIN_BAL,2012-09-10,CIN,BAL,0.665241429102338,1,historical
2012,1,2012_01_SD_OAK,2012-09-10,SD,OAK,0.4822114602223169,0,historical
2012,2,2012_02_CHI_GB,2012-09-13,CHI,GB,0.6170808994983692,1,historical
2012,2,2012_02_ARI_NE,2012-09-16,ARI,NE,0.7527181715156327,0,historical
2012,2,2012_02_BAL_PHI,2012-09-16,BAL,PHI,0.4916852024329425,1,historical
2012,2,2012_02_CLE_CIN,2012-09-16,CLE,CIN,0.6136499175149303,1,historical
2012,2,2012_02_DAL_SEA,2012-09-16,DAL,SEA,0.5150845471849664,1,historical
2012,2,2012_02_DET_SF,2012-09-16,DET,SF,0.6698664050994978,1,historical
2012,2,2012_02_HOU_JAX,2012-09-16,HOU,JAX,0.3872182350681086,0,historical
2012,2,2012_02_KC_BUF,2012-09-16,KC,BUF,0.5175932729140101,1,historical
2012,2,2012_02_MIN_IND,2012-09-16,MIN,IND,0.49289986415310266,1,historical
2012,2,2012_02_NO_CAR,2012-09-16,NO,CAR,0.41769465670020983,1,historical
2012,2,2012_02_NYJ_PIT,2012-09-16,NYJ,PIT,0.5663831062705859,1,historical
2012,2,2012_02_OAK_MIA,2012-09-16,OAK,MIA,0.5878288711365997,1,historical
2012,2,2012_02_TB_NYG,2012-09-16,TB,NYG,0.7204700750519271,1,historical
2012,2,2012_02_TEN_SD,2012-09-16,TEN,SD,0.680397441507472,1,historical
2012,2,2012_02_WAS_STL,2012-09-16,WAS,STL,0.41428079373058246,1,historical
2012,2,2012_02_DEN_ATL,2012-09-17,DEN,ATL,0.638770310351846,1,historical
2012,3,2012_03_NYG_CAR,2012-09-20,NYG,CAR,0.452899050586998,0,historical
2012,3,2012_03_ATL_SD,2012-09-23,ATL,SD,0.5615509849079287,0,historical
2012,3,2012_03_BUF_CLE,2012-09-23,BUF,CLE,0.48661857341302145,0,historical
2012,3,2012_03_CIN_WAS,2012-09-23,CIN,WAS,0.5200111437648836,0,historical
2012,3,2012_03_DET_TEN,2012-09-23,DET,TEN,0.44958408513410597,1,historical
2012,3,2012_03_HOU_DEN,2012-09-23,HOU,DEN,0.4129557978448166,0,historical
2012,3,2012_03_JAX_IND,2012-09-23,JAX,IND,0.5582095999244754,0,historical
2012,3,2012_03_KC_NO,2012-09-23,KC,NO,0.6963526488142381,0,historical
2012,3,2012_03_NE_BAL,2012-09-23,NE,BAL,0.51781688129048,1,historical
2012,3,2012_03_NYJ_MIA,2012-09-23,NYJ,MIA,0.5744866025157321,0,historical
2012,3,2012_03_PHI_ARI,2012-09-23,PHI,ARI,0.47999382140626257,1,historical
2012,3,2012_03_PIT_OAK,2012-09-23,PIT,OAK,0.3692780997843467,1,historical
2012,3,2012_03_SF_MIN,2012-09-23,SF,MIN,0.2790324219294936,1,historical
2012,3,2012_03_STL_CHI,2012-09-23,STL,CHI,0.6927990491382269,1,historical
2012,3,2012_03_TB_DAL,2012-09-23,TB,DAL,0.6537882799947762,1,historical
2012,3,2012_03_GB_SEA,2012-09-24,GB,SEA,0.4596100634182979,1,historical
2012,4,2012_04_CLE_BAL,2012-09-27,CLE,BAL,0.814198487440197,1,historical
2012,4,2012_04_CAR_ATL,2012-09-30,CAR,ATL,0.7663257594234473,1,historical
2012,4,2012_04_CIN_JAX,2012-09-30,CIN,JAX,0.44913777303822916,0,historical
2012,4,2012_04_MIA_ARI,2012-09-30,MIA,ARI,0.6307761394613891,1,historical
2012,4,2012_04_MIN_DET,2012-09-30,MIN,DET,0.604934473707876,0,historical
2012,4,2012_04_NE_BUF,2012-09-30,NE,BUF,0.3806336961398239,0,historical
2012,4,2012_04_NO_GB,2012-09-30,NO,GB,0.6490044211580824,1,historical
2012,4,2012_04_NYG_PHI,2012-09-30,NYG,PHI,0.45229671878586747,1,historical
2012,4,2012_04_OAK_DEN,2012-09-30,OAK,DEN,0.5881772179113032,1,historical
2012,4,2012_04_SD_KC,2012-09-30,SD,KC,0.41525433063324374,0,historical
2012,4,2012_04_SEA_STL,2012-09-30,SEA,STL,0.33932021726248046,1,historical
2012,4,2012_04_SF_NYJ,2012-09-30,SF,NYJ,0.4403579883290599,0,historical
2012,4,2012_04_TEN_HOU,2012-09-30,TEN,HOU,0.7544159694223813,1,historical
2012,4,2012_04_WAS_TB,2012-09-30,WAS,TB,0.5021197910210433,0,historical
2012,4,2012_04_CHI_DAL,2012-10-01,CHI,DAL,0.5235722267802346,0,historical
2012,5,2012_05_ARI_STL,2012-10-04,ARI,STL,0.3626310638129957,1,historical
2012,5,2012_05_ATL_WAS,2012-10-07,ATL,WAS,0.31270102469152605,0,historical
2012,5,2012_05_BAL_KC,2012-10-07,BAL,KC,0.28607439719996336,0,historical
2012,5,2012_05_BUF_SF,2012-10-07,BUF,SF,0.7618711676945226,1,historical
2012,5,2012_05_CHI_JAX,2012-10-07,CHI,JAX,0.3478819031226637,0,historical
2012,5,2012_05_CLE_NYG,2012-10-07,CLE,NYG,0.8070718690671072,1,historical
2012,5,2012_05_DEN_NE,2012-10-07,DEN,NE,0.7375108533268668,1,historical
2012,5,2012_05_GB_IND,2012-10-07,GB,IND,0.29463386554292015,1,historical
2012,5,2012_05_MIA_CIN,2012-10-07,MIA,CIN,0.6305541546430272,0,historical
2012,5,2012_05_PHI_PIT,2012-10-07,PHI,PIT,0.5520771980517591,1,historical
2012,5,2012_05_SD_NO,2012-10-07,SD,NO,0.47199874259783897,1,historical
2012,5,2012_05_SEA_CAR,2012-10-07,SEA,CAR,0.47625985211360006,0,historical
2012,5,2012_05_TEN_MIN,2012-10-07,TEN,MIN,0.6518728334584272,1,historical
2012,5,2012_05_HOU_NYJ,2012-10-08,HOU,NYJ,0.34020017859084783,0,historical
2012,6,2012_06_PIT_TEN,2012-10-11,PIT,TEN,0.3620299451762512,1,historical
2012,6,2012_06_BUF_ARI,2012-10-14,BUF,ARI,0.6508126730321032,0,historical
2012,6,2012_06_CIN_CLE,2012-10-14,CIN,CLE,0.34125361027083473,1,historical
2012,6,2012_06_DAL_BAL,2012-10-14,DAL,BAL,0.7534547031468936,1,historical
2012,6,2012_06_DET_PHI,2012-10-14,DET,PHI,0.6304729154078341,0,historical
2012,6,2012_06_GB_HOU,2012-10-14,GB,HOU,0.6663438029016499,0,historical
2012,6,2012_06_IND_NYJ,2012-10-14,IND,NYJ,0.6098721151465624,1,historical
2012,6,2012_06_KC_TB,2012-10-14,KC,TB,0.5341604271326691,1,historical
2012,6,2012_06_MIN_WAS,2012-10-14,MIN,WAS,0.42458445860743466,1,historical
2012,6,2012_06_NE_SEA,2012-10-14,NE,SEA,0.3723274699918126,1,historical
2012,6,2012_06_NYG_SF,2012-10-14,NYG,SF,0.6214233402487764,0,historical
2012,6,2012_06_OAK_ATL,2012-10-14,OAK,ATL,0.8231500087056985,1,historical
2012,6,2012_06_STL_MIA,2012-10-14,STL,MIA,0.639889316454938,1,historical
2012,6,2012_06_DEN_SD,2012-10-15,DEN,SD,0.6282236123631788,0,historical
2012,7,2012_07_SEA_SF,2012-10-18,SEA,SF,0.6388483167096779,1,historical
2012,7,2012_07_ARI_MIN,2012-10-21,ARI,MIN,0.553032816138197,1,historical
2012,7,2012_07_BAL_HOU,2012-10-21,BAL,HOU,0.508396577461618,1,historical
2012,7,2012_07_CLE_IND,2012-10-21,CLE,IND,0.5323381949508272,1,historical
2012,7,2012_07_DAL_CAR,2012-10-21,DAL,CAR,0.5193376103332072,0,historical
2012,7,2012_07_GB_STL,2012-10-21,GB,STL,0.331455806769077,0,historical
2012,7,2012_07_JAX_OAK,2012-10-21,JAX,OAK,0.5976571711094174,1,historical
2012,7,2012_07_NO_TB,2012-10-21,NO,TB,0.4012577937963743,0,historical
2012,7,2012_07_NYJ_NE,2012-10-21,NYJ,NE,0.7605490521949085,1,historical
2012,7,2012_07_PIT_CIN,2012-10-21,PIT,CIN,0.49120375622371737,0,historical
2012,7,2012_07_TEN_BUF,2012-10-21,TEN,BUF,0.5905015996911301,0,historical
2012,7,2012_07_WAS_NYG,2012-10-21,WAS,NYG,0.7733232514895919,1,historical
2012,7,2012_07_DET_CHI,2012-10-22,DET,CHI,0.687977700910903,1,historical
2012,8,2012_08_TB_MIN,2012-10-25,TB,MIN,0.7049731313653197,0,historical
2012,8,2012_08_ATL_PHI,2012-10-28,ATL,PHI,0.372875025888641,0,historical
2012,8,2012_08_CAR_CHI,2012-10-28,CAR,CHI,0.7903954113377912,1,historical
2012,8,2012_08_IND_TEN,2012-10-28,IND,TEN,0.6089494720266604,0,historical
2012,8,2012_08_JAX_GB,2012-10-28,JAX,GB,0.8412582711003186,1,historical
2012,8,2012_08_MIA_NYJ,2012-10-28,MIA,NYJ,0.49372720429144934,0,historical
2012,8,2012_08_NE_STL,2012-10-28,NE,STL,0.266495975854522,0,historical
2012,8,2012_08_NO_DEN,2012-10-28,NO,DEN,0.5222343624612072,1,historical
2012,8,2012_08_NYG_DAL,2012-10-28,NYG,DAL,0.31854602101152174,0,historical
2012,8,2012_08_OAK_KC,2012-10-28,OAK,KC,0.487589181427534,0,historical
2012,8,2012_08_SD_CLE,2012-10-28,SD,CLE,0.3957394706327844,1,historical
2012,8,2012_08_SEA_DET,2012-10-28,SEA,DET,0.4972932155992185,1,historical
2012,8,2012_08_WAS_PIT,2012-10-28,WAS,PIT,0.6750187406386307,1,historical
2012,8,2012_08_SF_ARI,2012-10-29,SF,ARI,0.36481414760992303,0,historical
2012,9,2012_09_KC_SD,2012-11-01,KC,SD,0.7518482119589842,1,historical
2012,9,2012_09_ARI_GB,2012-11-04,ARI,GB,0.7839432748619684,1,historical
2012,9,2012_09_BAL_CLE,2012-11-04,BAL,CLE,0.3001865123289611,0,historical
2012,9,2012_09_BUF_HOU,2012-11-04,BUF,HOU,0.7841893307862795,1,historical
2012,9,2012_09_CAR_WAS,2012-11-04,CAR,WAS,0.608967433412292,0,historical
2012,9,2012_09_CHI_TEN,2012-11-04,CHI,TEN,0.3103798154440627,0,historical
2012,9,2012_09_DAL_ATL,2012-11-04,DAL,ATL,0.8003626255291412,1,historical
2012,9,2012_09_DEN_CIN,2012-11-04,DEN,CIN,0.4091292646149983,0,historical
2012,9,2012_09_DET_JAX,2012-11-04,DET,JAX,0.3772631714541527,0,historical
2012,9,2012_09_MIA_IND,2012-11-04,MIA,IND,0.3571720214059458,1,historical
2012,9,2012_09_MIN_SEA,2012-11-04,MIN,SEA,0.6099643051429483,1,historical
2012,9,2012_09_PIT_NYG,2012-11-04,PIT,NYG,0.6844203181879109,0,historical
2012,9,2012_09_TB_OAK,2012-11-04,TB,OAK,0.5356191521405843,0,historical
2012,9,2012_09_PHI_NO,2012-11-05,PHI,NO,0.5893801635022112,1,historical
2012,10,2012_10_IND_JAX,2012-11-08,IND,JAX,0.4136978915377083,0,historical
2012,10,2012_10_ATL_NO,2012-11-11,ATL,NO,0.3676051137059747,1,historical
2012,10,2012_10_BUF_NE,2012-11-11,BUF,NE,0.8264725105136423,1,historical
2012,10,2012_10_DAL_PHI,2012-11-11,DAL,PHI,0.5693942207485857,0,historical
2012,10,2012_10_DEN_CAR,2012-11-11,DEN,CAR,0.35773003353911415,0,historical
2012,10,2012_10_DET_MIN,2012-11-11,DET,MIN,0.44275999604245947,1,historical
2012,10,2012_10_HOU_CHI,2012-11-11,HOU,CHI,0.537021276839486,0,historical
2012,10,2012_10_NYG_CIN,2012-11-11,NYG,CIN,0.2828708667964131,1,historical
2012,10,2012_10_NYJ_SEA,2012-11-11,NYJ,SEA,0.6561654968729943,1,historical
2012,10,2012_10_OAK_BAL,2012-11-11,OAK,BAL,0.7893580988986865,1,historical
2012,10,2012_10_SD_TB,2012-11-11,SD,TB,0.5300681914384915,1,historical
2012,10,2012_10_TEN_MIA,2012-11-11,TEN,MIA,0.7393039943830705,0,historical
2012,10,2012_10_KC_PIT,2012-11-12,KC,PIT,0.8605900635798339,1,historical
2012,11,2012_11_MIA_BUF,2012-11-15,MIA,BUF,0.48864202722139477,1,historical
2012,11,2012_11_ARI_ATL,2012-11-18,ARI,ATL,0.8132421045898353,1,historical
2012,11,2012_11_BAL_PIT,2012-11-18,BAL,PIT,0.5269156820310302,0,historical
2012,11,2012_11_CIN_KC,2012-11-18,CIN,KC,0.3283362527416147,0,historical
2012,11,2012_11_CLE_DAL,2012-11-18,CLE,DAL,0.7104976979551408,1,historical
2012,11,2012_11_GB_DET,2012-11-18,GB,DET,0.336796438741672,0,historical
2012,11,2012_11_IND_NE,2012-11-18,IND,NE,0.7997685025229323,1,historical
2012,11,2012_11_JAX_HOU,2012-11-18,JAX,HOU,0.9053038433977204,1,historical
2012,11,2012_11_NO_OAK,2012-11-18,NO,OAK,0.3171527386672049,0,historical
2012,11,2012_11_NYJ_STL,2012-11-18,NYJ,STL,0.5580995323714509,0,historical
2012,11,2012_11_PHI_WAS,2012-11-18,PHI,WAS,0.530111431228899,1,historical
2012,11,2012_11_SD_DEN,2012-11-18,SD,DEN,0.7224077464843742,1,historical
2012,11,2012_11_TB_CAR,2012-11-18,TB,CAR,0.41513493937816714,0,historical
2012,11,2012_11_CHI_SF,2012-11-19,CHI,SF,0.5828856519203232,1,historical
2012,12,2012_12_HOU_DET,2012-11-22,HOU,DET,0.30092980408552494,0,historical
2012,12,2012_12_NE_NYJ,2012-11-22,NE,NYJ,0.25436059266574,0,historical
2012,12,2012_12_WAS_DAL,2012-11-22,WAS,DAL,0.6294679860858277,0,historical
2012,12,2012_12_ATL_TB,2012-11-25,ATL,TB,0.3632338157447079,0,historical
2012,12,2012_12_BAL_SD,2012-11-25,BAL,SD,0.32571933224438865,0,historical
2012,12,2012_12_BUF_IND,2012-11-25,BUF,IND,0.5684070802125147,1,historical
2012,12,2012_12_DEN_KC,2012-11-25,DEN,KC,0.1691355796056629,0,historical
2012,12,2012_12_GB_NYG,2012-11-25,GB,NYG,0.45161770881847674,1,historical
2012,12,2012_12_MIN_CHI,2012-11-25,MIN,CHI,0.688162205448182,1,historical
2012,12,2012_12_OAK_CIN,2012-11-25,OAK,CIN,0.7376670302530135,1,historical
2012,12,2012_12_PIT_CLE,2012-11-25,PIT,CLE,0.28768584205281866,1,historical
2012,12,2012_12_SEA_MIA,2012-11-25,SEA,MIA,0.4269550348477192,1,historical
2012,12,2012_12_SF_NO,2012-11-25,SF,NO,0.47099094387661256,0,historical
2012,12,2012_12_STL_ARI,2012-11-25,STL,ARI,0.6157403999240925,0,historical
2012,12,2012_12_TEN_JAX,2012-11-25,TEN,JAX,0.35148308407968254,1,historical
2012,12,2012_12_CAR_PHI,2012-11-26,CAR,PHI,0.5395973676825067,0,historical
2012,13,2012_13_NO_ATL,2012-11-29,NO,ATL,0.6921586155351966,1,historical
2012,13,2012_13_ARI_NYJ,2012-12-02,ARI,NYJ,0.6292853364136747,1,historical
2012,13,2012_13_CAR_KC,2012-12-02,CAR,KC,0.35942398012221416,1,historical
2012,13,2012_13_CIN_SD,2012-12-02,CIN,SD,0.46279671448541027,0,historical
2012,13,2012_13_CLE_OAK,2012-12-02,CLE,OAK,0.46995004268253504,0,historical
2012,13,2012_13_HOU_TEN,2012-12-02,HOU,TEN,0.25744294412610164,0,historical
2012,13,2012_13_IND_DET,2012-12-02,IND,DET,0.5534694951585168,0,historical
2012,13,2012_13_JAX_BUF,2012-12-02,JAX,BUF,0.662070478245367,1,historical
2012,13,2012_13_MIN_GB,2012-12-02,MIN,GB,0.7616710455212349,1,historical
2012,13,2012_13_NE_MIA,2012-12-02,NE,MIA,0.24648144151215537,0,historical
2012,13,2012_13_PHI_DAL,2012-12-02,PHI,DAL,0.6919316434606472,1,historical
2012,13,2012_13_PIT_BAL,2012-12-02,PIT,BAL,0.6832006495892369,0,historical
2012,13,2012_13_SEA_CHI,2012-12-02,SEA,CHI,0.6466934168971061,0,historical
2012,13,2012_13_SF_STL,2012-12-02,SF,STL,0.23275785295310214,1,historical
2012,13,2012_13_TB_DEN,2012-12-02,TB,DEN,0.7050236098439774,1,historical
2012,13,2012_13_NYG_WAS,2012-12-03,NYG,WAS,0.34781309592692505,1,historical
2012,14,2012_14_DEN_OAK,2012-12-06,DEN,OAK,0.1816041308065994,0,historical
2012,14,2012_14_ARI_SEA,2012-12-09,ARI,SEA,0.760036461238255,1,historical
2012,14,2012_14_ATL_CAR,2012-12-09,ATL,CAR,0.20418500739177334,1,historical
2012,14,2012_14_BAL_WAS,2012-12-09,BAL,WAS,0.38362999392878067,1,historical
2012,14,2012_14_CHI_MIN,2012-12-09,CHI,MIN,0.3719978178431034,1,historical
2012,14,2012_14_DAL_CIN,2012-12-09,DAL,CIN,0.6592587465950943,0,historical
2012,14,2012_14_DET_GB,2012-12-09,DET,GB,0.765734995041628,1,historical
2012,14,2012_14_KC_CLE,2012-12-09,KC,CLE,0.697792919296454,1,historical
2012,14,2012_14_MIA_SF,2012-12-09,MIA,SF,0.796257940817511,1,historical
2012,14,2012_14_NO_NYG,2012-12-09,NO,NYG,0.6529263757229801,1,historical
2012,14,2012_14_NYJ_JAX,2012-12-09,NYJ,JAX,0.38981710178195733,0,historical
2012,14,2012_14_PHI_TB,2012-12-09,PHI,TB,0.7461066580374065,0,historical
2012,14,2012_14_SD_PIT,2012-12-09,SD,PIT,0.7196109451512069,0,historical
2012,14,2012_14_STL_BUF,2012-12-09,STL,BUF,0.5590376617777568,0,historical
2012,14,2012_14_TEN_IND,2012-12-09,TEN,IND,0.6491777520913908,1,historical
2012,14,2012_14_HOU_NE,2012-12-10,HOU,NE,0.610982502541272,1,historical
2012,15,2012_15_CIN_PHI,2012-12-13,CIN,PHI,0.32470710949629783,0,historical
2012,15,2012_15_CAR_SD,2012-12-16,CAR,SD,0.6022249418449028,0,historical
2012,15,2012_15_DEN_BAL,2012-12-16,DEN,BAL,0.48411193990585977,0,historical
2012,15,2012_15_DET_ARI,2012-12-16,DET,ARI,0.4334268666501929,1,historical
2012,15,2012_15_GB_CHI,2012-12-16,GB,CHI,0.41850074008075183,0,historical
2012,15,2012_15_IND_HOU,2012-12-16,IND,HOU,0.7435666048545709,1,historical
2012,15,2012_15_JAX_MIA,2012-12-16,JAX,MIA,0.7361959023112089,1,historical
2012,15,2012_15_KC_OAK,2012-12-16,KC,OAK,0.5927267013608912,1,historical
2012,15,2012_15_MIN_STL,2012-12-16,MIN,STL,0.5495477194670464,0,historical
2012,15,2012_15_NYG_ATL,2012-12-16,NYG,ATL,0.5400958202832702,1,historical
2012,15,2012_15_PIT_DAL,2012-12-16,PIT,DAL,0.5109496178469158,1,historical
2012,15,2012_15_SEA_BUF,2012-12-16,SEA,BUF,0.3670784524931473,0,historical
2012,15,2012_15_SF_NE,2012-12-16,SF,NE,0.6630477080328057,0,historical
2012,15,2012_15_TB_NO,2012-12-16,TB,NO,0.6155921943749486,1,historical
2012,15,2012_15_WAS_CLE,2012-12-16,WAS,CLE,0.48484464813848865,0,historical
2012,15,2012_15_NYJ_TEN,2012-12-17,NYJ,TEN,0.48009885509545724,1,historical
2012,16,2012_16_ATL_DET,2012-12-22,ATL,DET,0.21488841601383346,0,historical
2012,16,2012_16_BUF_MIA,2012-12-23,BUF,MIA,0.6477039600452144,1,historical
2012,16,2012_16_CHI_ARI,2012-12-23,CHI,ARI,0.4018482213108399,0,historical
2012,16,2012_16_CIN_PIT,2012-12-23,CIN,PIT,0.48607124938390667,0,historical
2012,16,2012_16_CLE_DEN,2012-12-23,CLE,DEN,0.852489932033037,1,historical
2012,16,2012_16_IND_KC,2012-12-23,IND,KC,0.2715064812480576,0,historical
2012,16,2012_16_MIN_HOU,2012-12-23,MIN,HOU,0.7553324728834707,0,historical
2012,16,2012_16_NE_JAX,2012-12-23,NE,JAX,0.10109717765514864,0,historical
2012,16,2012_16_NO_DAL,2012-12-23,NO,DAL,0.4763627749216541,0,historical
2012,16,2012_16_NYG_BAL,2012-12-23,NYG,BAL,0.504327045118147,1,historical
2012,16,2012_16_OAK_CAR,2012-12-23,OAK,CAR,0.7454164919431672,1,historical
2012,16,2012_16_SD_NYJ,2012-12-23,SD,NYJ,0.5663260924192272,0,historical
2012,16,2012_16_SF_SEA,2012-12-23,SF,SEA,0.40132166874266695,1,historical
2012,16,2012_16_STL_TB,2012-12-23,STL,TB,0.580608822717984,0,historical
2012,16,2012_16_TEN_GB,2012-12-23,TEN,GB,0.8215692058379483,1,historical
2012,16,2012_16_WAS_PHI,2012-12-23,WAS,PHI,0.3052823340207372,0,historical
2012,17,2012_17_ARI_SF,2012-12-30,ARI,SF,0.8571328956264507,1,historical
2012,17,2012_17_BAL_CIN,2012-12-30,BAL,CIN,0.5260040545519316,1,historical
2012,17,2012_17_CAR_NO,2012-12-30,CAR,NO,0.6214998427474139,0,historical
2012,17,2012_17_CHI_DET,2012-12-30,CHI,DET,0.3442169361279202,0,historical
2012,17,2012_17_CLE_PIT,2012-12-30,CLE,PIT,0.6780639577704827,1,historical
2012,17,2012_17_DAL_WAS,2012-12-30,DAL,WAS,0.6385085668946088,1,historical
2012,17,2012_17_GB_MIN,2012-12-30,GB,MIN,0.40398459581036544,1,historical
2012,17,2012_17_HOU_IND,2012-12-30,HOU,IND,0.4079136393737133,1,historical
2012,17,2012_17_JAX_TEN,2012-12-30,JAX,TEN,0.7246835742106621,1,historical
2012,17,2012_17_KC_DEN,2012-12-30,KC,DEN,0.9364868540767465,1,historical
2012,17,2012_17_MIA_NE,2012-12-30,MIA,NE,0.8243132894774331,1,historical
2012,17,2012_17_NYJ_BUF,2012-12-30,NYJ,BUF,0.5095172786852692,1,historical
2012,17,2012_17_OAK_SD,2012-12-30,OAK,SD,0.7275891607815759,1,historical
2012,17,2012_17_PHI_NYG,2012-12-30,PHI,NYG,0.8261827997019546,1,historical
2012,17,2012_17_STL_SEA,2012-12-30,STL,SEA,0.7742576570250413,1,historical
2012,17,2012_17_TB_ATL,2012-12-30,TB,ATL,0.8576431053909853,0,historical
2012,18,2012_18_CIN_HOU,2013-01-05,CIN,HOU,0.5117810912029935,1,historical
2012,18,2012_18_MIN_GB,2013-01-05,MIN,GB,0.649807884376159,1,historical
2012,18,2012_18_IND_BAL,2013-01-06,IND,BAL,0.615345888726034,1,historical
2012,18,2012_18_SEA_WAS,2013-01-06,SEA,WAS,0.4356875547417503,0,historical
2012,19,2012_19_BAL_DEN,2013-01-12,BAL,DEN,0.6826076938949367,0,historical
2012,19,2012_19_GB_SF,2013-01-12,GB,SF,0.5423386409730568,1,historical
2012,19,2012_19_HOU_NE,2013-01-13,HOU,NE,0.7348478565533257,1,historical
2012,19,2012_19_SEA_ATL,2013-01-13,SEA,ATL,0.5001895873102461,1,historical
2012,20,2012_20_BAL_NE,2013-01-20,BAL,NE,0.7207909556887813,0,historical
2012,20,2012_20_SF_ATL,2013-01-20,SF,ATL,0.5000892506839723,0,historical
2012,21,2012_21_BAL_SF,2013-02-03,BAL,SF,0.6120752629095643,0,historical
2013,1,2013_01_BAL_DEN,2013-09-05,BAL,DEN,0.5513951145167301,1,historical
2013,1,2013_01_ARI_STL,2013-09-08,ARI,STL,0.6163792219428461,1,historical
2013,1,2013_01_ATL_NO,2013-09-08,ATL,NO,0.4855307013833875,1,historical
2013,1,2013_01_CIN_CHI,2013-09-08,CIN,CHI,0.5372788924809179,1,historical
2013,1,2013_01_GB_SF,2013-09-08,GB,SF,0.5895392281428546,1,historical
2013,1,2013_01_KC_JAX,2013-09-08,KC,JAX,0.5641296032971531,0,historical
2013,1,2013_01_MIA_CLE,2013-09-08,MIA,CLE,0.4957850640810721,0,historical
2013,1,2013_01_MIN_DET,2013-09-08,MIN,DET,0.4282278212265241,1,historical
2013,1,2013_01_NE_BUF,2013-09-08,NE,BUF,0.3602014976156277,0,historical
2013,1,2013_01_NYG_DAL,2013-09-08,NYG,DAL,0.47747742725232173,1,historical
2013,1,2013_01_OAK_IND,2013-09-08,OAK,IND,0.6799007563902141,1,historical
2013,1,2013_01_SEA_CAR,2013-09-08,SEA,CAR,0.47129714772987485,0,historical
2013,1,2013_01_TB_NYJ,2013-09-08,TB,NYJ,0.5057013734983681,1,historical
2013,1,2013_01_TEN_PIT,2013-09-08,TEN,PIT,0.6155559503048033,0,historical
2013,1,2013_01_HOU_SD,2013-09-09,HOU,SD,0.48799335960115936,0,historical
2013,1,2013_01_PHI_WAS,2013-09-09,PHI,WAS,0.7031819613350151,0,historical
2013,2,2013_02_NYJ_NE,2013-09-12,NYJ,NE,0.7581951483136865,1,historical
2013,2,2013_02_CAR_BUF,2013-09-15,CAR,BUF,0.4787876929622791,1,historical
2013,2,2013_02_CLE_BAL,2013-09-15,CLE,BAL,0.7477484516037394,1,historical
2013,2,2013_02_DAL_KC,2013-09-15,DAL,KC,0.43944144341858987,1,historical
2013,2,2013_02_DEN_NYG,2013-09-15,DEN,NYG,0.4072516513129846,0,historical
2013,2,2013_02_DET_ARI,2013-09-15,DET,ARI,0.48714595436579966,1,historical
2013,2,2013_02_JAX_OAK,2013-09-15,JAX,OAK,0.645793022471039,1,historical
2013,2,2013_02_MIA_IND,2013-09-15,MIA,IND,0.5574138156241787,0,historical
2013,2,2013_02_MIN_CHI,2013-09-15,MIN,CHI,0.6163500362388598,1,historical
2013,2,2013_02_NO_TB,2013-09-15,NO,TB,0.4532958016227174,0,historical
2013,2,2013_02_SD_PHI,2013-09-15,SD,PHI,0.5186952648124099,0,historical
2013,2,2013_02_SF_SEA,2013-09-15,SF,SEA,0.5418780061311818,1,historical
2013,2,2013_02_STL_ATL,2013-09-15,STL,ATL,0.6272834685750925,1,historical
2013,2,2013_02_TEN_HOU,2013-09-15,TEN,HOU,0.634306462182467,1,historical
2013,2,2013_02_WAS_GB,2013-09-15,WAS,GB,0.6477698500071754,1,historical
2013,2,2013_02_PIT_CIN,2013-09-16,PIT,CIN,0.6226821480663075,1,historical
2013,3,2013_03_KC_PHI,2013-09-19,KC,PHI,0.5507618033343791,0,historical
2013,3,2013_03_ARI_NO,2013-09-22,ARI,NO,0.6990587904172669,1,historical
2013,3,2013_03_ATL_MIA,2013-09-22,ATL,MIA,0.529374901773379,1,historical
2013,3,2013_03_BUF_NYJ,2013-09-22,BUF,NYJ,0.5334803226591089,1,historical
2013,3,2013_03_CHI_PIT,2013-09-22,CHI,PIT,0.4292939284638139,0,historical
2013,3,2013_03_CLE_MIN,2013-09-22,CLE,MIN,0.6789302970571612,0,historical
2013,3,2013_03_DET_WAS,2013-09-22,DET,WAS,0.5710932197311659,0,historical
2013,3,2013_03_GB_CIN,2013-09-22,GB,CIN,0.5120014701919833,1,historical
2013,3,2013_03_HOU_BAL,2013-09-22,HOU,BAL,0.5792479065173428,1,historical
2013,3,2013_03_IND_SF,2013-09-22,IND,SF,0.6670686401946088,0,historical
2013,3,2013_03_JAX_SEA,2013-09-22,JAX,SEA,0.8858238890337097,1,historical
2013,3,2013_03_NYG_CAR,2013-09-22,NYG,CAR,0.561397404970988,1,historical
2013,3,2013_03_SD_TEN,2013-09-22,SD,TEN,0.5605972603690371,1,historical
2013,3,2013_03_STL_DAL,2013-09-22,STL,DAL,0.5911357726410514,1,historical
2013,3,2013_03_TB_NE,2013-09-22,TB,NE,0.7570596663307309,1,historical
2013,3,2013_03_OAK_DEN,2013-09-23,OAK,DEN,0.8233655700917688,1,historical
2013,4,2013_04_SF_STL,2013-09-26,SF,STL,0.43820875525400443,0,historical
2013,4,2013_04_ARI_TB,2013-09-29,ARI,TB,0.5800777137758348,0,historical
2013,4,2013_04_BAL_BUF,2013-09-29,BAL,BUF,0.3201085648306603,1,historical
2013,4,2013_04_CHI_DET,2013-09-29,CHI,DET,0.42579977236420674,1,historical
2013,4,2013_04_CIN_CLE,2013-09-29,CIN,CLE,0.3676313057621343,1,historical
2013,4,2013_04_DAL_SD,2013-09-29,DAL,SD,0.4836877674469162,1,historical
2013,4,2013_04_IND_JAX,2013-09-29,IND,JAX,0.24639207040837066,0,historical
2013,4,2013_04_NE_ATL,2013-09-29,NE,ATL,0.432953933222667,0,historical
2013,4,2013_04_NYG_KC,2013-09-29,NYG,KC,0.5745564875642718,1,historical
2013,4,2013_04_NYJ_TEN,2013-09-29,NYJ,TEN,0.6200195286010869,1,historical
2013,4,2013_04_PHI_DEN,2013-09-29,PHI,DEN,0.8516473292418073,1,historical
2013,4,2013_04_PIT_MIN,2013-09-29,PIT,MIN,0.6079952955583924,1,historical
2013,4,2013_04_SEA_HOU,2013-09-29,SEA,HOU,0.392691329891483,0,historical
2013,4,2013_04_WAS_OAK,2013-09-29,WAS,OAK,0.5256611757384244,0,historical
2013,4,2013_04_MIA_NO,2013-09-30,MIA,NO,0.5780643344617693,1,historical
2013,5,2013_05_BUF_CLE,2013-10-03,BUF,CLE,0.5722585538397419,1,historical
2013,5,2013_05_BAL_MIA,2013-10-06,BAL,MIA,0.4808970259970009,0,historical
2013,5,2013_05_CAR_ARI,2013-10-06,CAR,ARI,0.4305671070747426,1,historical
2013,5,2013_05_DEN_DAL,2013-10-06,DEN,DAL,0.31806017281432974,0,historical
2013,5,2013_05_DET_GB,2013-10-06,DET,GB,0.6194801301976113,1,historical
2013,5,2013_05_HOU_SF,2013-10-06,HOU,SF,0.606181435257129,1,historical
2013,5,2013_05_JAX_STL,2013-10-06,JAX,STL,0.711432131030786,1,historical
2013,5,2013_05_KC_TEN,2013-10-06,KC,TEN,0.610176846005287,0,historical
2013,5,2013_05_NE_CIN,2013-10-06,NE,CIN,0.3803240525375596,1,historical
2013,5,2013_05_NO_CHI,2013-10-06,NO,CHI,0.4742647159943488,0,historical
2013,5,2013_05_PHI_NYG,2013-10-06,PHI,NYG,0.606193087342189,0,historical
2013,5,2013_05_SD_OAK,2013-10-06,SD,OAK,0.3845016735146492,1,historical
2013,5,2013_05_SEA_IND,2013-10-06,SEA,IND,0.4386634056383056,1,historical
2013,5,2013_05_NYJ_ATL,2013-10-07,NYJ,ATL,0.6748508706560329,0,historical
2013,6,2013_06_NYG_CHI,2013-10-10,NYG,CHI,0.736783661134291,1,historical
2013,6,2013_06_ARI_SF,2013-10-13,ARI,SF,0.7024887665636199,1,historical
2013,6,2013_06_CAR_MIN,2013-10-13,CAR,MIN,0.5447765206247591,0,historical
2013,6,2013_06_CIN_BUF,2013-10-13,CIN,BUF,0.38008471382749653,0,historical
2013,6,2013_06_DET_CLE,2013-10-13,DET,CLE,0.5619332067360363,0,historical
2013,6,2013_06_GB_BAL,2013-10-13,GB,BAL,0.5793277349624039,0,historical
2013,6,2013_06_JAX_DEN,2013-10-13,JAX,DEN,0.9283842155345802,1,historical
2013,6,2013_06_NO_NE,2013-10-13,NO,NE,0.5446589463643903,1,historical
2013,6,2013_06_OAK_KC,2013-10-13,OAK,KC,0.7064191868036734,1,historical
2013,6,2013_06_PHI_TB,2013-10-13,PHI,TB,0.5449433673137608,0,historical
2013,6,2013_06_PIT_NYJ,2013-10-13,PIT,NYJ,0.6177862480069841,0,historical
2013,6,2013_06_STL_HOU,2013-10-13,STL,HOU,0.6468763328193389,0,historical
2013,6,2013_06_TEN_SEA,2013-10-13,TEN,SEA,0.7176466889308225,1,historical
2013,6,2013_06_WAS_DAL,2013-10-13,WAS,DAL,0.5921544916608432,1,historical
2013,6,2013_06_IND_SD,2013-10-14,IND,SD,0.38140840912664375,1,historical
2013,7,2013_07_SEA_ARI,2013-10-17,SEA,ARI,0.3193783913262474,0,historical
2013,7,2013_07_BAL_PIT,2013-10-20,BAL,PIT,0.3708058234948464,1,historical
2013,7,2013_07_BUF_MIA,2013-10-20,BUF,MIA,0.6722452598051813,0,historical
2013,7,2013_07_CHI_WAS,2013-10-20,CHI,WAS,0.4260394010615311,1,historical
2013,7,2013_07_CIN_DET,2013-10-20,CIN,DET,0.5099371966507481,0,historical
2013,7,2013_07_CLE_GB,2013-10-20,CLE,GB,0.7370419352594907,1,historical
2013,7,2013_07_DAL_PHI,2013-10-20,DAL,PHI,0.47807006877327285,0,historical
2013,7,2013_07_DEN_IND,2013-10-20,DEN,IND,0.373599560833472,1,historical
2013,7,2013_07_HOU_KC,2013-10-20,HOU,KC,0.7026465772583534,1,historical
2013,7,2013_07_NE_NYJ,2013-10-20,NE,NYJ,0.26212221816534675,1,historical
2013,7,2013_07_SD_JAX,2013-10-20,SD,JAX,0.24873375598289937,0,historical
2013,7,2013_07_SF_TEN,2013-10-20,SF,TEN,0.38771654386043725,0,historical
2013,7,2013_07_STL_CAR,2013-10-20,STL,CAR,0.6321853491110209,1,historical
2013,7,2013_07_TB_ATL,2013-10-20,TB,ATL,0.7094955939397344,1,historical
2013,7,2013_07_MIN_NYG,2013-10-21,MIN,NYG,0.45575883342050205,1,historical
2013,8,2013_08_CAR_TB,2013-10-24,CAR,TB,0.3033120532456289,0,historical
2013,8,2013_08_ATL_ARI,2013-10-27,ATL,ARI,0.4567175520375666,1,historical
2013,8,2013_08_BUF_NO,2013-10-27,BUF,NO,0.766391004714911,1,historical
2013,8,2013_08_CLE_KC,2013-10-27,CLE,KC,0.7091497692120043,1,historical
2013,8,2013_08_DAL_DET,2013-10-27,DAL,DET,0.5059727100626641,1,historical
2013,8,2013_08_GB_MIN,2013-10-27,GB,MIN,0.2740671485923246,0,historical
2013,8,2013_08_MIA_NE,2013-10-27,MIA,NE,0.7171679198108858,1,historical
2013,8,2013_08_NYG_PHI,2013-10-27,NYG,PHI,0.5904032679563586,0,historical
2013,8,2013_08_NYJ_CIN,2013-10-27,NYJ,CIN,0.7458067761898496,1,historical
2013,8,2013_08_PIT_OAK,2013-10-27,PIT,OAK,0.456887276977778,1,historical
2013,8,2013_08_SF_JAX,2013-10-27,SF,JAX,0.12746732867711613,0,historical
2013,8,2013_08_WAS_DEN,2013-10-27,WAS,DEN,0.7941032113975972,1,historical
2013,8,2013_08_SEA_STL,2013-10-28,SEA,STL,0.28854637179595455,0,historical
2013,9,2013_09_CIN_MIA,2013-10-31,CIN,MIA,0.3882244138478388,1,historical
2013,9,2013_09_ATL_CAR,2013-11-03,ATL,CAR,0.686506283608793,1,historical
2013,9,2013_09_BAL_CLE,2013-11-03,BAL,CLE,0.37098779093430967,1,historical
2013,9,2013_09_IND_HOU,2013-11-03,IND,HOU,0.34716970606141623,0,historical
2013,9,2013_09_KC_BUF,2013-11-03,KC,BUF,0.36408426171957486,0,historical
2013,9,2013_09_MIN_DAL,2013-11-03,MIN,DAL,0.7492568563596224,1,historical
2013,9,2013_09_NO_NYJ,2013-11-03,NO,NYJ,0.26491235778281474,1,historical
2013,9,2013_09_PHI_OAK,2013-11-03,PHI,OAK,0.5851357330102641,0,historical
2013,9,2013_09_PIT_NE,2013-11-03,PIT,NE,0.77747146189046,1,historical
2013,9,2013_09_SD_WAS,2013-11-03,SD,WAS,0.45199737249360045,1,historical
2013,9,2013_09_TB_SEA,2013-11-03,TB,SEA,0.883623090145986,1,historical
2013,9,2013_09_TEN_STL,2013-11-03,TEN,STL,0.5313734989431758,0,historical
2013,9,2013_09_CHI_GB,2013-11-04,CHI,GB,0.7154262757561369,0,historical
2013,10,2013_10_WAS_MIN,2013-11-07,WAS,MIN,0.43965704268436034,1,historical
2013,10,2013_10_BUF_PIT,2013-11-10,BUF,PIT,0.5942107214185438,1,historical
2013,10,2013_10_CAR_SF,2013-11-10,CAR,SF,0.6138831578297694,0,historical
2013,10,2013_10_CIN_BAL,2013-11-10,CIN,BAL,0.4735926629976399,1,historical
2013,10,2013_10_DAL_NO,2013-11-10,DAL,NO,0.6173452923555278,1,historical
2013,10,2013_10_DEN_SD,2013-11-10,DEN,SD,0.32980421906487384,0,historical
2013,10,2013_10_DET_CHI,2013-11-10,DET,CHI,0.5968584677564556,0,historical
2013,10,2013_10_HOU_ARI,2013-11-10,HOU,ARI,0.6342263478239324,1,historical
2013,10,2013_10_JAX_TEN,2013-11-10,JAX,TEN,0.8354740381661341,0,historical
2013,10,2013_10_OAK_NYG,2013-11-10,OAK,NYG,0.6506309114792038,1,historical
2013,10,2013_10_PHI_GB,2013-11-10,PHI,GB,0.7425252338700742,0,historical
2013,10,2013_10_SEA_ATL,2013-11-10,SEA,ATL,0.2812679639147666,0,historical
2013,10,2013_10_STL_IND,2013-11-10,STL,IND,0.7776303657252107,0,historical
2013,10,2013_10_MIA_TB,2013-11-11,MIA,TB,0.37184452169102405,1,historical
2013,11,2013_11_IND_TEN,2013-11-14,IND,TEN,0.46896484512643893,0,historical
2013,11,2013_11_ARI_JAX,2013-11-17,ARI,JAX,0.262066520371839,0,historical
2013,11,2013_11_ATL_TB,2013-11-17,ATL,TB,0.47040627787443384,1,historical
2013,11,2013_11_BAL_CHI,2013-11-17,BAL,CHI,0.5461633362209392,1,historical
2013,11,2013_11_CLE_CIN,2013-11-17,CLE,CIN,0.7160885956029656,1,historical
2013,11,2013_11_DET_PIT,2013-11-17,DET,PIT,0.4530988054483203,1,historical
2013,11,2013_11_GB_NYG,2013-11-17,GB,NYG,0.4308810571901702,1,historical
2013,11,2013_11_KC_DEN,2013-11-17,KC,DEN,0.6901971234009264,1,historical
2013,11,2013_11_MIN_SEA,2013-11-17,MIN,SEA,0.8591208240613066,1,historical
2013,11,2013_11_NYJ_BUF,2013-11-17,NYJ,BUF,0.4716719559643981,1,historical
2013,11,2013_11_OAK_HOU,2013-11-17,OAK,HOU,0.6356095049326491,0,historical
2013,11,2013_11_SD_MIA,2013-11-17,SD,MIA,0.522828947030823,1,historical
2013,11,2013_11_SF_NO,2013-11-17,SF,NO,0.5438716828506391,1,historical
2013,11,2013_11_WAS_PHI,2013-11-17,WAS,PHI,0.6472906008624648,1,historical
2013,11,2013_11_NE_CAR,2013-11-18,NE,CAR,0.5070326121293615,1,historical
2013,12,2013_12_NO_ATL,2013-11-21,NO,ATL,0.2516605709597794,0,historical
2013,12,2013_12_CAR_MIA,2013-11-24,CAR,MIA,0.3545161845199382,0,historical
2013,12,2013_12_CHI_STL,2013-11-24,CHI,STL,0.48892617611202144,1,historical
2013,12,2013_12_DAL_NYG,2013-11-24,DAL,NYG,0.5167095117883704,0,historical
2013,12,2013_12_DEN_NE,2013-11-24,DEN,NE,0.44793580703636937,1,historical
2013,12,2013_12_IND_ARI,2013-11-24,IND,ARI,0.5079738346963499,1,historical
2013,12,2013_12_JAX_HOU,2013-11-24,JAX,HOU,0.724866620366497,0,historical
2013,12,2013_12_NYJ_BAL,2013-11-24,NYJ,BAL,0.72194580716057,1,historical
2013,12,2013_12_PIT_CLE,2013-11-24,PIT,CLE,0.47912799369570763,0,historical
2013,12,2013_12_SD_KC,2013-11-24,SD,KC,0.6886537776235668,0,historical
2013,12,2013_12_TB_DET,2013-11-24,TB,DET,0.6803247734481038,0,historical
2013,12,2013_12_TEN_OAK,2013-11-24,TEN,OAK,0.46456666940552704,0,historical
2013,12,2013_12_SF_WAS,2013-11-25,SF,WAS,0.2856372279257499,0,historical
2013,13,2013_13_GB_DET,2013-11-28,GB,DET,0.539921870609803,1,historical
2013,13,2013_13_OAK_DAL,2013-11-28,OAK,DAL,0.7651604027096641,1,historical
2013,13,2013_13_PIT_BAL,2013-11-28,PIT,BAL,0.5914328440040632,1,historical
2013,13,2013_13_ARI_PHI,2013-12-01,ARI,PHI,0.5129136559748833,1,historical
2013,13,2013_13_ATL_BUF,2013-12-01,ATL,BUF,0.5984990167979178,0,historical
2013,13,2013_13_CHI_MIN,2013-12-01,CHI,MIN,0.427182907921533,1,historical
2013,13,2013_13_CIN_SD,2013-12-01,CIN,SD,0.4131128675766726,0,historical
2013,13,2013_13_DEN_KC,2013-12-01,DEN,KC,0.35188616488087654,0,historical
2013,13,2013_13_JAX_CLE,2013-12-01,JAX,CLE,0.7038374506080054,0,historical
2013,13,2013_13_MIA_NYJ,2013-12-01,MIA,NYJ,0.4384256269275194,0,historical
2013,13,2013_13_NE_HOU,2013-12-01,NE,HOU,0.1926326423970758,0,historical
2013,13,2013_13_NYG_WAS,2013-12-01,NYG,WAS,0.4502941069867594,0,historical
2013,13,2013_13_STL_SF,2013-12-01,STL,SF,0.7005684756379993,1,historical
2013,13,2013_13_TB_CAR,2013-12-01,TB,CAR,0.8049267278117608,1,historical
2013,13,2013_13_TEN_IND,2013-12-01,TEN,IND,0.606491697330376,1,historical
2013,13,2013_13_NO_SEA,2013-12-02,NO,SEA,0.6218382016867215,1,historical
2013,14,2013_14_HOU_JAX,2013-12-05,HOU,JAX,0.5331330914514627,1,historical
2013,14,2013_14_ATL_GB,2013-12-08,ATL,GB,0.6215142071818058,1,historical
2013,14,2013_14_BUF_TB,2013-12-08,BUF,TB,0.568409214158534,1,historical
2013,14,2013_14_CAR_NO,2013-12-08,CAR,NO,0.5012421780504882,1,historical
2013,14,2013_14_CLE_NE,2013-12-08,CLE,NE,0.8520818173873139,1,historical
2013,14,2013_14_DET_PHI,2013-12-08,DET,PHI,0.5798868795076416,1,historical
2013,14,2013_14_IND_CIN,2013-12-08,IND,CIN,0.6849289784055518,1,historical
2013,14,2013_14_KC_WAS,2013-12-08,KC,WAS,0.339582605151328,0,historical
2013,14,2013_14_MIA_PIT,2013-12-08,MIA,PIT,0.5741120830868388,0,historical
2013,14,2013_14_MIN_BAL,2013-12-08,MIN,BAL,0.7378972196334181,1,historical
2013,14,2013_14_NYG_SD,2013-12-08,NYG,SD,0.5349180371645752,1,historical
2013,14,2013_14_OAK_NYJ,2013-12-08,OAK,NYJ,0.5576218632381156,1,historical
2013,14,2013_14_SEA_SF,2013-12-08,SEA,SF,0.4590876135052963,1,historical
2013,14,2013_14_STL_ARI,2013-12-08,STL,ARI,0.5860480864062086,1,historical
2013,14,2013_14_TEN_DEN,2013-12-08,TEN,DEN,0.8498985672077916,1,historical
2013,14,2013_14_DAL_CHI,2013-12-09,DAL,CHI,0.47838774727470007,1,historical
2013,15,2013_15_SD_DEN,2013-12-12,SD,DEN,0.8061207228875614,0,historical
2013,15,2013_15_ARI_TEN,2013-12-15,ARI,TEN,0.3839547824650429,0,historical
2013,15,2013_15_BUF_JAX,2013-12-15,BUF,JAX,0.5053714900308198,0,historical
2013,15,2013_15_CHI_CLE,2013-12-15,CHI,CLE,0.34830793346959826,0,historical
2013,15,2013_15_CIN_PIT,2013-12-15,CIN,PIT,0.34817629688051266,1,historical
2013,15,2013_15_GB_DAL,2013-12-15,GB,DAL,0.623372636292128,0,historical
2013,15,2013_15_HOU_IND,2013-12-15,HOU,IND,0.784426644739464,1,historical
2013,15,2013_15_KC_OAK,2013-12-15,KC,OAK,0.25706013559678575,0,historical
2013,15,2013_15_NE_MIA,2013-12-15,NE,MIA,0.3941643594657368,1,historical
2013,15,2013_15_NO_STL,2013-12-15,NO,STL,0.32387840445724514,1,historical
2013,15,2013_15_NYJ_CAR,2013-12-15,NYJ,CAR,0.831479556695245,1,historical
2013,15,2013_15_PHI_MIN,2013-12-15,PHI,MIN,0.3512724225513899,1,historical
2013,15,2013_15_SEA_NYG,2013-12-15,SEA,NYG,0.23366219818492778,0,historical
2013,15,2013_15_SF_TB,2013-12-15,SF,TB,0.27181980357026736,0,historical
2013,15,2013_15_WAS_ATL,2013-12-15,WAS,ATL,0.6336116935293664,1,historical
2013,15,2013_15_BAL_DET,2013-12-16,BAL,DET,0.44635302278230915,0,historical
2013,16,2013_16_ARI_SEA,2013-12-22,ARI,SEA,0.7556886319561573,0,historical
2013,16,2013_16_CHI_PHI,2013-12-22,CHI,PHI,0.5141807234735173,1,historical
2013,16,2013_16_CLE_NYJ,2013-12-22,CLE,NYJ,0.5776416131439335,1,historical
2013,16,2013_16_DAL_WAS,2013-12-22,DAL,WAS,0.3391486190186852,0,historical
2013,16,2013_16_DEN_HOU,2013-12-22,DEN,HOU,0.13030738283171392,0,historical
2013,16,2013_16_IND_KC,2013-12-22,IND,KC,0.6368292069813688,0,historical
2013,16,2013_16_MIA_BUF,2013-12-22,MIA,BUF,0.35372870374490084,1,historical
2013,16,2013_16_MIN_CIN,2013-12-22,MIN,CIN,0.7366620856856009,1,historical
2013,16,2013_16_NE_BAL,2013-12-22,NE,BAL,0.4973493509865918,0,historical
2013,16,2013_16_NO_CAR,2013-12-22,NO,CAR,0.5860891383410254,1,historical
2013,16,2013_16_NYG_DET,2013-12-22,NYG,DET,0.6079528635556402,0,historical
2013,16,2013_16_OAK_SD,2013-12-22,OAK,SD,0.8346668873578659,1,historical
2013,16,2013_16_PIT_GB,2013-12-22,PIT,GB,0.478236313975429,0,historical
2013,16,2013_16_TB_STL,2013-12-22,TB,STL,0.6769832072837961,1,historical
2013,16,2013_16_TEN_JAX,2013-12-22,TEN,JAX,0.39910812973569204,0,historical
2013,16,2013_16_ATL_SF,2013-12-23,ATL,SF,0.8591345915731301,1,historical
2013,17,2013_17_BAL_CIN,2013-12-29,BAL,CIN,0.6661975928580847,1,historical
2013,17,2013_17_BUF_NE,2013-12-29,BUF,NE,0.8042505172919595,1,historical
2013,17,2013_17_CAR_ATL,2013-12-29,CAR,ATL,0.23793945408104644,0,historical
2013,17,2013_17_CLE_PIT,2013-12-29,CLE,PIT,0.8120290994887037,1,historical
2013,17,2013_17_DEN_OAK,2013-12-29,DEN,OAK,0.12538485494198126,0,historical
2013,17,2013_17_DET_MIN,2013-12-29,DET,MIN,0.519088674113201,1,historical
2013,17,2013_17_GB_CHI,2013-12-29,GB,CHI,0.6265834732520806,0,historical
2013,17,2013_17_HOU_TEN,2013-12-29,HOU,TEN,0.751655014632692,1,historical
2013,17,2013_17_JAX_IND,2013-12-29,JAX,IND,0.8449273930656497,1,historical
2013,17,2013_17_KC_SD,2013-12-29,KC,SD,0.6050476926445406,1,historical
2013,17,2013_17_NYJ_MIA,2013-12-29,NYJ,MIA,0.7001908103417893,0,historical
2013,17,2013_17_PHI_DAL,2013-12-29,PHI,DAL,0.48382046333615053,0,historical
2013,17,2013_17_SF_ARI,2013-12-29,SF,ARI,0.43679822848971495,0,historical
2013,17,2013_17_STL_SEA,2013-12-29,STL,SEA,0.736557915384345,1,historical
2013,17,2013_17_TB_NO,2013-12-29,TB,NO,0.7743615591387172,1,historical
2013,17,2013_17_WAS_NYG,2013-12-29,WAS,NYG,0.7129646058358322,1,historical
2013,18,2013_18_KC_IND,2014-01-04,KC,IND,0.6211813619298423,1,historical
2013,18,2013_18_NO_PHI,2014-01-04,NO,PHI,0.4974218024821163,0,historical
2013,18,2013_18_SD_CIN,2014-01-05,SD,CIN,0.6516223567876512,0,historical
2013,18,2013_18_SF_GB,2014-01-05,SF,GB,0.25328197277649284,0,historical
2013,19,2013_19_IND_NE,2014-01-11,IND,NE,0.6850454924342236,1,historical
2013,19,2013_19_NO_SEA,2014-01-11,NO,SEA,0.6606161257524727,1,historical
2013,19,2013_19_SD_DEN,2014-01-12,SD,DEN,0.6589301661279652,1,historical
2013,19,2013_19_SF_CAR,2014-01-12,SF,CAR,0.46564591104476016,0,historical
2013,20,2013_20_NE_DEN,2014-01-19,NE,DEN,0.5740105071174249,1,historical
2013,20,2013_20_SF_SEA,2014-01-19,SF,SEA,0.5200482975803651,1,historical
2013,21,2013_21_SEA_DEN,2014-02-02,SEA,DEN,0.5501181850353639,0,historical
2014,1,2014_01_GB_SEA,2014-09-04,GB,SEA,0.7570434073484862,1,historical
2014,1,2014_01_BUF_CHI,2014-09-07,BUF,CHI,0.5746063021182777,0,historical
2014,1,2014_01_CAR_TB,2014-09-07,CAR,TB,0.40321436352158524,0,historical
2014,1,2014_01_CIN_BAL,2014-09-07,CIN,BAL,0.5024029345372315,0,historical
2014,1,2014_01_CLE_PIT,2014-09-07,CLE,PIT,0.7127759042308137,1,historical
2014,1,2014_01_IND_DEN,2014-09-07,IND,DEN,0.6449178571875717,1,historical
2014,1,2014_01_JAX_PHI,2014-09-07,JAX,PHI,0.7244229500534995,1,historical
2014,1,2014_01_MIN_STL,2014-09-07,MIN,STL,0.6112645999878691,0,historical
2014,1,2014_01_NE_MIA,2014-09-07,NE,MIA,0.40532083814380654,1,historical
2014,1,2014_01_NO_ATL,2014-09-07,NO,ATL,0.40943892860176706,1,historical
2014,1,2014_01_OAK_NYJ,2014-09-07,OAK,NYJ,0.6579993860787067,1,historical
2014,1,2014_01_SF_DAL,2014-09-07,SF,DAL,0.3950795345056466,0,historical
2014,1,2014_01_TEN_KC,2014-09-07,TEN,KC,0.6005076064762822,0,historical
2014,1,2014_01_WAS_HOU,2014-09-07,WAS,HOU,0.5332325244708406,1,historical
2014,1,2014_01_NYG_DET,2014-09-08,NYG,DET,0.548039376012507,1,historical
2014,1,2014_01_SD_ARI,2014-09-08,SD,ARI,0.5505990334587864,1,historical
2014,2,2014_02_PIT_BAL,2014-09-11,PIT,BAL,0.47687204781652004,1,historical
2014,2,2014_02_ARI_NYG,2014-09-14,ARI,NYG,0.4146168545019128,0,historical
2014,2,2014_02_ATL_CIN,2014-09-14,ATL,CIN,0.7040180351732991,1,historical
2014,2,2014_02_CHI_SF,2014-09-14,CHI,SF,0.7571189972372544,0,historical
2014,2,2014_02_DAL_TEN,2014-09-14,DAL,TEN,0.6246924220669462,0,historical
2014,2,2014_02_DET_CAR,2014-09-14,DET,CAR,0.6473752814419893,1,historical
2014,2,2014_02_HOU_OAK,2014-09-14,HOU,OAK,0.5075696351048926,0,historical
2014,2,2014_02_JAX_WAS,2014-09-14,JAX,WAS,0.5583364283654438,1,historical
2014,2,2014_02_KC_DEN,2014-09-14,KC,DEN,0.7382674890532309,1,historical
2014,2,2014_02_MIA_BUF,2014-09-14,MIA,BUF,0.5087264092569562,1,historical
2014,2,2014_02_NE_MIN,2014-09-14,NE,MIN,0.5239880306064829,0,historical
2014,2,2014_02_NO_CLE,2014-09-14,NO,CLE,0.3634947337519942,1,historical
2014,2,2014_02_NYJ_GB,2014-09-14,NYJ,GB,0.5309308732128999,1,historical
2014,2,2014_02_SEA_SD,2014-09-14,SEA,SD,0.3949929115563275,1,historical
2014,2,2014_02_STL_TB,2014-09-14,STL,TB,0.5163650398237493,0,historical
2014,2,2014_02_PHI_IND,2014-09-15,PHI,IND,0.5105267346360973,0,historical
2014,3,2014_03_TB_ATL,2014-09-18,TB,ATL,0.5893539028100875,1,historical
2014,3,2014_03_BAL_CLE,2014-09-21,BAL,CLE,0.4144084490319982,0,historical
2014,3,2014_03_DAL_STL,2014-09-21,DAL,STL,0.49861022033374186,0,historical
2014,3,2014_03_DEN_SEA,2014-09-21,DEN,SEA,0.5608135108386707,1,historical
2014,3,2014_03_GB_DET,2014-09-21,GB,DET,0.5546680498792801,1,historical
2014,3,2014_03_HOU_NYG,2014-09-21,HOU,NYG,0.5223866334066286,1,historical
2014,3,2014_03_IND_JAX,2014-09-21,IND,JAX,0.3480510108893124,0,historical
2014,3,2014_03_KC_MIA,2014-09-21,KC,MIA,0.5939833982205706,0,historical
2014,3,2014_03_MIN_NO,2014-09-21,MIN,NO,0.6117233155675371,1,historical
2014,3,2014_03_OAK_NE,2014-09-21,OAK,NE,0.8308206579361808,1,historical
2014,3,2014_03_PIT_CAR,2014-09-21,PIT,CAR,0.6904588820035426,0,historical
2014,3,2014_03_SD_BUF,2014-09-21,SD,BUF,0.47272341588628647,0,historical
2014,3,2014_03_SF_ARI,2014-09-21,SF,ARI,0.5409132149010972,1,historical
2014,3,2014_03_TEN_CIN,2014-09-21,TEN,CIN,0.7046244925293138,1,historical
2014,3,2014_03_WAS_PHI,2014-09-21,WAS,PHI,0.7419308912052077,1,historical
2014,3,2014_03_CHI_NYJ,2014-09-22,CHI,NYJ,0.4798809694871077,0,historical
2014,4,2014_04_NYG_WAS,2014-09-25,NYG,WAS,0.48698904566694245,0,historical
2014,4,2014_04_ATL_MIN,2014-09-28,ATL,MIN,0.5351656674052603,1,historical
2014,4,2014_04_BUF_HOU,2014-09-28,BUF,HOU,0.46299276021169317,1,historical
2014,4,2014_04_CAR_BAL,2014-09-28,CAR,BAL,0.5321989208735493,1,historical
2014,4,2014_04_DET_NYJ,2014-09-28,DET,NYJ,0.44725067263863905,0,historical
2014,4,2014_04_GB_CHI,2014-09-28,GB,CHI,0.6637245252036938,0,historical
2014,4,2014_04_JAX_SD,2014-09-28,JAX,SD,0.8672878688743009,1,historical
2014,4,2014_04_MIA_OAK,2014-09-28,MIA,OAK,0.4201116558596347,0,historical
2014,4,2014_04_NO_DAL,2014-09-28,NO,DAL,0.5389026162422639,1,historical
2014,4,2014_04_PHI_SF,2014-09-28,PHI,SF,0.5495316631855448,1,historical
2014,4,2014_04_TB_PIT,2014-09-28,TB,PIT,0.7683134353378215,0,historical
2014,4,2014_04_TEN_IND,2014-09-28,TEN,IND,0.6469607691366333,1,historical
2014,4,2014_04_NE_KC,2014-09-29,NE,KC,0.4222144544053335,1,historical
2014,5,2014_05_MIN_GB,2014-10-02,MIN,GB,0.5913212557452131,1,historical
2014,5,2014_05_ARI_DEN,2014-10-05,ARI,DEN,0.5723998310525673,1,historical
2014,5,2014_05_ATL_NYG,2014-10-05,ATL,NYG,0.6261053645388511,1,historical
2014,5,2014_05_BAL_IND,2014-10-05,BAL,IND,0.5265971923872552,1,historical
2014,5,2014_05_BUF_DET,2014-10-05,BUF,DET,0.6559217539307132,0,historical
2014,5,2014_05_CHI_CAR,2014-10-05,CHI,CAR,0.5871989784715018,1,historical
2014,5,2014_05_CIN_NE,2014-10-05,CIN,NE,0.46823230892842327,1,historical
2014,5,2014_05_CLE_TEN,2014-10-05,CLE,TEN,0.585350226980649,0,historical
2014,5,2014_05_HOU_DAL,2014-10-05,HOU,DAL,0.7114014071138237,1,historical
2014,5,2014_05_KC_SF,2014-10-05,KC,SF,0.6069430886099381,1,historical
2014,5,2014_05_NYJ_SD,2014-10-05,NYJ,SD,0.7966015242212202,1,historical
2014,5,2014_05_PIT_JAX,2014-10-05,PIT,JAX,0.2697972078572518,0,historical
2014,5,2014_05_STL_PHI,2014-10-05,STL,PHI,0.6804685627816344,1,historical
2014,5,2014_05_TB_NO,2014-10-05,TB,NO,0.6915166585614386,1,historical
2014,5,2014_05_SEA_WAS,2014-10-06,SEA,WAS,0.2183341793034105,0,historical
2014,6,2014_06_IND_HOU,2014-10-09,IND,HOU,0.3843386351843722,0,historical
2014,6,2014_06_BAL_TB,2014-10-12,BAL,TB,0.3656127074059973,0,historical
2014,6,2014_06_CHI_ATL,2014-10-12,CHI,ATL,0.496859738557946,0,historical
2014,6,2014_06_DAL_SEA,2014-10-12,DAL,SEA,0.6608300557414978,0,historical
2014,6,2014_06_DEN_NYJ,2014-10-12,DEN,NYJ,0.23926932866798795,0,historical
2014,6,2014_06_DET_MIN,2014-10-12,DET,MIN,0.4769913259481921,0,historical
2014,6,2014_06_GB_MIA,2014-10-12,GB,MIA,0.4453318784531193,0,historical
2014,6,2014_06_JAX_TEN,2014-10-12,JAX,TEN,0.7173459619366453,1,historical
2014,6,2014_06_NE_BUF,2014-10-12,NE,BUF,0.41134729252785407,0,historical
2014,6,2014_06_NYG_PHI,2014-10-12,NYG,PHI,0.619844960988293,1,historical
2014,6,2014_06_PIT_CLE,2014-10-12,PIT,CLE,0.39049961608365774,1,historical
2014,6,2014_06_SD_OAK,2014-10-12,SD,OAK,0.16925788605969735,0,historical
2014,6,2014_06_WAS_ARI,2014-10-12,WAS,ARI,0.8100926800771233,1,historical
2014,6,2014_06_SF_STL,2014-10-13,SF,STL,0.34224364970814747,0,historical
2014,7,2014_07_NYJ_NE,2014-10-16,NYJ,NE,0.8241584273999725,1,historical
2014,7,2014_07_ARI_OAK,2014-10-19,ARI,OAK,0.20751079332762573,0,historical
2014,7,2014_07_ATL_BAL,2014-10-19,ATL,BAL,0.7770331387537129,1,historical
2014,7,2014_07_CAR_GB,2014-10-19,CAR,GB,0.592404542736879,1,historical
2014,7,2014_07_CIN_IND,2014-10-19,CIN,IND,0.5901240274741117,1,historical
2014,7,2014_07_CLE_JAX,2014-10-19,CLE,JAX,0.31528117415733325,1,historical
2014,7,2014_07_KC_SD,2014-10-19,KC,SD,0.6951949651594184,0,historical
2014,7,2014_07_MIA_CHI,2014-10-19,MIA,CHI,0.6228432290790814,0,historical
2014,7,2014_07_MIN_BUF,2014-10-19,MIN,BUF,0.604077814813445,1,historical
2014,7,2014_07_NO_DET,2014-10-19,NO,DET,0.5993209587464804,1,historical
2014,7,2014_07_NYG_DAL,2014-10-19,NYG,DAL,0.7047522606651768,1,historical
2014,7,2014_07_SEA_STL,2014-10-19,SEA,STL,0.30328175843401917,1,historical
2014,7,2014_07_SF_DEN,2014-10-19,SF,DEN,0.6096043028926725,1,historical
2014,7,2014_07_TEN_WAS,2014-10-19,TEN,WAS,0.4456323073588639,1,historical
2014,7,2014_07_HOU_PIT,2014-10-20,HOU,PIT,0.6387011892325455,1,historical
2014,8,2014_08_SD_DEN,2014-10-23,SD,DEN,0.6613451857596828,1,historical
2014,8,2014_08_BAL_CIN,2014-10-26,BAL,CIN,0.47394589845299767,1,historical
2014,8,2014_08_BUF_NYJ,2014-10-26,BUF,NYJ,0.4370994674818901,0,historical
2014,8,2014_08_CHI_NE,2014-10-26,CHI,NE,0.7574815557899574,1,historical
2014,8,2014_08_DET_ATL,2014-10-26,DET,ATL,0.32234344934426107,0,historical
2014,8,2014_08_GB_NO,2014-10-26,GB,NO,0.4381179671657758,1,historical
2014,8,2014_08_HOU_TEN,2014-10-26,HOU,TEN,0.5533370654831623,0,historical
2014,8,2014_08_IND_PIT,2014-10-26,IND,PIT,0.40236259907390726,1,historical
2014,8,2014_08_MIA_JAX,2014-10-26,MIA,JAX,0.34195799557269246,0,historical
2014,8,2014_08_MIN_TB,2014-10-26,MIN,TB,0.498593439167524,0,historical
2014,8,2014_08_OAK_CLE,2014-10-26,OAK,CLE,0.7138400066032929,1,historical
2014,8,2014_08_PHI_ARI,2014-10-26,PHI,ARI,0.5553368472260785,1,historical
2014,8,2014_08_SEA_CAR,2014-10-26,SEA,CAR,0.4418497948083262,0,historical
2014,8,2014_08_STL_KC,2014-10-26,STL,KC,0.7053628832537796,1,historical
2014,8,2014_08_WAS_DAL,2014-10-27,WAS,DAL,0.8439666156186757,0,historical
2014,9,2014_09_NO_CAR,2014-10-30,NO,CAR,0.473890158891945,0,historical
2014,9,2014_09_ARI_DAL,2014-11-02,ARI,DAL,0.537898821489271,0,historical
2014,9,2014_09_BAL_PIT,2014-11-02,BAL,PIT,0.5272573614896768,1,historical
2014,9,2014_09_DEN_NE,2014-11-02,DEN,NE,0.45894096319073197,1,historical
2014,9,2014_09_JAX_CIN,2014-11-02,JAX,CIN,0.8226749177406977,1,historical
2014,9,2014_09_NYJ_KC,2014-11-02,NYJ,KC,0.8206379992019605,1,historical
2014,9,2014_09_OAK_SEA,2014-11-02,OAK,SEA,0.8905503712939247,1,historical
2014,9,2014_09_PHI_HOU,2014-11-02,PHI,HOU,0.38008239679708744,0,historical
2014,9,2014_09_SD_MIA,2014-11-02,SD,MIA,0.4541914239372551,1,historical
2014,9,2014_09_STL_SF,2014-11-02,STL,SF,0.768548593746414,0,historical
2014,9,2014_09_TB_CLE,2014-11-02,TB,CLE,0.6420298988272617,1,historical
2014,9,2014_09_WAS_MIN,2014-11-02,WAS,MIN,0.6222392496516556,1,historical
2014,9,2014_09_IND_NYG,2014-11-03,IND,NYG,0.4142593894088849,0,historical
2014,10,2014_10_CLE_CIN,2014-11-06,CLE,CIN,0.7058009677590056,0,historical
2014,10,2014_10_ATL_TB,2014-11-09,ATL,TB,0.5253961829084743,0,historical
2014,10,2014_10_CHI_GB,2014-11-09,CHI,GB,0.6973735744770074,1,historical
2014,10,2014_10_DAL_JAX,2014-11-09,DAL,JAX,0.22997636413685554,0,historical
2014,10,2014_10_DEN_OAK,2014-11-09,DEN,OAK,0.11853313541625939,0,historical
2014,10,2014_10_KC_BUF,2014-11-09,KC,BUF,0.4303505560003722,0,historical
2014,10,2014_10_MIA_DET,2014-11-09,MIA,DET,0.5447256020718739,1,historical
2014,10,2014_10_NYG_SEA,2014-11-09,NYG,SEA,0.7623814214564568,1,historical
2014,10,2014_10_PIT_NYJ,2014-11-09,PIT,NYJ,0.23838065966208655,1,historical
2014,10,2014_10_SF_NO,2014-11-09,SF,NO,0.5863686038243352,0,historical
2014,10,2014_10_STL_ARI,2014-11-09,STL,ARI,0.790438729625342,1,historical
2014,10,2014_10_TEN_BAL,2014-11-09,TEN,BAL,0.7611875748188804,1,historical
2014,10,2014_10_CAR_PHI,2014-11-10,CAR,PHI,0.7356213968444973,1,historical
2014,11,2014_11_BUF_MIA,2014-11-13,BUF,MIA,0.6469495068185617,1,historical
2014,11,2014_11_ATL_CAR,2014-11-16,ATL,CAR,0.6043694964151659,0,historical
2014,11,2014_11_CIN_NO,2014-11-16,CIN,NO,0.6531504431208125,0,historical
2014,11,2014_11_DEN_STL,2014-11-16,DEN,STL,0.24349954930057024,1,historical
2014,11,2014_11_DET_ARI,2014-11-16,DET,ARI,0.6664335495368716,1,historical
2014,11,2014_11_HOU_CLE,2014-11-16,HOU,CLE,0.6533633953792228,0,historical
2014,11,2014_11_MIN_CHI,2014-11-16,MIN,CHI,0.5207762073747996,1,historical
2014,11,2014_11_NE_IND,2014-11-16,NE,IND,0.4472973466700186,0,historical
2014,11,2014_11_OAK_SD,2014-11-16,OAK,SD,0.8575403561320654,1,historical
2014,11,2014_11_PHI_GB,2014-11-16,PHI,GB,0.4985148373581593,1,historical
2014,11,2014_11_SEA_KC,2014-11-16,SEA,KC,0.5247795577942475,1,historical
2014,11,2014_11_SF_NYG,2014-11-16,SF,NYG,0.35713354992036334,0,historical
2014,11,2014_11_TB_WAS,2014-11-16,TB,WAS,0.6264764191925997,0,historical
2014,11,2014_11_PIT_TEN,2014-11-17,PIT,TEN,0.3079679248175879,0,historical
2014,12,2014_12_KC_OAK,2014-11-20,KC,OAK,0.13824324197620255,1,historical
2014,12,2014_12_ARI_SEA,2014-11-23,ARI,SEA,0.4688540282203683,1,historical
2014,12,2014_12_CIN_HOU,2014-11-23,CIN,HOU,0.45398585026338284,0,historical
2014,12,2014_12_CLE_ATL,2014-11-23,CLE,ATL,0.5126689511855073,0,historical
2014,12,2014_12_DAL_NYG,2014-11-23,DAL,NYG,0.33395909256996975,0,historical
2014,12,2014_12_DET_NE,2014-11-23,DET,NE,0.7541154438343661,1,historical
2014,12,2014_12_GB_MIN,2014-11-23,GB,MIN,0.28901675108754343,0,historical
2014,12,2014_12_JAX_IND,2014-11-23,JAX,IND,0.8560719751491238,1,historical
2014,12,2014_12_MIA_DEN,2014-11-23,MIA,DEN,0.6271698691921427,1,historical
2014,12,2014_12_STL_SD,2014-11-23,STL,SD,0.6350201918399412,1,historical
2014,12,2014_12_TB_CHI,2014-11-23,TB,CHI,0.6564966685381538,1,historical
2014,12,2014_12_TEN_PHI,2014-11-23,TEN,PHI,0.8179488028667712,1,historical
2014,12,2014_12_WAS_SF,2014-11-23,WAS,SF,0.8505760264535737,1,historical
2014,12,2014_12_BAL_NO,2014-11-24,BAL,NO,0.5184816389902218,0,historical
2014,12,2014_12_NYJ_BUF,2014-11-24,NYJ,BUF,0.6630709412701833,1,historical
2014,13,2014_13_CHI_DET,2014-11-27,CHI,DET,0.6634895326350155,1,historical
2014,13,2014_13_PHI_DAL,2014-11-27,PHI,DAL,0.5584937389515117,0,historical
2014,13,2014_13_SEA_SF,2014-11-27,SEA,SF,0.48628208795172845,0,historical
2014,13,2014_13_ARI_ATL,2014-11-30,ARI,ATL,0.2577270176702966,1,historical
2014,13,2014_13_CAR_MIN,2014-11-30,CAR,MIN,0.5387011284812686,1,historical
2014,13,2014_13_CIN_TB,2014-11-30,CIN,TB,0.2635893891009395,0,historical
2014,13,2014_13_CLE_BUF,2014-11-30,CLE,BUF,0.5869810045547821,1,historical
2014,13,2014_13_DEN_KC,2014-11-30,DEN,KC,0.4885097367144517,0,historical
2014,13,2014_13_NE_GB,2014-11-30,NE,GB,0.41001390898641926,1,historical
2014,13,2014_13_NO_PIT,2014-11-30,NO,PIT,0.6314646652956593,0,historical
2014,13,2014_13_NYG_JAX,2014-11-30,NYG,JAX,0.3934551004452808,1,historical
2014,13,2014_13_OAK_STL,2014-11-30,OAK,STL,0.7781901807509962,1,historical
2014,13,2014_13_SD_BAL,2014-11-30,SD,BAL,0.5834772820517032,0,historical
2014,13,2014_13_TEN_HOU,2014-11-30,TEN,HOU,0.7045980139009298,1,historical
2014,13,2014_13_WAS_IND,2014-11-30,WAS,IND,0.8459793444020663,1,historical
2014,13,2014_13_MIA_NYJ,2014-12-01,MIA,NYJ,0.28382676014990144,0,historical
2014,14,2014_14_DAL_CHI,2014-12-04,DAL,CHI,0.40883908942116426,0,historical
2014,14,2014_14_BAL_MIA,2014-12-07,BAL,MIA,0.5544908037812981,0,historical
2014,14,2014_14_BUF_DEN,2014-12-07,BUF,DEN,0.7439272904515059,1,historical
2014,14,2014_14_CAR_NO,2014-12-07,CAR,NO,0.7244647937031422,0,historical
2014,14,2014_14_HOU_JAX,2014-12-07,HOU,JAX,0.31775443941769294,0,historical
2014,14,2014_14_IND_CLE,2014-12-07,IND,CLE,0.3502205045168684,0,historical
2014,14,2014_14_KC_ARI,2014-12-07,KC,ARI,0.6044521726597061,1,historical
2014,14,2014_14_NE_SD,2014-12-07,NE,SD,0.3676968475946038,0,historical
2014,14,2014_14_NYG_TEN,2014-12-07,NYG,TEN,0.4498295370748317,0,historical
2014,14,2014_14_NYJ_MIN,2014-12-07,NYJ,MIN,0.6858811385861072,1,historical
2014,14,2014_14_PIT_CIN,2014-12-07,PIT,CIN,0.6217290454349722,0,historical
2014,14,2014_14_SEA_PHI,2014-12-07,SEA,PHI,0.4880856033543757,0,historical
2014,14,2014_14_SF_OAK,2014-12-07,SF,OAK,0.20142189966952398,1,historical
2014,14,2014_14_STL_WAS,2014-12-07,STL,WAS,0.30092312357886164,0,historical
2014,14,2014_14_TB_DET,2014-12-07,TB,DET,0.8085971754912984,1,historical
2014,14,2014_14_ATL_GB,2014-12-08,ATL,GB,0.7932797238542428,1,historical
2014,15,2014_15_ARI_STL,2014-12-11,ARI,STL,0.44492337153361783,0,historical
2014,15,2014_15_CIN_CLE,2014-12-14,CIN,CLE,0.42247042930835693,0,historical
2014,15,2014_15_DAL_PHI,2014-12-14,DAL,PHI,0.6026752367097439,0,historical
2014,15,2014_15_DEN_SD,2014-12-14,DEN,SD,0.3823184543641344,0,historical
2014,15,2014_15_GB_BUF,2014-12-14,GB,BUF,0.3396268888668295,1,historical
2014,15,2014_15_HOU_IND,2014-12-14,HOU,IND,0.6927491162714474,1,historical
2014,15,2014_15_JAX_BAL,2014-12-14,JAX,BAL,0.8900162588681486,1,historical
2014,15,2014_15_MIA_NE,2014-12-14,MIA,NE,0.7932085973247972,1,historical
2014,15,2014_15_MIN_DET,2014-12-14,MIN,DET,0.7231996647503187,1,historical
2014,15,2014_15_NYJ_TEN,2014-12-14,NYJ,TEN,0.47107679271282527,0,historical
2014,15,2014_15_OAK_KC,2014-12-14,OAK,KC,0.8032787189407149,1,historical
2014,15,2014_15_PIT_ATL,2014-12-14,PIT,ATL,0.37437322063762685,0,historical
2014,15,2014_15_SF_SEA,2014-12-14,SF,SEA,0.7944089994704115,1,historical
2014,15,2014_15_TB_CAR,2014-12-14,TB,CAR,0.7130069445428909,1,historical
2014,15,2014_15_WAS_NYG,2014-12-14,WAS,NYG,0.7382161163575471,1,historical
2014,15,2014_15_NO_CHI,2014-12-15,NO,CHI,0.49754923005696916,0,historical
2014,16,2014_16_TEN_JAX,2014-12-18,TEN,JAX,0.5739147650822407,1,historical
2014,16,2014_16_PHI_WAS,2014-12-20,PHI,WAS,0.19400275800837094,1,historical
2014,16,2014_16_SD_SF,2014-12-20,SD,SF,0.516689848930887,0,historical
2014,16,2014_16_ATL_NO,2014-12-21,ATL,NO,0.6377996886997032,0,historical
2014,16,2014_16_BAL_HOU,2014-12-21,BAL,HOU,0.3717059800443422,1,historical
2014,16,2014_16_BUF_OAK,2014-12-21,BUF,OAK,0.2646979546450305,1,historical
2014,16,2014_16_CLE_CAR,2014-12-21,CLE,CAR,0.6427201479813124,1,historical
2014,16,2014_16_DET_CHI,2014-12-21,DET,CHI,0.28677604660655953,0,historical
2014,16,2014_16_GB_TB,2014-12-21,GB,TB,0.19024273691557514,0,historical
2014,16,2014_16_IND_DAL,2014-12-21,IND,DAL,0.5528475007427149,1,historical
2014,16,2014_16_KC_PIT,2014-12-21,KC,PIT,0.6182203945281026,1,historical
2014,16,2014_16_MIN_MIA,2014-12-21,MIN,MIA,0.6590005866875127,1,historical
2014,16,2014_16_NE_NYJ,2014-12-21,NE,NYJ,0.12850690107031248,0,historical
2014,16,2014_16_NYG_STL,2014-12-21,NYG,STL,0.6333458251313376,0,historical
2014,16,2014_16_SEA_ARI,2014-12-21,SEA,ARI,0.4202814581858537,0,historical
2014,16,2014_16_DEN_CIN,2014-12-22,DEN,CIN,0.3707604752286931,1,historical
2014,17,2014_17_ARI_SF,2014-12-28,ARI,SF,0.4203362362311402,1,historical
2014,17,2014_17_BUF_NE,2014-12-28,BUF,NE,0.8162946632374712,0,historical
2014,17,2014_17_CAR_ATL,2014-12-28,CAR,ATL,0.556007126811073,0,historical
2014,17,2014_17_CHI_MIN,2014-12-28,CHI,MIN,0.6426420868346027,1,historical
2014,17,2014_17_CIN_PIT,2014-12-28,CIN,PIT,0.5797944014041725,1,historical
2014,17,2014_17_CLE_BAL,2014-12-28,CLE,BAL,0.780913134223707,1,historical
2014,17,2014_17_DAL_WAS,2014-12-28,DAL,WAS,0.15405318161069864,0,historical
2014,17,2014_17_DET_GB,2014-12-28,DET,GB,0.6178842134873489,1,historical
2014,17,2014_17_IND_TEN,2014-12-28,IND,TEN,0.16035144961409864,0,historical
2014,17,2014_17_JAX_HOU,2014-12-28,JAX,HOU,0.8170897833266545,1,historical
2014,17,2014_17_NO_TB,2014-12-28,NO,TB,0.380711752365102,0,historical
2014,17,2014_17_NYJ_MIA,2014-12-28,NYJ,MIA,0.7591660019043542,0,historical
2014,17,2014_17_OAK_DEN,2014-12-28,OAK,DEN,0.8855960452385753,1,historical
2014,17,2014_17_PHI_NYG,2014-12-28,PHI,NYG,0.483520017724084,0,historical
2014,17,2014_17_SD_KC,2014-12-28,SD,KC,0.5532088557670541,1,historical
2014,17,2014_17_STL_SEA,2014-12-28,STL,SEA,0.86667401167917,1,historical
2014,18,2014_18_ARI_CAR,2015-01-03,ARI,CAR,0.49595183075184784,1,historical
2014,18,2014_18_BAL_PIT,2015-01-03,BAL,PIT,0.6364171260259662,0,historical
2014,18,2014_18_CIN_IND,2015-01-04,CIN,IND,0.5637908358202313,1,historical
2014,18,2014_18_DET_DAL,2015-01-04,DET,DAL,0.6687571976111379,1,historical
2014,19,2014_19_BAL_NE,2015-01-10,BAL,NE,0.6506915553260895,1,historical
2014,19,2014_19_CAR_SEA,2015-01-10,CAR,SEA,0.801055440519895,1,historical
2014,19,2014_19_DAL_GB,2015-01-11,DAL,GB,0.5448928684192845,1,historical
2014,19,2014_19_IND_DEN,2015-01-11,IND,DEN,0.6381119659693214,0,historical
2014,20,2014_20_GB_SEA,2015-01-18,GB,SEA,0.680566889461568,1,historical
2014,20,2014_20_IND_NE,2015-01-18,IND,NE,0.6334161118943361,1,historical
2014,21,2014_21_NE_SEA,2015-02-01,NE,SEA,0.6072683656325676,0,historical
2015,1,2015_01_PIT_NE,2015-09-10,PIT,NE,0.6664209082401483,1,historical
2015,1,2015_01_BAL_DEN,2015-09-13,BAL,DEN,0.5703920458636551,1,historical
2015,1,2015_01_CAR_JAX,2015-09-13,CAR,JAX,0.37960007616412816,0,historical
2015,1,2015_01_CIN_OAK,2015-09-13,CIN,OAK,0.4065383215141812,0,historical
2015,1,2015_01_CLE_NYJ,2015-09-13,CLE,NYJ,0.5833527624110065,1,historical
2015,1,2015_01_DET_SD,2015-09-13,DET,SD,0.5219267206357342,1,historical
2015,1,2015_01_GB_CHI,2015-09-13,GB,CHI,0.33660995846513875,0,historical
2015,1,2015_01_IND_BUF,2015-09-13,IND,BUF,0.5214682747564882,1,historical
2015,1,2015_01_KC_HOU,2015-09-13,KC,HOU,0.5329936347518893,0,historical
2015,1,2015_01_MIA_WAS,2015-09-13,MIA,WAS,0.43264256265987333,0,historical
2015,1,2015_01_NO_ARI,2015-09-13,NO,ARI,0.6128383803917302,1,historical
2015,1,2015_01_NYG_DAL,2015-09-13,NYG,DAL,0.683751047343217,1,historical
2015,1,2015_01_SEA_STL,2015-09-13,SEA,STL,0.3528864652797683,1,historical
2015,1,2015_01_TEN_TB,2015-09-13,TEN,TB,0.6094525015787271,0,historical
2015,1,2015_01_MIN_SF,2015-09-14,MIN,SF,0.6033093969442987,1,historical
2015,1,2015_01_PHI_ATL,2015-09-14,PHI,ATL,0.46447711820073906,1,historical
2015,2,2015_02_DEN_KC,2015-09-17,DEN,KC,0.518439394103194,0,historical
2015,2,2015_02_ARI_CHI,2015-09-20,ARI,CHI,0.3740552892065934,0,historical
2015,2,2015_02_ATL_NYG,2015-09-20,ATL,NYG,0.5503070914416026,0,historical
2015,2,2015_02_BAL_OAK,2015-09-20,BAL,OAK,0.35186820092362187,1,historical
2015,2,2015_02_DAL_PHI,2015-09-20,DAL,PHI,0.46815525366301325,0,historical
2015,2,2015_02_DET_MIN,2015-09-20,DET,MIN,0.4661234666556239,1,historical
2015,2,2015_02_HOU_CAR,2015-09-20,HOU,CAR,0.6345482525669464,1,historical
2015,2,2015_02_MIA_JAX,2015-09-20,MIA,JAX,0.37080182519905974,1,historical
2015,2,2015_02_NE_BUF,2015-09-20,NE,BUF,0.4418303629230981,0,historical
2015,2,2015_02_SD_CIN,2015-09-20,SD,CIN,0.5955509228228987,1,historical
2015,2,2015_02_SEA_GB,2015-09-20,SEA,GB,0.5477597201597555,1,historical
2015,2,2015_02_SF_PIT,2015-09-20,SF,PIT,0.5598158440407249,1,historical
2015,2,2015_02_STL_WAS,2015-09-20,STL,WAS,0.39502131853805766,1,historical
2015,2,2015_02_TB_NO,2015-09-20,TB,NO,0.6935207963046491,0,historical
2015,2,2015_02_TEN_CLE,2015-09-20,TEN,CLE,0.5461195238905987,1,historical
2015,2,2015_02_NYJ_IND,2015-09-21,NYJ,IND,0.616187932294058,0,historical
2015,3,2015_03_WAS_NYG,2015-09-24,WAS,NYG,0.6070382570116662,1,historical
2015,3,2015_03_ATL_DAL,2015-09-27,ATL,DAL,0.6958520824672509,0,historical
2015,3,2015_03_BUF_MIA,2015-09-27,BUF,MIA,0.476138885561567,0,historical
2015,3,2015_03_CHI_SEA,2015-09-27,CHI,SEA,0.799379488616158,1,historical
2015,3,2015_03_CIN_BAL,2015-09-27,CIN,BAL,0.4729010847656373,0,historical
2015,3,2015_03_DEN_DET,2015-09-27,DEN,DET,0.372890876682078,0,historical
2015,3,2015_03_IND_TEN,2015-09-27,IND,TEN,0.41337523330587256,0,historical
2015,3,2015_03_JAX_NE,2015-09-27,JAX,NE,0.8570182677833516,1,historical
2015,3,2015_03_NO_CAR,2015-09-27,NO,CAR,0.7379945826812132,1,historical
2015,3,2015_03_OAK_CLE,2015-09-27,OAK,CLE,0.5890629464711158,0,historical
2015,3,2015_03_PHI_NYJ,2015-09-27,PHI,NYJ,0.609915019703972,0,historical
2015,3,2015_03_PIT_STL,2015-09-27,PIT,STL,0.3939309123454193,0,historical
2015,3,2015_03_SD_MIN,2015-09-27,SD,MIN,0.5117469027480672,1,historical
2015,3,2015_03_SF_ARI,2015-09-27,SF,ARI,0.6543011198666937,1,historical
2015,3,2015_03_TB_HOU,2015-09-27,TB,HOU,0.6644867641497972,1,historical
2015,3,2015_03_KC_GB,2015-09-28,KC,GB,0.6876146459439498,1,historical
2015,4,2015_04_BAL_PIT,2015-10-01,BAL,PIT,0.6808211579959099,0,historical
2015,4,2015_04_CAR_TB,2015-10-04,CAR,TB,0.28800635689188286,0,historical
2015,4,2015_04_CLE_SD,2015-10-04,CLE,SD,0.6490112638372423,1,historical
2015,4,2015_04_DAL_NO,2015-10-04,DAL,NO,0.3454899214038927,1,historical
2015,4,2015_04_GB_SF,2015-10-04,GB,SF,0.31433605090082783,0,historical
2015,4,2015_04_HOU_ATL,2015-10-04,HOU,ATL,0.6356350465442604,1,historical
2015,4,2015_04_JAX_IND,2015-10-04,JAX,IND,0.7091928441539452,1,historical
2015,4,2015_04_KC_CIN,2015-10-04,KC,CIN,0.6563000787138872,1,historical
2015,4,2015_04_MIN_DEN,2015-10-04,MIN,DEN,0.7167256561261681,1,historical
2015,4,2015_04_NYG_BUF,2015-10-04,NYG,BUF,0.6950306046458828,0,historical
2015,4,2015_04_NYJ_MIA,2015-10-04,NYJ,MIA,0.48744199375010766,0,historical
2015,4,2015_04_OAK_CHI,2015-10-04,OAK,CHI,0.44926447068332553,1,historical
2015,4,2015_04_PHI_WAS,2015-10-04,PHI,WAS,0.3794600790120714,1,historical
2015,4,2015_04_STL_ARI,2015-10-04,STL,ARI,0.7637217824819421,0,historical
2015,4,2015_04_DET_SEA,2015-10-05,DET,SEA,0.7392243515836482,1,historical
2015,5,2015_05_IND_HOU,2015-10-08,IND,HOU,0.4980509991424928,0,historical
2015,5,2015_05_ARI_DET,2015-10-11,ARI,DET,0.3781109568076585,0,historical
2015,5,2015_05_BUF_TEN,2015-10-11,BUF,TEN,0.34360829421320405,0,historical
2015,5,2015_05_CHI_KC,2015-10-11,CHI,KC,0.7013698823621323,0,historical
2015,5,2015_05_CLE_BAL,2015-10-11,CLE,BAL,0.7030338748646259,0,historical
2015,5,2015_05_DEN_OAK,2015-10-11,DEN,OAK,0.27456506935708774,0,historical
2015,5,2015_05_JAX_TB,2015-10-11,JAX,TB,0.5165707484590047,1,historical
2015,5,2015_05_NE_DAL,2015-10-11,NE,DAL,0.3647177139989662,0,historical
2015,5,2015_05_NO_PHI,2015-10-11,NO,PHI,0.6536955853805964,1,historical
2015,5,2015_05_SEA_CIN,2015-10-11,SEA,CIN,0.5599243595004527,1,historical
2015,5,2015_05_SF_NYG,2015-10-11,SF,NYG,0.6565866057199096,1,historical
2015,5,2015_05_STL_GB,2015-10-11,STL,GB,0.8063803969232872,1,historical
2015,5,2015_05_WAS_ATL,2015-10-11,WAS,ATL,0.7547595492317603,1,historical
2015,5,2015_05_PIT_SD,2015-10-12,PIT,SD,0.4389904786034691,0,historical
2015,6,2015_06_ATL_NO,2015-10-15,ATL,NO,0.3253423410400067,1,historical
2015,6,2015_06_ARI_PIT,2015-10-18,ARI,PIT,0.5305565844642918,1,historical
2015,6,2015_06_BAL_SF,2015-10-18,BAL,SF,0.4831399468184405,1,historical
2015,6,2015_06_CAR_SEA,2015-10-18,CAR,SEA,0.5757204153115302,0,historical
2015,6,2015_06_CHI_DET,2015-10-18,CHI,DET,0.5918990961566144,1,historical
2015,6,2015_06_CIN_BUF,2015-10-18,CIN,BUF,0.4455606966988517,0,historical
2015,6,2015_06_DEN_CLE,2015-10-18,DEN,CLE,0.2423484072625189,0,historical
2015,6,2015_06_HOU_JAX,2015-10-18,HOU,JAX,0.44954588602858914,0,historical
2015,6,2015_06_KC_MIN,2015-10-18,KC,MIN,0.5862833788067985,1,historical
2015,6,2015_06_MIA_TEN,2015-10-18,MIA,TEN,0.49331432107790407,0,historical
2015,6,2015_06_NE_IND,2015-10-18,NE,IND,0.31107387542154863,0,historical
2015,6,2015_06_SD_GB,2015-10-18,SD,GB,0.8037469860074531,1,historical
2015,6,2015_06_WAS_NYJ,2015-10-18,WAS,NYJ,0.7026378894926926,1,historical
2015,6,2015_06_NYG_PHI,2015-10-19,NYG,PHI,0.5435773849762489,1,historical
2015,7,2015_07_SEA_SF,2015-10-22,SEA,SF,0.39209574489964444,0,historical
2015,7,2015_07_ATL_TEN,2015-10-25,ATL,TEN,0.2883661823594145,0,historical
2015,7,2015_07_BUF_JAX,2015-10-25,BUF,JAX,0.31555268031845757,1,historical
2015,7,2015_07_CLE_STL,2015-10-25,CLE,STL,0.6008037619695157,1,historical
2015,7,2015_07_DAL_NYG,2015-10-25,DAL,NYG,0.5384560928235849,1,historical
2015,7,2015_07_HOU_MIA,2015-10-25,HOU,MIA,0.5506908762070641,1,historical
2015,7,2015_07_MIN_DET,2015-10-25,MIN,DET,0.4241041597517954,0,historical
2015,7,2015_07_NO_IND,2015-10-25,NO,IND,0.6482299936766982,0,historical
2015,7,2015_07_NYJ_NE,2015-10-25,NYJ,NE,0.7747473456530026,1,historical
2015,7,2015_07_OAK_SD,2015-10-25,OAK,SD,0.6157994546985981,0,historical
2015,7,2015_07_PHI_CAR,2015-10-25,PHI,CAR,0.6311013611654522,1,historical
2015,7,2015_07_PIT_KC,2015-10-25,PIT,KC,0.3451828818898496,1,historical
2015,7,2015_07_TB_WAS,2015-10-25,TB,WAS,0.5849062399738503,1,historical
2015,7,2015_07_BAL_ARI,2015-10-26,BAL,ARI,0.6990960512312432,1,historical
2015,8,2015_08_MIA_NE,2015-10-29,MIA,NE,0.8342648450190685,1,historical
2015,8,2015_08_ARI_CLE,2015-11-01,ARI,CLE,0.28050469398272115,0,historical
2015,8,2015_08_CIN_PIT,2015-11-01,CIN,PIT,0.46089933198542526,0,historical
2015,8,2015_08_DET_KC,2015-11-01,DET,KC,0.6877273971656549,1,historical
2015,8,2015_08_GB_DEN,2015-11-01,GB,DEN,0.5111799642864676,1,historical
2015,8,2015_08_MIN_CHI,2015-11-01,MIN,CHI,0.34637527818916614,0,historical
2015,8,2015_08_NYG_NO,2015-11-01,NYG,NO,0.4898818264152887,1,historical
2015,8,2015_08_NYJ_OAK,2015-11-01,NYJ,OAK,0.44093456128664127,1,historical
2015,8,2015_08_SD_BAL,2015-11-01,SD,BAL,0.5948216706781354,1,historical
2015,8,2015_08_SEA_DAL,2015-11-01,SEA,DAL,0.3984165185763434,0,historical
2015,8,2015_08_SF_STL,2015-11-01,SF,STL,0.6074635217229333,1,historical
2015,8,2015_08_TB_ATL,2015-11-01,TB,ATL,0.7671871978228856,0,historical
2015,8,2015_08_TEN_HOU,2015-11-01,TEN,HOU,0.6981376413872572,1,historical
2015,8,2015_08_IND_CAR,2015-11-02,IND,CAR,0.7492802974430371,1,historical
2015,9,2015_09_CLE_CIN,2015-11-05,CLE,CIN,0.871385321845299,1,historical
2015,9,2015_09_ATL_SF,2015-11-08,ATL,SF,0.3964681395826541,1,historical
2015,9,2015_09_DEN_IND,2015-11-08,DEN,IND,0.27830141555269,1,historical
2015,9,2015_09_GB_CAR,2015-11-08,GB,CAR,0.530723478903123,1,historical
2015,9,2015_09_JAX_NYJ,2015-11-08,JAX,NYJ,0.7363596095681587,1,historical
2015,9,2015_09_MIA_BUF,2015-11-08,MIA,BUF,0.5697391127815642,1,historical
2015,9,2015_09_NYG_TB,2015-11-08,NYG,TB,0.3928775295415395,0,historical
2015,9,2015_09_OAK_PIT,2015-11-08,OAK,PIT,0.6460524468842552,1,historical
2015,9,2015_09_PHI_DAL,2015-11-08,PHI,DAL,0.48588889840747507,0,historical
2015,9,2015_09_STL_MIN,2015-11-08,STL,MIN,0.6317182469209842,1,historical
2015,9,2015_09_TEN_NO,2015-11-08,TEN,NO,0.7862550691140637,0,historical
2015,9,2015_09_WAS_NE,2015-11-08,WAS,NE,0.8963991503925973,1,historical
2015,9,2015_09_CHI_SD,2015-11-09,CHI,SD,0.6049456151477299,0,historical
2015,10,2015_10_BUF_NYJ,2015-11-12,BUF,NYJ,0.5498479036179243,0,historical
2015,10,2015_10_ARI_SEA,2015-11-15,ARI,SEA,0.5613317541276859,0,historical
2015,10,2015_10_CAR_TEN,2015-11-15,CAR,TEN,0.1663697379851147,0,historical
2015,10,2015_10_CHI_STL,2015-11-15,CHI,STL,0.6837709259572634,0,historical
2015,10,2015_10_CLE_PIT,2015-11-15,CLE,PIT,0.8015572053613833,1,historical
2015,10,2015_10_DAL_TB,2015-11-15,DAL,TB,0.4033913184436181,1,historical
2015,10,2015_10_DET_GB,2015-11-15,DET,GB,0.8385171941075265,0,historical
2015,10,2015_10_JAX_BAL,2015-11-15,JAX,BAL,0.7141913677204219,0,historical
2015,10,2015_10_KC_DEN,2015-11-15,KC,DEN,0.7309695830007396,0,historical
2015,10,2015_10_MIA_PHI,2015-11-15,MIA,PHI,0.6895659091262655,0,historical
2015,10,2015_10_MIN_OAK,2015-11-15,MIN,OAK,0.44420958062175764,0,historical
2015,10,2015_10_NE_NYG,2015-11-15,NE,NYG,0.2673620197953438,0,historical
2015,10,2015_10_NO_WAS,2015-11-15,NO,WAS,0.4618781813724006,1,historical
2015,10,2015_10_HOU_CIN,2015-11-16,HOU,CIN,0.8185271699423307,0,historical
2015,11,2015_11_TEN_JAX,2015-11-19,TEN,JAX,0.6185790938755075,1,historical
2015,11,2015_11_CIN_ARI,2015-11-22,CIN,ARI,0.5572019245517873,1,historical
2015,11,2015_11_DAL_MIA,2015-11-22,DAL,MIA,0.5689113680950492,0,historical
2015,11,2015_11_DEN_CHI,2015-11-22,DEN,CHI,0.34665676167197135,0,historical
2015,11,2015_11_GB_MIN,2015-11-22,GB,MIN,0.5374241773403664,0,historical
2015,11,2015_11_IND_ATL,2015-11-22,IND,ATL,0.5645570336219121,0,historical
2015,11,2015_11_KC_SD,2015-11-22,KC,SD,0.30271025449810224,0,historical
2015,11,2015_11_NYJ_HOU,2015-11-22,NYJ,HOU,0.5577731057118162,1,historical
2015,11,2015_11_OAK_DET,2015-11-22,OAK,DET,0.49300387500374804,1,historical
2015,11,2015_11_SF_SEA,2015-11-22,SF,SEA,0.7635029066108528,1,historical
2015,11,2015_11_STL_BAL,2015-11-22,STL,BAL,0.5677690667997961,1,historical
2015,11,2015_11_TB_PHI,2015-11-22,TB,PHI,0.7424609815982287,0,historical
2015,11,2015_11_WAS_CAR,2015-11-22,WAS,CAR,0.8169775149649893,1,historical
2015,11,2015_11_BUF_NE,2015-11-23,BUF,NE,0.8117572629444354,1,historical
2015,12,2015_12_CAR_DAL,2015-11-26,CAR,DAL,0.29291130717907987,0,historical
2015,12,2015_12_CHI_GB,2015-11-26,CHI,GB,0.7885212040704255,0,historical
2015,12,2015_12_PHI_DET,2015-11-26,PHI,DET,0.49333632522458704,1,historical
2015,12,2015_12_ARI_SF,2015-11-29,ARI,SF,0.2343128982770201,0,historical
2015,12,2015_12_BUF_KC,2015-11-29,BUF,KC,0.6590336714415133,1,historical
2015,12,2015_12_MIA_NYJ,2015-11-29,MIA,NYJ,0.6073614823614226,1,historical
2015,12,2015_12_MIN_ATL,2015-11-29,MIN,ATL,0.47573771444031476,0,historical
2015,12,2015_12_NE_DEN,2015-11-29,NE,DEN,0.3559723449877241,1,historical
2015,12,2015_12_NO_HOU,2015-11-29,NO,HOU,0.6725756716116688,1,historical
2015,12,2015_12_NYG_WAS,2015-11-29,NYG,WAS,0.4209036530933177,1,historical
2015,12,2015_12_OAK_TEN,2015-11-29,OAK,TEN,0.38751167674228326,0,historical
2015,12,2015_12_PIT_SEA,2015-11-29,PIT,SEA,0.5838507887305145,1,historical
2015,12,2015_12_SD_JAX,2015-11-29,SD,JAX,0.5767060331039401,0,historical
2015,12,2015_12_STL_CIN,2015-11-29,STL,CIN,0.7942992067568023,1,historical
2015,12,2015_12_TB_IND,2015-11-29,TB,IND,0.6529364307761027,1,historical
2015,12,2015_12_BAL_CLE,2015-11-30,BAL,CLE,0.3970616973827312,0,historical
2015,13,2015_13_GB_DET,2015-12-03,GB,DET,0.36423258232858524,0,historical
2015,13,2015_13_ARI_STL,2015-12-06,ARI,STL,0.2329022892827791,0,historical
2015,13,2015_13_ATL_TB,2015-12-06,ATL,TB,0.512911425262574,1,historical
2015,13,2015_13_BAL_MIA,2015-12-06,BAL,MIA,0.4445280228531314,1,historical
2015,13,2015_13_CAR_NO,2015-12-06,CAR,NO,0.18466024748076681,0,historical
2015,13,2015_13_CIN_CLE,2015-12-06,CIN,CLE,0.1795290269837026,0,historical
2015,13,2015_13_DEN_SD,2015-12-06,DEN,SD,0.24466301553659017,0,historical
2015,13,2015_13_HOU_BUF,2015-12-06,HOU,BUF,0.5348111528651065,1,historical
2015,13,2015_13_IND_PIT,2015-12-06,IND,PIT,0.571882019797763,1,historical
2015,13,2015_13_JAX_TEN,2015-12-06,JAX,TEN,0.4671778734168572,1,historical
2015,13,2015_13_KC_OAK,2015-12-06,KC,OAK,0.30864478719453464,0,historical
2015,13,2015_13_NYJ_NYG,2015-12-06,NYJ,NYG,0.5726159759218299,0,historical
2015,13,2015_13_PHI_NE,2015-12-06,PHI,NE,0.8831092999547544,0,historical
2015,13,2015_13_SEA_MIN,2015-12-06,SEA,MIN,0.49594794396868397,0,historical
2015,13,2015_13_SF_CHI,2015-12-06,SF,CHI,0.6761839991846618,0,historical
2015,13,2015_13_DAL_WAS,2015-12-07,DAL,WAS,0.5485636050839319,0,historical
2015,14,2015_14_MIN_ARI,2015-12-10,MIN,ARI,0.7386472223741682,1,historical
2015,14,2015_14_ATL_CAR,2015-12-13,ATL,CAR,0.8457391532304073,1,historical
2015,14,2015_14_BUF_PHI,2015-12-13,BUF,PHI,0.476373916755395,1,historical
2015,14,2015_14_DAL_GB,2015-12-13,DAL,GB,0.7307744834709873,1,historical
2015,14,2015_14_DET_STL,2015-12-13,DET,STL,0.4748835678590769,1,historical
2015,14,2015_14_IND_JAX,2015-12-13,IND,JAX,0.32218516398909397,1,historical
2015,14,2015_14_NE_HOU,2015-12-13,NE,HOU,0.30153734794958215,0,historical
2015,14,2015_14_NO_TB,2015-12-13,NO,TB,0.6388205149832047,0,historical
2015,14,2015_14_OAK_DEN,2015-12-13,OAK,DEN,0.8240137002774411,0,historical
2015,14,2015_14_PIT_CIN,2015-12-13,PIT,CIN,0.6371072152569275,0,historical
2015,14,2015_14_SD_KC,2015-12-13,SD,KC,0.8442284434174823,1,historical
2015,14,2015_14_SEA_BAL,2015-12-13,SEA,BAL,0.2913002246808264,0,historical
2015,14,2015_14_SF_CLE,2015-12-13,SF,CLE,0.4187797020509066,1,historical
2015,14,2015_14_TEN_NYJ,2015-12-13,TEN,NYJ,0.7867997451739237,1,historical
2015,14,2015_14_WAS_CHI,2015-12-13,WAS,CHI,0.5859287563820648,0,historical
2015,14,2015_14_NYG_MIA,2015-12-14,NYG,MIA,0.4513643160171377,0,historical
2015,15,2015_15_TB_STL,2015-12-17,TB,STL,0.5605530037844069,1,historical
2015,15,2015_15_NYJ_DAL,2015-12-19,NYJ,DAL,0.487103058699227,0,historical
2015,15,2015_15_ARI_PHI,2015-12-20,ARI,PHI,0.30118517253148824,0,historical
2015,15,2015_15_ATL_JAX,2015-12-20,ATL,JAX,0.5093203316558101,0,historical
2015,15,2015_15_BUF_WAS,2015-12-20,BUF,WAS,0.4732138265322986,1,historical
2015,15,2015_15_CAR_NYG,2015-12-20,CAR,NYG,0.280876142015999,0,historical
2015,15,2015_15_CHI_MIN,2015-12-20,CHI,MIN,0.6735118897820666,1,historical
2015,15,2015_15_CIN_SF,2015-12-20,CIN,SF,0.2503222218821509,0,historical
2015,15,2015_15_CLE_SEA,2015-12-20,CLE,SEA,0.8909187375572708,1,historical
2015,15,2015_15_DEN_PIT,2015-12-20,DEN,PIT,0.5773491527362349,1,historical
2015,15,2015_15_GB_OAK,2015-12-20,GB,OAK,0.30445075463769034,0,historical
2015,15,2015_15_HOU_IND,2015-12-20,HOU,IND,0.5106053749227601,0,historical
2015,15,2015_15_KC_BAL,2015-12-20,KC,BAL,0.282226421637242,0,historical
2015,15,2015_15_MIA_SD,2015-12-20,MIA,SD,0.5350633257546185,1,historical
2015,15,2015_15_TEN_NE,2015-12-20,TEN,NE,0.9302406070821023,1,historical
2015,15,2015_15_DET_NO,2015-12-21,DET,NO,0.5556995725183955,0,historical
2015,16,2015_16_SD_OAK,2015-12-24,SD,OAK,0.5951050811347119,1,historical
2015,16,2015_16_WAS_PHI,2015-12-26,WAS,PHI,0.5365806634255952,0,historical
2015,16,2015_16_CAR_ATL,2015-12-27,CAR,ATL,0.21574349754158922,1,historical
2015,16,2015_16_CHI_TB,2015-12-27,CHI,TB,0.5267849387558544,0,historical
2015,16,2015_16_CLE_KC,2015-12-27,CLE,KC,0.8847684618177641,1,historical
2015,16,2015_16_DAL_BUF,2015-12-27,DAL,BUF,0.6127822108147919,1,historical
2015,16,2015_16_GB_ARI,2015-12-27,GB,ARI,0.631239077626628,1,historical
2015,16,2015_16_HOU_TEN,2015-12-27,HOU,TEN,0.2728396937029422,0,historical
2015,16,2015_16_IND_MIA,2015-12-27,IND,MIA,0.4672620667713297,0,historical
2015,16,2015_16_JAX_NO,2015-12-27,JAX,NO,0.5841595950353433,1,historical
2015,16,2015_16_NE_NYJ,2015-12-27,NE,NYJ,0.3055572510314248,1,historical
2015,16,2015_16_NYG_MIN,2015-12-27,NYG,MIN,0.6231804562738995,1,historical
2015,16,2015_16_PIT_BAL,2015-12-27,PIT,BAL,0.25200377981065875,1,historical
2015,16,2015_16_SF_DET,2015-12-27,SF,DET,0.6830417720743382,1,historical
2015,16,2015_16_STL_SEA,2015-12-27,STL,SEA,0.8358230523138709,0,historical
2015,16,2015_16_CIN_DEN,2015-12-28,CIN,DEN,0.5256584996234304,1,historical
2015,17,2015_17_BAL_CIN,2016-01-03,BAL,CIN,0.7622454393599623,1,historical
2015,17,2015_17_DET_CHI,2016-01-03,DET,CHI,0.5068975660210349,0,historical
2015,17,2015_17_JAX_HOU,2016-01-03,JAX,HOU,0.7709852265727235,1,historical
2015,17,2015_17_MIN_GB,2016-01-03,MIN,GB,0.6171721006854275,0,historical
2015,17,2015_17_NE_MIA,2016-01-03,NE,MIA,0.14408803089224886,1,historical
2015,17,2015_17_NO_ATL,2016-01-03,NO,ATL,0.6668349374642697,0,historical
2015,17,2015_17_NYJ_BUF,2016-01-03,NYJ,BUF,0.49760399573621905,1,historical
2015,17,2015_17_OAK_KC,2016-01-03,OAK,KC,0.8231662909158883,1,historical
2015,17,2015_17_PHI_NYG,2016-01-03,PHI,NYG,0.6008457870945275,0,historical
2015,17,2015_17_PIT_CLE,2016-01-03,PIT,CLE,0.2006362380605731,0,historical
2015,17,2015_17_SD_DEN,2016-01-03,SD,DEN,0.8008769175048319,1,historical
2015,17,2015_17_SEA_ARI,2016-01-03,SEA,ARI,0.6790737490212898,0,historical
2015,17,2015_17_STL_SF,2016-01-03,STL,SF,0.3539233829214671,1,historical
2015,17,2015_17_TB_CAR,2016-01-03,TB,CAR,0.8792477820160152,1,historical
2015,17,2015_17_TEN_IND,2016-01-03,TEN,IND,0.7720918692126834,1,historical
2015,17,2015_17_WAS_DAL,2016-01-03,WAS,DAL,0.4184872562026489,0,historical
2015,18,2015_18_KC_HOU,2016-01-09,KC,HOU,0.3683921252704479,0,historical
2015,18,2015_18_PIT_CIN,2016-01-09,PIT,CIN,0.5375753879918633,0,historical
2015,18,2015_18_GB_WAS,2016-01-10,GB,WAS,0.4973282405345752,0,historical
2015,18,2015_18_SEA_MIN,2016-01-10,SEA,MIN,0.42777006405416923,0,historical
2015,19,2015_19_GB_ARI,2016-01-16,GB,ARI,0.6264263467348257,1,historical
2015,19,2015_19_KC_NE,2016-01-16,KC,NE,0.4584273304458729,1,historical
2015,19,2015_19_PIT_DEN,2016-01-17,PIT,DEN,0.5028395915580354,1,historical
2015,19,2015_19_SEA_CAR,2016-01-17,SEA,CAR,0.528257604192496,1,historical
2015,20,2015_20_ARI_CAR,2016-01-24,ARI,CAR,0.6005861373202817,1,historical
2015,20,2015_20_NE_DEN,2016-01-24,NE,DEN,0.5246949452519541,1,historical
2015,21,2015_21_CAR_DEN,2016-02-07,CAR,DEN,0.42454144347414574,1,historical
2016,1,2016_01_CAR_DEN,2016-09-08,CAR,DEN,0.54597247967164,1,historical
2016,1,2016_01_BUF_BAL,2016-09-11,BUF,BAL,0.4910446904631801,1,historical
2016,1,2016_01_CHI_HOU,2016-09-11,CHI,HOU,0.6202833605910238,1,historical
2016,1,2016_01_CIN_NYJ,2016-09-11,CIN,NYJ,0.5003835797021255,0,historical
2016,1,2016_01_CLE_PHI,2016-09-11,CLE,PHI,0.6493033166922426,1,historical
2016,1,2016_01_DET_IND,2016-09-11,DET,IND,0.5288222530135149,0,historical
2016,1,2016_01_GB_JAX,2016-09-11,GB,JAX,0.35896834153570323,0,historical
2016,1,2016_01_MIA_SEA,2016-09-11,MIA,SEA,0.7426741252478759,1,historical
2016,1,2016_01_MIN_TEN,2016-09-11,MIN,TEN,0.3213501512065807,0,historical
2016,1,2016_01_NE_ARI,2016-09-11,NE,ARI,0.5564030613709257,0,historical
2016,1,2016_01_NYG_DAL,2016-09-11,NYG,DAL,0.5273451392874952,0,historical
2016,1,2016_01_OAK_NO,2016-09-11,OAK,NO,0.5650045917317258,0,historical
2016,1,2016_01_SD_KC,2016-09-11,SD,KC,0.7392556964605398,1,historical
2016,1,2016_01_TB_ATL,2016-09-11,TB,ATL,0.6346066477021063,0,historical
2016,1,2016_01_LA_SF,2016-09-12,LA,SF,0.45461628625044237,1,historical
2016,1,2016_01_PIT_WAS,2016-09-12,PIT,WAS,0.47666545345819433,0,historical
2016,2,2016_02_NYJ_BUF,2016-09-15,NYJ,BUF,0.5361258415158279,0,historical
2016,2,2016_02_ATL_OAK,2016-09-18,ATL,OAK,0.5848228236922562,0,historical
2016,2,2016_02_BAL_CLE,2016-09-18,BAL,CLE,0.4144722138138496,0,historical
2016,2,2016_02_CIN_PIT,2016-09-18,CIN,PIT,0.6073923690531458,1,historical
2016,2,2016_02_DAL_WAS,2016-09-18,DAL,WAS,0.5984666273986888,0,historical
2016,2,2016_02_GB_MIN,2016-09-18,GB,MIN,0.5514268270088433,1,historical
2016,2,2016_02_IND_DEN,2016-09-18,IND,DEN,0.743017635589391,1,historical
2016,2,2016_02_JAX_SD,2016-09-18,JAX,SD,0.6142394423083304,1,historical
2016,2,2016_02_KC_HOU,2016-09-18,KC,HOU,0.46745914748956735,1,historical
2016,2,2016_02_MIA_NE,2016-09-18,MIA,NE,0.745515155046813,1,historical
2016,2,2016_02_NO_NYG,2016-09-18,NO,NYG,0.5844174376399053,1,historical
2016,2,2016_02_SEA_LA,2016-09-18,SEA,LA,0.35614353440436936,1,historical
2016,2,2016_02_SF_CAR,2016-09-18,SF,CAR,0.7182444355925147,1,historical
2016,2,2016_02_TB_ARI,2016-09-18,TB,ARI,0.6829132590039607,1,historical
2016,2,2016_02_TEN_DET,2016-09-18,TEN,DET,0.7517050676688816,0,historical
2016,2,2016_02_PHI_CHI,2016-09-19,PHI,CHI,0.4619948336275921,0,historical
2016,3,2016_03_HOU_NE,2016-09-22,HOU,NE,0.6242981846494262,1,historical
2016,3,2016_03_ARI_BUF,2016-09-25,ARI,BUF,0.39114756512531546,1,historical
2016,3,2016_03_BAL_JAX,2016-09-25,BAL,JAX,0.3699253655377083,0,historical
2016,3,2016_03_CHI_DAL,2016-09-25,CHI,DAL,0.6344179847380037,1,historical
2016,3,2016_03_CLE_MIA,2016-09-25,CLE,MIA,0.6335420739082072,1,historical
2016,3,2016_03_DEN_CIN,2016-09-25,DEN,CIN,0.45158952958923504,0,historical
2016,3,2016_03_DET_GB,2016-09-25,DET,GB,0.6316517283437993,1,historical
2016,3,2016_03_LA_TB,2016-09-25,LA,TB,0.4908537701070185,0,historical
2016,3,2016_03_MIN_CAR,2016-09-25,MIN,CAR,0.6003638332568625,0,historical
2016,3,2016_03_NYJ_KC,2016-09-25,NYJ,KC,0.5996593054181406,1,historical
2016,3,2016_03_OAK_TEN,2016-09-25,OAK,TEN,0.4611350681233855,0,historical
2016,3,2016_03_PIT_PHI,2016-09-25,PIT,PHI,0.44074812176142425,1,historical
2016,3,2016_03_SD_IND,2016-09-25,SD,IND,0.510427040210466,1,historical
2016,3,2016_03_SF_SEA,2016-09-25,SF,SEA,0.7078763322386888,1,historical
2016,3,2016_03_WAS_NYG,2016-09-25,WAS,NYG,0.6212126251382502,0,historical
2016,3,2016_03_ATL_NO,2016-09-26,ATL,NO,0.5045123253586582,0,historical
2016,4,2016_04_MIA_CIN,2016-09-29,MIA,CIN,0.6665866315627459,1,historical
2016,4,2016_04_BUF_NE,2016-10-02,BUF,NE,0.7160150961195973,0,historical
2016,4,2016_04_CAR_ATL,2016-10-02,CAR,ATL,0.4731762496829246,1,historical
2016,4,2016_04_CLE_WAS,2016-10-02,CLE,WAS,0.6851636541373587,1,historical
2016,4,2016_04_DAL_SF,2016-10-02,DAL,SF,0.47919968019706727,0,historical
2016,4,2016_04_DEN_TB,2016-10-02,DEN,TB,0.2573608838621977,0,historical
2016,4,2016_04_DET_CHI,2016-10-02,DET,CHI,0.41626019633072325,1,historical
2016,4,2016_04_IND_JAX,2016-10-02,IND,JAX,0.42488706231203355,1,historical
2016,4,2016_04_KC_PIT,2016-10-02,KC,PIT,0.5307207368833304,1,historical
2016,4,2016_04_LA_ARI,2016-10-02,LA,ARI,0.6058276126268262,0,historical
2016,4,2016_04_NO_SD,2016-10-02,NO,SD,0.6117115800992817,0,historical
2016,4,2016_04_OAK_BAL,2016-10-02,OAK,BAL,0.6274862972586153,0,historical
2016,4,2016_04_SEA_NYJ,2016-10-02,SEA,NYJ,0.4375874320384682,0,historical
2016,4,2016_04_TEN_HOU,2016-10-02,TEN,HOU,0.7672439908630223,1,historical
2016,4,2016_04_NYG_MIN,2016-10-03,NYG,MIN,0.7411531867896238,1,historical
2016,5,2016_05_ARI_SF,2016-10-06,ARI,SF,0.4041223161256438,0,historical
2016,5,2016_05_ATL_DEN,2016-10-09,ATL,DEN,0.7020495681298217,0,historical
2016,5,2016_05_BUF_LA,2016-10-09,BUF,LA,0.5164916751691715,0,historical
2016,5,2016_05_CHI_IND,2016-10-09,CHI,IND,0.6035858400520399,1,historical
2016,5,2016_05_CIN_DAL,2016-10-09,CIN,DAL,0.5222123040574898,1,historical
2016,5,2016_05_HOU_MIN,2016-10-09,HOU,MIN,0.6932569407989299,1,historical
2016,5,2016_05_NE_CLE,2016-10-09,NE,CLE,0.25725177635715835,0,historical
2016,5,2016_05_NYG_GB,2016-10-09,NYG,GB,0.7069282372075404,1,historical
2016,5,2016_05_NYJ_PIT,2016-10-09,NYJ,PIT,0.726976539562235,1,historical
2016,5,2016_05_PHI_DET,2016-10-09,PHI,DET,0.3915727602716294,1,historical
2016,5,2016_05_SD_OAK,2016-10-09,SD,OAK,0.6040656086510414,1,historical
2016,5,2016_05_TEN_MIA,2016-10-09,TEN,MIA,0.6518848289732813,0,historical
2016,5,2016_05_WAS_BAL,2016-10-09,WAS,BAL,0.5929568087977315,0,historical
2016,5,2016_05_TB_CAR,2016-10-10,TB,CAR,0.7362620143062729,0,historical
2016,6,2016_06_DEN_SD,2016-10-13,DEN,SD,0.2957482147881429,1,historical
2016,6,2016_06_ATL_SEA,2016-10-16,ATL,SEA,0.5884028270689149,1,historical
2016,6,2016_06_BAL_NYG,2016-10-16,BAL,NYG,0.5127294307183361,1,historical
2016,6,2016_06_CAR_NO,2016-10-16,CAR,NO,0.4326725696372962,1,historical
2016,6,2016_06_CIN_NE,2016-10-16,CIN,NE,0.6760314951414841,1,historical
2016,6,2016_06_CLE_TEN,2016-10-16,CLE,TEN,0.6308217327433476,1,historical
2016,6,2016_06_DAL_GB,2016-10-16,DAL,GB,0.6215306067956369,0,historical
2016,6,2016_06_IND_HOU,2016-10-16,IND,HOU,0.634094025609925,1,historical
2016,6,2016_06_JAX_CHI,2016-10-16,JAX,CHI,0.560818521419444,0,historical
2016,6,2016_06_KC_OAK,2016-10-16,KC,OAK,0.46965227925895914,0,historical
2016,6,2016_06_LA_DET,2016-10-16,LA,DET,0.5238501929808195,1,historical
2016,6,2016_06_PHI_WAS,2016-10-16,PHI,WAS,0.4678068792194551,1,historical
2016,6,2016_06_PIT_MIA,2016-10-16,PIT,MIA,0.22527624988320682,1,historical
2016,6,2016_06_SF_BUF,2016-10-16,SF,BUF,0.8024279594181133,1,historical
2016,6,2016_06_NYJ_ARI,2016-10-17,NYJ,ARI,0.6673744446152406,1,historical
2016,7,2016_07_CHI_GB,2016-10-20,CHI,GB,0.7666227818791614,1,historical
2016,7,2016_07_BAL_NYJ,2016-10-23,BAL,NYJ,0.5220550099441941,1,historical
2016,7,2016_07_BUF_MIA,2016-10-23,BUF,MIA,0.3131452116183319,1,historical
2016,7,2016_07_CLE_CIN,2016-10-23,CLE,CIN,0.7581627769880571,1,historical
2016,7,2016_07_IND_TEN,2016-10-23,IND,TEN,0.4757771676488309,0,historical
2016,7,2016_07_MIN_PHI,2016-10-23,MIN,PHI,0.40207957131178723,1,historical
2016,7,2016_07_NE_PIT,2016-10-23,NE,PIT,0.4925338028050214,0,historical
2016,7,2016_07_NO_KC,2016-10-23,NO,KC,0.7351856177836229,1,historical
2016,7,2016_07_NYG_LA,2016-10-23,NYG,LA,0.5827708712755628,0,historical
2016,7,2016_07_OAK_JAX,2016-10-23,OAK,JAX,0.46635287540980375,0,historical
2016,7,2016_07_SD_ATL,2016-10-23,SD,ATL,0.698842553363508,0,historical
2016,7,2016_07_TB_SF,2016-10-23,TB,SF,0.4768186209100365,0,historical
2016,7,2016_07_WAS_DET,2016-10-23,WAS,DET,0.4936280091373695,1,historical
2016,7,2016_07_HOU_DEN,2016-10-24,HOU,DEN,0.6490906010878146,1,historical
2016,8,2016_08_JAX_TEN,2016-10-27,JAX,TEN,0.5686385700172426,1,historical
2016,8,2016_08_ARI_CAR,2016-10-30,ARI,CAR,0.4540080303450448,1,historical
2016,8,2016_08_DET_HOU,2016-10-30,DET,HOU,0.5354309710062924,1,historical
2016,8,2016_08_GB_ATL,2016-10-30,GB,ATL,0.5590784427057246,1,historical
2016,8,2016_08_KC_IND,2016-10-30,KC,IND,0.3925658442926202,0,historical
2016,8,2016_08_NE_BUF,2016-10-30,NE,BUF,0.4661517350219434,0,historical
2016,8,2016_08_NYJ_CLE,2016-10-30,NYJ,CLE,0.34774742484706345,0,historical
2016,8,2016_08_OAK_TB,2016-10-30,OAK,TB,0.5132977771524185,0,historical
2016,8,2016_08_PHI_DAL,2016-10-30,PHI,DAL,0.5585743259086754,1,historical
2016,8,2016_08_SD_DEN,2016-10-30,SD,DEN,0.7147997204600047,1,historical
2016,8,2016_08_SEA_NO,2016-10-30,SEA,NO,0.3025160207238191,1,historical
2016,8,2016_08_MIN_CHI,2016-10-31,MIN,CHI,0.22675118148576637,1,historical
2016,9,2016_09_ATL_TB,2016-11-03,ATL,TB,0.38561304261808893,0,historical
2016,9,2016_09_CAR_LA,2016-11-06,CAR,LA,0.4561270499958718,0,historical
2016,9,2016_09_DAL_CLE,2016-11-06,DAL,CLE,0.19048500585013206,0,historical
2016,9,2016_09_DEN_OAK,2016-11-06,DEN,OAK,0.3903292862580407,1,historical
2016,9,2016_09_DET_MIN,2016-11-06,DET,MIN,0.6710744513121413,0,historical
2016,9,2016_09_IND_GB,2016-11-06,IND,GB,0.6919536628641634,0,historical
2016,9,2016_09_JAX_KC,2016-11-06,JAX,KC,0.8647619187789607,1,historical
2016,9,2016_09_NO_SF,2016-11-06,NO,SF,0.3778824494012733,0,historical
2016,9,2016_09_NYJ_MIA,2016-11-06,NYJ,MIA,0.5287879858045669,1,historical
2016,9,2016_09_PHI_NYG,2016-11-06,PHI,NYG,0.4451416404616688,1,historical
2016,9,2016_09_PIT_BAL,2016-11-06,PIT,BAL,0.408160890632627,1,historical
2016,9,2016_09_TEN_SD,2016-11-06,TEN,SD,0.6582499423496135,1,historical
2016,9,2016_09_BUF_SEA,2016-11-07,BUF,SEA,0.6115341968201744,1,historical
2016,10,2016_10_CLE_BAL,2016-11-10,CLE,BAL,0.7787660545304326,1,historical
2016,10,2016_10_ATL_PHI,2016-11-13,ATL,PHI,0.4945319643534197,1,historical
2016,10,2016_10_CHI_TB,2016-11-13,CHI,TB,0.5709573519623327,1,historical
2016,10,2016_10_DAL_PIT,2016-11-13,DAL,PIT,0.42209094144374265,0,historical
2016,10,2016_10_DEN_NO,2016-11-13,DEN,NO,0.4236365691011006,0,historical
2016,10,2016_10_GB_TEN,2016-11-13,GB,TEN,0.3604933315603094,1,historical
2016,10,2016_10_HOU_JAX,2016-11-13,HOU,JAX,0.30439910269746145,0,historical
2016,10,2016_10_KC_CAR,2016-11-13,KC,CAR,0.4371649558034478,0,historical
2016,10,2016_10_LA_NYJ,2016-11-13,LA,NYJ,0.5755706165754252,0,historical
2016,10,2016_10_MIA_SD,2016-11-13,MIA,SD,0.5869524429909209,0,historical
2016,10,2016_10_MIN_WAS,2016-11-13,MIN,WAS,0.5170586014274051,1,historical
2016,10,2016_10_SEA_NE,2016-11-13,SEA,NE,0.6523351759649697,0,historical
2016,10,2016_10_SF_ARI,2016-11-13,SF,ARI,0.8180875709204982,1,historical
2016,10,2016_10_CIN_NYG,2016-11-14,CIN,NYG,0.5889037834940202,1,historical
2016,11,2016_11_NO_CAR,2016-11-17,NO,CAR,0.6215596800827344,1,historical
2016,11,2016_11_ARI_MIN,2016-11-20,ARI,MIN,0.5383631975441313,1,historical
2016,11,2016_11_BAL_DAL,2016-11-20,BAL,DAL,0.7401527989245802,1,historical
2016,11,2016_11_BUF_CIN,2016-11-20,BUF,CIN,0.4980126166566096,0,historical
2016,11,2016_11_CHI_NYG,2016-11-20,CHI,NYG,0.7431038720700673,1,historical
2016,11,2016_11_GB_WAS,2016-11-20,GB,WAS,0.6543712600124671,1,historical
2016,11,2016_11_JAX_DET,2016-11-20,JAX,DET,0.7836685361344354,1,historical
2016,11,2016_11_MIA_LA,2016-11-20,MIA,LA,0.5015931032915943,0,historical
2016,11,2016_11_NE_SF,2016-11-20,NE,SF,0.1570874787296999,0,historical
2016,11,2016_11_PHI_SEA,2016-11-20,PHI,SEA,0.642166836237711,1,historical
2016,11,2016_11_PIT_CLE,2016-11-20,PIT,CLE,0.26145492624020394,0,historical
2016,11,2016_11_TB_KC,2016-11-20,TB,KC,0.7824619047955018,0,historical
2016,11,2016_11_TEN_IND,2016-11-20,TEN,IND,0.6293673698115699,1,historical
2016,11,2016_11_HOU_OAK,2016-11-21,HOU,OAK,0.5767350616104064,1,historical
2016,12,2016_12_MIN_DET,2016-11-24,MIN,DET,0.5115496798399443,1,historical
2016,12,2016_12_PIT_IND,2016-11-24,PIT,IND,0.547446533745138,0,historical
2016,12,2016_12_WAS_DAL,2016-11-24,WAS,DAL,0.6529039077936045,1,historical
2016,12,2016_12_ARI_ATL,2016-11-27,ARI,ATL,0.6216917389741944,1,historical
2016,12,2016_12_CAR_OAK,2016-11-27,CAR,OAK,0.5870089982894343,1,historical
2016,12,2016_12_CIN_BAL,2016-11-27,CIN,BAL,0.5511685512737476,1,historical
2016,12,2016_12_JAX_BUF,2016-11-27,JAX,BUF,0.831456575838726,1,historical
2016,12,2016_12_KC_DEN,2016-11-27,KC,DEN,0.5279071730684846,0,historical
2016,12,2016_12_LA_NO,2016-11-27,LA,NO,0.596140212270273,1,historical
2016,12,2016_12_NE_NYJ,2016-11-27,NE,NYJ,0.26758369003518484,0,historical
2016,12,2016_12_NYG_CLE,2016-11-27,NYG,CLE,0.20069206947867996,0,historical
2016,12,2016_12_SD_HOU,2016-11-27,SD,HOU,0.6186526065400026,0,historical
2016,12,2016_12_SEA_TB,2016-11-27,SEA,TB,0.3089153318755761,1,historical
2016,12,2016_12_SF_MIA,2016-11-27,SF,MIA,0.8154179673468774,1,historical
2016,12,2016_12_TEN_CHI,2016-11-27,TEN,CHI,0.49359243661812274,0,historical
2016,12,2016_12_GB_PHI,2016-11-28,GB,PHI,0.700444903934709,0,historical
2016,13,2016_13_DAL_MIN,2016-12-01,DAL,MIN,0.3898738269151681,0,historical
2016,13,2016_13_BUF_OAK,2016-12-04,BUF,OAK,0.5785147445758743,1,historical
2016,13,2016_13_CAR_SEA,2016-12-04,CAR,SEA,0.6827934101176784,1,historical
2016,13,2016_13_DEN_JAX,2016-12-04,DEN,JAX,0.20041084472523046,0,historical
2016,13,2016_13_DET_NO,2016-12-04,DET,NO,0.5109165573383819,0,historical
2016,13,2016_13_HOU_GB,2016-12-04,HOU,GB,0.5945591930612073,1,historical
2016,13,2016_13_KC_ATL,2016-12-04,KC,ATL,0.5090470628612234,0,historical
2016,13,2016_13_LA_NE,2016-12-04,LA,NE,0.8414896927285321,1,historical
2016,13,2016_13_MIA_BAL,2016-12-04,MIA,BAL,0.49923950737590667,1,historical
2016,13,2016_13_NYG_PIT,2016-12-04,NYG,PIT,0.5588924109063822,1,historical
2016,13,2016_13_PHI_CIN,2016-12-04,PHI,CIN,0.476400561564096,1,historical
2016,13,2016_13_SF_CHI,2016-12-04,SF,CHI,0.634466900720293,1,historical
2016,13,2016_13_TB_SD,2016-12-04,TB,SD,0.5212194520057104,0,historical
2016,13,2016_13_WAS_ARI,2016-12-04,WAS,ARI,0.47330133094641663,1,historical
2016,13,2016_13_IND_NYJ,2016-12-05,IND,NYJ,0.5037525381654331,0,historical
2016,14,2016_14_OAK_KC,2016-12-08,OAK,KC,0.6054401274506619,1,historical
2016,14,2016_14_ARI_MIA,2016-12-11,ARI,MIA,0.5049389388688494,1,historical
2016,14,2016_14_ATL_LA,2016-12-11,ATL,LA,0.3051840018246372,0,historical
2016,14,2016_14_CHI_DET,2016-12-11,CHI,DET,0.7926777772243749,1,historical
2016,14,2016_14_CIN_CLE,2016-12-11,CIN,CLE,0.23579533807113512,0,historical
2016,14,2016_14_DAL_NYG,2016-12-11,DAL,NYG,0.36508575342777067,1,historical
2016,14,2016_14_DEN_TEN,2016-12-11,DEN,TEN,0.3350272343804778,1,historical
2016,14,2016_14_HOU_IND,2016-12-11,HOU,IND,0.6291907069716032,0,historical
2016,14,2016_14_MIN_JAX,2016-12-11,MIN,JAX,0.2544261146275072,0,historical
2016,14,2016_14_NO_TB,2016-12-11,NO,TB,0.6647613542831972,1,historical
2016,14,2016_14_NYJ_SF,2016-12-11,NYJ,SF,0.39268066373765087,0,historical
2016,14,2016_14_PIT_BUF,2016-12-11,PIT,BUF,0.4965100479761594,0,historical
2016,14,2016_14_SD_CAR,2016-12-11,SD,CAR,0.602633491090804,1,historical
2016,14,2016_14_SEA_GB,2016-12-11,SEA,GB,0.3793507673775442,1,historical
2016,14,2016_14_WAS_PHI,2016-12-11,WAS,PHI,0.4820831449645006,0,historical
2016,14,2016_14_BAL_NE,2016-12-12,BAL,NE,0.7402754143837155,1,historical
2016,15,2016_15_LA_SEA,2016-12-15,LA,SEA,0.8124761133557267,1,historical
2016,15,2016_15_MIA_NYJ,2016-12-17,MIA,NYJ,0.39750436272052786,0,historical
2016,15,2016_15_CLE_BUF,2016-12-18,CLE,BUF,0.8601812875384169,1,historical
2016,15,2016_15_DET_NYG,2016-12-18,DET,NYG,0.5193844412365561,1,historical
2016,15,2016_15_GB_CHI,2016-12-18,GB,CHI,0.28141926571693493,0,historical
2016,15,2016_15_IND_MIN,2016-12-18,IND,MIN,0.6408323088307483,0,historical
2016,15,2016_15_JAX_HOU,2016-12-18,JAX,HOU,0.795158035162576,1,historical
2016,15,2016_15_NE_DEN,2016-12-18,NE,DEN,0.4042169517730756,0,historical
2016,15,2016_15_NO_ARI,2016-12-18,NO,ARI,0.6299447059104406,0,historical
2016,15,2016_15_OAK_SD,2016-12-18,OAK,SD,0.36706712109419476,0,historical
2016,15,2016_15_PHI_BAL,2016-12-18,PHI,BAL,0.6446947625025758,1,historical
2016,15,2016_15_PIT_CIN,2016-12-18,PIT,CIN,0.4206097697090352,0,historical
2016,15,2016_15_SF_ATL,2016-12-18,SF,ATL,0.902112768038271,1,historical
2016,15,2016_15_TB_DAL,2016-12-18,TB,DAL,0.6654730797380175,1,historical
2016,15,2016_15_TEN_KC,2016-12-18,TEN,KC,0.7926796349663688,0,historical
2016,15,2016_15_CAR_WAS,2016-12-19,CAR,WAS,0.5869905033663441,0,historical
2016,16,2016_16_NYG_PHI,2016-12-22,NYG,PHI,0.376869390445832,1,historical
2016,16,2016_16_ARI_SEA,2016-12-24,ARI,SEA,0.728821181092642,0,historical
2016,16,2016_16_ATL_CAR,2016-12-24,ATL,CAR,0.48085204295143696,0,historical
2016,16,2016_16_CIN_HOU,2016-12-24,CIN,HOU,0.5493591187611461,1,historical
2016,16,2016_16_IND_OAK,2016-12-24,IND,OAK,0.6437789997757583,1,historical
2016,16,2016_16_MIA_BUF,2016-12-24,MIA,BUF,0.5385530215647631,0,historical
2016,16,2016_16_MIN_GB,2016-12-24,MIN,GB,0.6869001950738045,1,historical
2016,16,2016_16_NYJ_NE,2016-12-24,NYJ,NE,0.9016208673471151,1,historical
2016,16,2016_16_SD_CLE,2016-12-24,SD,CLE,0.2725641963057118,1,historical
2016,16,2016_16_SF_LA,2016-12-24,SF,LA,0.7052323052562315,0,historical
2016,16,2016_16_TB_NO,2016-12-24,TB,NO,0.4728019316181479,1,historical
2016,16,2016_16_TEN_JAX,2016-12-24,TEN,JAX,0.2803658141312319,1,historical
2016,16,2016_16_WAS_CHI,2016-12-24,WAS,CHI,0.34511123525299986,0,historical
2016,16,2016_16_BAL_PIT,2016-12-25,BAL,PIT,0.6827572690064463,1,historical
2016,16,2016_16_DEN_KC,2016-12-25,DEN,KC,0.6680378890776367,1,historical
2016,16,2016_16_DET_DAL,2016-12-26,DET,DAL,0.7018743406030434,1,historical
2016,17,2016_17_ARI_LA,2017-01-01,ARI,LA,0.352111696838402,0,historical
2016,17,2016_17_BAL_CIN,2017-01-01,BAL,CIN,0.5087900043227386,1,historical
2016,17,2016_17_BUF_NYJ,2017-01-01,BUF,NYJ,0.3427633038999302,1,historical
2016,17,2016_17_CAR_TB,2017-01-01,CAR,TB,0.5446209611029224,1,historical
2016,17,2016_17_CHI_MIN,2017-01-01,CHI,MIN,0.72548103514426,1,historical
2016,17,2016_17_CLE_PIT,2017-01-01,CLE,PIT,0.9167864470323102,1,historical
2016,17,2016_17_DAL_PHI,2017-01-01,DAL,PHI,0.2855358760749936,1,historical
2016,17,2016_17_GB_DET,2017-01-01,GB,DET,0.4524817508069003,0,historical
2016,17,2016_17_HOU_TEN,2017-01-01,HOU,TEN,0.4621239889058792,1,historical
2016,17,2016_17_JAX_IND,2017-01-01,JAX,IND,0.7738775387095496,1,historical
2016,17,2016_17_KC_SD,2017-01-01,KC,SD,0.2332056662485739,0,historical
2016,17,2016_17_NE_MIA,2017-01-01,NE,MIA,0.3162456944347869,0,historical
2016,17,2016_17_NO_ATL,2017-01-01,NO,ATL,0.73159853093128,1,historical
2016,17,2016_17_NYG_WAS,2017-01-01,NYG,WAS,0.538810018850661,0,historical
2016,17,2016_17_OAK_DEN,2017-01-01,OAK,DEN,0.43789782889217616,1,historical
2016,17,2016_17_SEA_SF,2017-01-01,SEA,SF,0.17243877748563013,0,historical
2016,18,2016_18_DET_SEA,2017-01-07,DET,SEA,0.667359238116529,1,historical
2016,18,2016_18_OAK_HOU,2017-01-07,OAK,HOU,0.41109085526804046,1,historical
2016,18,2016_18_MIA_PIT,2017-01-08,MIA,PIT,0.696057152265342,1,historical
2016,18,2016_18_NYG_GB,2017-01-08,NYG,GB,0.6168672800441075,1,historical
2016,19,2016_19_HOU_NE,2017-01-14,HOU,NE,0.8257861715887042,1,historical
2016,19,2016_19_SEA_ATL,2017-01-14,SEA,ATL,0.6289099805862055,1,historical
2016,19,2016_19_GB_DAL,2017-01-15,GB,DAL,0.5239946084433917,0,historical
2016,19,2016_19_PIT_KC,2017-01-15,PIT,KC,0.5932064358475388,0,historical
2016,20,2016_20_GB_ATL,2017-01-22,GB,ATL,0.5804597428220625,1,historical
2016,20,2016_20_PIT_NE,2017-01-22,PIT,NE,0.677138304029931,1,historical
2016,21,2016_21_NE_ATL,2017-02-05,NE,ATL,0.47788135908600665,0,historical
2017,1,2017_01_KC_NE,2017-09-07,KC,NE,0.6447826635475565,0,historical
2017,1,2017_01_ARI_DET,2017-09-10,ARI,DET,0.5223173895628248,1,historical
2017,1,2017_01_ATL_CHI,2017-09-10,ATL,CHI,0.291693838604652,0,historical
2017,1,2017_01_BAL_CIN,2017-09-10,BAL,CIN,0.5807578944972245,0,historical
2017,1,2017_01_CAR_SF,2017-09-10,CAR,SF,0.37476227090859254,0,historical
2017,1,2017_01_IND_LA,2017-09-10,IND,LA,0.4177116716438172,1,historical
2017,1,2017_01_JAX_HOU,2017-09-10,JAX,HOU,0.6691316190393204,0,historical
2017,1,2017_01_NYG_DAL,2017-09-10,NYG,DAL,0.5987598965096528,1,historical
2017,1,2017_01_NYJ_BUF,2017-09-10,NYJ,BUF,0.5946162680734387,1,historical
2017,1,2017_01_OAK_TEN,2017-09-10,OAK,TEN,0.5019276320997226,0,historical
2017,1,2017_01_PHI_WAS,2017-09-10,PHI,WAS,0.543038584998045,0,historical
2017,1,2017_01_PIT_CLE,2017-09-10,PIT,CLE,0.295063055112565,0,historical
2017,1,2017_01_SEA_GB,2017-09-10,SEA,GB,0.5943435691789112,1,historical
2017,1,2017_01_LAC_DEN,2017-09-11,LAC,DEN,0.6039519973000123,1,historical
2017,1,2017_01_NO_MIN,2017-09-11,NO,MIN,0.5455184872578072,1,historical
2017,2,2017_02_HOU_CIN,2017-09-14,HOU,CIN,0.5820670162079874,0,historical
2017,2,2017_02_ARI_IND,2017-09-17,ARI,IND,0.5180874527512012,0,historical
2017,2,2017_02_BUF_CAR,2017-09-17,BUF,CAR,0.6078429839416546,1,historical
2017,2,2017_02_CHI_TB,2017-09-17,CHI,TB,0.7134772576270013,1,historical
2017,2,2017_02_CLE_BAL,2017-09-17,CLE,BAL,0.7637518310794196,1,historical
2017,2,2017_02_DAL_DEN,2017-09-17,DAL,DEN,0.508377165923666,1,historical
2017,2,2017_02_GB_ATL,2017-09-17,GB,ATL,0.5938472797623235,1,historical
2017,2,2017_02_MIA_LAC,2017-09-17,MIA,LAC,0.5405277729655079,0,historical
2017,2,2017_02_MIN_PIT,2017-09-17,MIN,PIT,0.6394610024748497,1,historical
2017,2,2017_02_NE_NO,2017-09-17,NE,NO,0.3870389849320226,0,historical
2017,2,2017_02_NYJ_OAK,2017-09-17,NYJ,OAK,0.7083005508390126,1,historical
2017,2,2017_02_PHI_KC,2017-09-17,PHI,KC,0.6580547969836017,1,historical
2017,2,2017_02_SF_SEA,2017-09-17,SF,SEA,0.7653951587503386,1,historical
2017,2,2017_02_TEN_JAX,2017-09-17,TEN,JAX,0.5841398906498525,0,historical
2017,2,2017_02_WAS_LA,2017-09-17,WAS,LA,0.5518229435746856,0,historical
2017,2,2017_02_DET_NYG,2017-09-18,DET,NYG,0.5276847409503634,0,historical
2017,3,2017_03_LA_SF,2017-09-21,LA,SF,0.43149041972086555,0,historical
2017,3,2017_03_ATL_DET,2017-09-24,ATL,DET,0.4366000194034637,0,historical
2017,3,2017_03_BAL_JAX,2017-09-24,BAL,JAX,0.3841732863219745,1,historical
2017,3,2017_03_CIN_GB,2017-09-24,CIN,GB,0.7219409154940735,1,historical
2017,3,2017_03_CLE_IND,2017-09-24,CLE,IND,0.6853863466647533,1,historical
2017,3,2017_03_DEN_BUF,2017-09-24,DEN,BUF,0.41275450105609657,1,historical
2017,3,2017_03_HOU_NE,2017-09-24,HOU,NE,0.7520023311407104,1,historical
2017,3,2017_03_KC_LAC,2017-09-24,KC,LAC,0.3293201896506611,0,historical
2017,3,2017_03_MIA_NYJ,2017-09-24,MIA,NYJ,0.4089369258034398,1,historical
2017,3,2017_03_NO_CAR,2017-09-24,NO,CAR,0.6961492533399266,0,historical
2017,3,2017_03_NYG_PHI,2017-09-24,NYG,PHI,0.6491047119564664,1,historical
2017,3,2017_03_OAK_WAS,2017-09-24,OAK,WAS,0.45642340910549056,1,historical
2017,3,2017_03_PIT_CHI,2017-09-24,PIT,CHI,0.25508699219759456,1,historical
2017,3,2017_03_SEA_TEN,2017-09-24,SEA,TEN,0.5073470046158285,1,historical
2017,3,2017_03_TB_MIN,2017-09-24,TB,MIN,0.5012493711776722,1,historical
2017,3,2017_03_DAL_ARI,2017-09-25,DAL,ARI,0.48891352884392414,0,historical
2017,4,2017_04_CHI_GB,2017-09-28,CHI,GB,0.7658093167227349,1,historical
2017,4,2017_04_BUF_ATL,2017-10-01,BUF,ATL,0.7344768835173425,0,historical
2017,4,2017_04_CAR_NE,2017-10-01,CAR,NE,0.7250466613869041,0,historical
2017,4,2017_04_CIN_CLE,2017-10-01,CIN,CLE,0.4227697714323418,0,historical
2017,4,2017_04_DET_MIN,2017-10-01,DET,MIN,0.5453174862458053,0,historical
2017,4,2017_04_IND_SEA,2017-10-01,IND,SEA,0.6213403125308847,1,historical
2017,4,2017_04_JAX_NYJ,2017-10-01,JAX,NYJ,0.5123713398976137,1,historical
2017,4,2017_04_LA_DAL,2017-10-01,LA,DAL,0.7196597785716013,0,historical
2017,4,2017_04_NO_MIA,2017-10-01,NO,MIA,0.5138585431126751,0,historical
2017,4,2017_04_NYG_TB,2017-10-01,NYG,TB,0.6214762499960506,1,historical
2017,4,2017_04_OAK_DEN,2017-10-01,OAK,DEN,0.5876704306264776,1,historical
2017,4,2017_04_PHI_LAC,2017-10-01,PHI,LAC,0.4302399764986296,0,historical
2017,4,2017_04_PIT_BAL,2017-10-01,PIT,BAL,0.4330240748270585,0,historical
2017,4,2017_04_SF_ARI,2017-10-01,SF,ARI,0.7250744393801334,1,historical
2017,4,2017_04_TEN_HOU,2017-10-01,TEN,HOU,0.47730187667412277,1,historical
2017,4,2017_04_WAS_KC,2017-10-02,WAS,KC,0.7191860839784989,1,historical
2017,5,2017_05_NE_TB,2017-10-05,NE,TB,0.4240562991149004,0,historical
2017,5,2017_05_ARI_PHI,2017-10-08,ARI,PHI,0.6742475982548112,1,historical
2017,5,2017_05_BAL_OAK,2017-10-08,BAL,OAK,0.6257031323654502,0,historical
2017,5,2017_05_BUF_CIN,2017-10-08,BUF,CIN,0.43673454679335605,1,historical
2017,5,2017_05_CAR_DET,2017-10-08,CAR,DET,0.6119860274913792,0,historical
2017,5,2017_05_GB_DAL,2017-10-08,GB,DAL,0.4946696647085776,0,historical
2017,5,2017_05_JAX_PIT,2017-10-08,JAX,PIT,0.7301908967810228,0,historical
2017,5,2017_05_KC_HOU,2017-10-08,KC,HOU,0.3290038408472973,0,historical
2017,5,2017_05_LAC_NYG,2017-10-08,LAC,NYG,0.5592356964826628,0,historical
2017,5,2017_05_NYJ_CLE,2017-10-08,NYJ,CLE,0.35484379417108275,0,historical
2017,5,2017_05_SEA_LA,2017-10-08,SEA,LA,0.4799560161029941,0,historical
2017,5,2017_05_SF_IND,2017-10-08,SF,IND,0.6830793192456858,1,historical
2017,5,2017_05_TEN_MIA,2017-10-08,TEN,MIA,0.5133970506903989,1,historical
2017,5,2017_05_MIN_CHI,2017-10-09,MIN,CHI,0.39118445863288415,0,historical
2017,6,2017_06_PHI_CAR,2017-10-12,PHI,CAR,0.5125995819973115,0,historical
2017,6,2017_06_CHI_BAL,2017-10-15,CHI,BAL,0.7260252096332006,0,historical
2017,6,2017_06_CLE_HOU,2017-10-15,CLE,HOU,0.7893594700276046,1,historical
2017,6,2017_06_DET_NO,2017-10-15,DET,NO,0.5545604441008606,1,historical
2017,6,2017_06_GB_MIN,2017-10-15,GB,MIN,0.43291459517237507,1,historical
2017,6,2017_06_LAC_OAK,2017-10-15,LAC,OAK,0.5603902033097761,0,historical
2017,6,2017_06_LA_JAX,2017-10-15,LA,JAX,0.656215182479202,0,historical
2017,6,2017_06_MIA_ATL,2017-10-15,MIA,ATL,0.756514199105604,0,historical
2017,6,2017_06_NE_NYJ,2017-10-15,NE,NYJ,0.3445646021064619,0,historical
2017,6,2017_06_NYG_DEN,2017-10-15,NYG,DEN,0.7479750466999312,0,historical
2017,6,2017_06_PIT_KC,2017-10-15,PIT,KC,0.7384711362278594,0,historical
2017,6,2017_06_SF_WAS,2017-10-15,SF,WAS,0.7847272145543156,1,historical
2017,6,2017_06_TB_ARI,2017-10-15,TB,ARI,0.4872278364506929,1,historical
2017,6,2017_06_IND_TEN,2017-10-16,IND,TEN,0.5769900749163358,1,historical
2017,7,2017_07_KC_OAK,2017-10-19,KC,OAK,0.29536688216532625,1,historical
2017,7,2017_07_ARI_LA,2017-10-22,ARI,LA,0.6045008690188738,1,historical
2017,7,2017_07_ATL_NE,2017-10-22,ATL,NE,0.6213286559277016,1,historical
2017,7,2017_07_BAL_MIN,2017-10-22,BAL,MIN,0.6477528281179776,1,historical
2017,7,2017_07_CAR_CHI,2017-10-22,CAR,CHI,0.36621927653807945,1,historical
2017,7,2017_07_CIN_PIT,2017-10-22,CIN,PIT,0.6817127575720271,1,historical
2017,7,2017_07_DAL_SF,2017-10-22,DAL,SF,0.29701613173069175,0,historical
2017,7,2017_07_DEN_LAC,2017-10-22,DEN,LAC,0.4985555257909634,1,historical
2017,7,2017_07_JAX_IND,2017-10-22,JAX,IND,0.43451519829856405,0,historical
2017,7,2017_07_NO_GB,2017-10-22,NO,GB,0.5495282249929225,0,historical
2017,7,2017_07_NYJ_MIA,2017-10-22,NYJ,MIA,0.6075904363887219,1,historical
2017,7,2017_07_SEA_NYG,2017-10-22,SEA,NYG,0.4343831529573029,0,historical
2017,7,2017_07_TB_BUF,2017-10-22,TB,BUF,0.6442129461606804,1,historical
2017,7,2017_07_TEN_CLE,2017-10-22,TEN,CLE,0.30408934535814974,0,historical
2017,7,2017_07_WAS_PHI,2017-10-23,WAS,PHI,0.6596904799404205,1,historical
2017,8,2017_08_MIA_BAL,2017-10-26,MIA,BAL,0.5095037108075428,1,historical
2017,8,2017_08_ATL_NYJ,2017-10-29,ATL,NYJ,0.3786210368881477,0,historical
2017,8,2017_08_CAR_TB,2017-10-29,CAR,TB,0.5235511390825954,0,historical
2017,8,2017_08_CHI_NO,2017-10-29,CHI,NO,0.7687476196925,1,historical
2017,8,2017_08_DAL_WAS,2017-10-29,DAL,WAS,0.5058758291272668,0,historical
2017,8,2017_08_HOU_SEA,2017-10-29,HOU,SEA,0.6683546695974485,1,historical
2017,8,2017_08_IND_CIN,2017-10-29,IND,CIN,0.6918402913530359,1,historical
2017,8,2017_08_LAC_NE,2017-10-29,LAC,NE,0.7464062350396425,1,historical
2017,8,2017_08_MIN_CLE,2017-10-29,MIN,CLE,0.2002993350309978,0,historical
2017,8,2017_08_OAK_BUF,2017-10-29,OAK,BUF,0.6555314901466269,1,historical
2017,8,2017_08_PIT_DET,2017-10-29,PIT,DET,0.43005413757188043,0,historical
2017,8,2017_08_SF_PHI,2017-10-29,SF,PHI,0.882952784886515,1,historical
2017,8,2017_08_DEN_KC,2017-10-30,DEN,KC,0.7574018307063081,1,historical
2017,9,2017_09_BUF_NYJ,2017-11-02,BUF,NYJ,0.3551531289037709,1,historical
2017,9,2017_09_ARI_SF,2017-11-05,ARI,SF,0.3701074957644587,0,historical
2017,9,2017_09_ATL_CAR,2017-11-05,ATL,CAR,0.46383198358524713,1,historical
2017,9,2017_09_BAL_TEN,2017-11-05,BAL,TEN,0.5063738245297149,1,historical
2017,9,2017_09_CIN_JAX,2017-11-05,CIN,JAX,0.6239387290109351,1,historical
2017,9,2017_09_DEN_PHI,2017-11-05,DEN,PHI,0.7576883509061617,1,historical
2017,9,2017_09_IND_HOU,2017-11-05,IND,HOU,0.7229440624709421,0,historical
2017,9,2017_09_KC_DAL,2017-11-05,KC,DAL,0.448299918858592,1,historical
2017,9,2017_09_LA_NYG,2017-11-05,LA,NYG,0.4297724354444173,0,historical
2017,9,2017_09_OAK_MIA,2017-11-05,OAK,MIA,0.569941702182465,0,historical
2017,9,2017_09_TB_NO,2017-11-05,TB,NO,0.7872908162653813,1,historical
2017,9,2017_09_WAS_SEA,2017-11-05,WAS,SEA,0.7185554564767616,0,historical
2017,9,2017_09_DET_GB,2017-11-06,DET,GB,0.6081272697108996,0,historical
2017,10,2017_10_SEA_ARI,2017-11-09,SEA,ARI,0.3885336592155408,0,historical
2017,10,2017_10_CIN_TEN,2017-11-12,CIN,TEN,0.6101758007508938,1,historical
2017,10,2017_10_CLE_DET,2017-11-12,CLE,DET,0.8504557836190654,1,historical
2017,10,2017_10_DAL_ATL,2017-11-12,DAL,ATL,0.4931536810609264,1,historical
2017,10,2017_10_GB_CHI,2017-11-12,GB,CHI,0.4518295937581976,0,historical
2017,10,2017_10_HOU_LA,2017-11-12,HOU,LA,0.7016985864991235,1,historical
2017,10,2017_10_LAC_JAX,2017-11-12,LAC,JAX,0.6250931745307562,1,historical
2017,10,2017_10_MIN_WAS,2017-11-12,MIN,WAS,0.44127252046465215,0,historical
2017,10,2017_10_NE_DEN,2017-11-12,NE,DEN,0.25859405814522757,0,historical
2017,10,2017_10_NO_BUF,2017-11-12,NO,BUF,0.41377055770774096,0,historical
2017,10,2017_10_NYG_SF,2017-11-12,NYG,SF,0.377363598997828,1,historical
2017,10,2017_10_NYJ_TB,2017-11-12,NYJ,TB,0.4769279627846188,1,historical
2017,10,2017_10_PIT_IND,2017-11-12,PIT,IND,0.2631194407464265,0,historical
2017,10,2017_10_MIA_CAR,2017-11-13,MIA,CAR,0.6859628696159618,1,historical
2017,11,2017_11_TEN_PIT,2017-11-16,TEN,PIT,0.7212955828108218,1,historical
2017,11,2017_11_ARI_HOU,2017-11-19,ARI,HOU,0.5589749449949523,1,historical
2017,11,2017_11_BAL_GB,2017-11-19,BAL,GB,0.5890184308904954,0,historical
2017,11,2017_11_BUF_LAC,2017-11-19,BUF,LAC,0.5667879520410124,1,historical
2017,11,2017_11_CIN_DEN,2017-11-19,CIN,DEN,0.5470007187036375,0,historical
2017,11,2017_11_DET_CHI,2017-11-19,DET,CHI,0.35100063984727986,0,historical
2017,11,2017_11_JAX_CLE,2017-11-19,JAX,CLE,0.194479037564541,0,historical
2017,11,2017_11_KC_NYG,2017-11-19,KC,NYG,0.2314539325174351,1,historical
2017,11,2017_11_LA_MIN,2017-11-19,LA,MIN,0.5778350062542515,1,historical
2017,11,2017_11_NE_OAK,2017-11-19,NE,OAK,0.257659970388773,0,historical
2017,11,2017_11_PHI_DAL,2017-11-19,PHI,DAL,0.45354782617286693,0,historical
2017,11,2017_11_TB_MIA,2017-11-19,TB,MIA,0.5324391024288899,0,historical
2017,11,2017_11_WAS_NO,2017-11-19,WAS,NO,0.7839557223333886,1,historical
2017,11,2017_11_ATL_SEA,2017-11-20,ATL,SEA,0.5405823541439955,0,historical
2017,12,2017_12_LAC_DAL,2017-11-23,LAC,DAL,0.5626746786336412,0,historical
2017,12,2017_12_MIN_DET,2017-11-23,MIN,DET,0.450643284877328,0,historical
2017,12,2017_12_NYG_WAS,2017-11-23,NYG,WAS,0.6781416620382187,1,historical
2017,12,2017_12_BUF_KC,2017-11-26,BUF,KC,0.7416480868986068,0,historical
2017,12,2017_12_CAR_NYJ,2017-11-26,CAR,NYJ,0.3972440822835159,0,historical
2017,12,2017_12_CHI_PHI,2017-11-26,CHI,PHI,0.8707897415526097,1,historical
2017,12,2017_12_CLE_CIN,2017-11-26,CLE,CIN,0.7999858631202763,1,historical
2017,12,2017_12_DEN_OAK,2017-11-26,DEN,OAK,0.6081123734597216,1,historical
2017,12,2017_12_GB_PIT,2017-11-26,GB,PIT,0.7795207163088335,1,historical
2017,12,2017_12_JAX_ARI,2017-11-26,JAX,ARI,0.3411878622172839,1,historical
2017,12,2017_12_MIA_NE,2017-11-26,MIA,NE,0.8908769025622315,1,historical
2017,12,2017_12_NO_LA,2017-11-26,NO,LA,0.4152533305228801,1,historical
2017,12,2017_12_SEA_SF,2017-11-26,SEA,SF,0.22585264227529103,0,historical
2017,12,2017_12_TB_ATL,2017-11-26,TB,ATL,0.7539298531313131,1,historical
2017,12,2017_12_TEN_IND,2017-11-26,TEN,IND,0.4283087722720149,0,historical
2017,12,2017_12_HOU_BAL,2017-11-27,HOU,BAL,0.6651283049954333,1,historical
2017,13,2017_13_WAS_DAL,2017-11-30,WAS,DAL,0.5540028091252837,1,historical
2017,13,2017_13_CAR_NO,2017-12-03,CAR,NO,0.6335929587455741,1,historical
2017,13,2017_13_CLE_LAC,2017-12-03,CLE,LAC,0.8937046325965814,1,historical
2017,13,2017_13_DEN_MIA,2017-12-03,DEN,MIA,0.5341982885021905,1,historical
2017,13,2017_13_DET_BAL,2017-12-03,DET,BAL,0.586494551310264,1,historical
2017,13,2017_13_HOU_TEN,2017-12-03,HOU,TEN,0.6358845271303206,1,historical
2017,13,2017_13_IND_JAX,2017-12-03,IND,JAX,0.7617634106372778,1,historical
2017,13,2017_13_KC_NYJ,2017-12-03,KC,NYJ,0.363230739575791,1,historical
2017,13,2017_13_LA_ARI,2017-12-03,LA,ARI,0.34050011888022536,0,historical
2017,13,2017_13_MIN_ATL,2017-12-03,MIN,ATL,0.528019461605599,0,historical
2017,13,2017_13_NE_BUF,2017-12-03,NE,BUF,0.2586003741558896,0,historical
2017,13,2017_13_NYG_OAK,2017-12-03,NYG,OAK,0.6879983412018785,1,historical
2017,13,2017_13_PHI_SEA,2017-12-03,PHI,SEA,0.4061544578290798,1,historical
2017,13,2017_13_SF_CHI,2017-12-03,SF,CHI,0.6595623607713684,0,historical
2017,13,2017_13_TB_GB,2017-12-03,TB,GB,0.5786961451493652,1,historical
2017,13,2017_13_PIT_CIN,2017-12-04,PIT,CIN,0.2988705139377606,0,historical
2017,14,2017_14_NO_ATL,2017-12-07,NO,ATL,0.49741892237380764,1,historical
2017,14,2017_14_BAL_PIT,2017-12-10,BAL,PIT,0.6656448217221922,1,historical
2017,14,2017_14_CHI_CIN,2017-12-10,CHI,CIN,0.6812030098503568,0,historical
2017,14,2017_14_DAL_NYG,2017-12-10,DAL,NYG,0.3213348479856191,0,historical
2017,14,2017_14_DET_TB,2017-12-10,DET,TB,0.46726257456853626,0,historical
2017,14,2017_14_GB_CLE,2017-12-10,GB,CLE,0.2484739402413818,0,historical
2017,14,2017_14_IND_BUF,2017-12-10,IND,BUF,0.705857311145897,1,historical
2017,14,2017_14_MIN_CAR,2017-12-10,MIN,CAR,0.38781917846502423,1,historical
2017,14,2017_14_NYJ_DEN,2017-12-10,NYJ,DEN,0.41650584588463996,1,historical
2017,14,2017_14_OAK_KC,2017-12-10,OAK,KC,0.6209955626420252,1,historical
2017,14,2017_14_PHI_LA,2017-12-10,PHI,LA,0.5009949802416511,0,historical
2017,14,2017_14_SEA_JAX,2017-12-10,SEA,JAX,0.4647876112246242,1,historical
2017,14,2017_14_SF_HOU,2017-12-10,SF,HOU,0.701936220008542,0,historical
2017,14,2017_14_TEN_ARI,2017-12-10,TEN,ARI,0.3989595335254334,1,historical
2017,14,2017_14_WAS_LAC,2017-12-10,WAS,LAC,0.7129487930902642,1,historical
2017,14,2017_14_NE_MIA,2017-12-11,NE,MIA,0.16710750473152336,1,historical
2017,15,2017_15_DEN_IND,2017-12-14,DEN,IND,0.4974893523254925,0,historical
2017,15,2017_15_CHI_DET,2017-12-16,CHI,DET,0.6850857921252786,1,historical
2017,15,2017_15_LAC_KC,2017-12-16,LAC,KC,0.4887968887978376,1,historical
2017,15,2017_15_ARI_WAS,2017-12-17,ARI,WAS,0.5648631732313781,1,historical
2017,15,2017_15_BAL_CLE,2017-12-17,BAL,CLE,0.14990592831601937,0,historical
2017,15,2017_15_CIN_MIN,2017-12-17,CIN,MIN,0.8351205347542233,1,historical
2017,15,2017_15_DAL_OAK,2017-12-17,DAL,OAK,0.43279160410031164,0,historical
2017,15,2017_15_GB_CAR,2017-12-17,GB,CAR,0.710685559799348,1,historical
2017,15,2017_15_HOU_JAX,2017-12-17,HOU,JAX,0.8001067787627036,1,historical
2017,15,2017_15_LA_SEA,2017-12-17,LA,SEA,0.5761069145573834,0,historical
2017,15,2017_15_MIA_BUF,2017-12-17,MIA,BUF,0.5802459496122632,1,historical
2017,15,2017_15_NE_PIT,2017-12-17,NE,PIT,0.5358917023695785,0,historical
2017,15,2017_15_NYJ_NO,2017-12-17,NYJ,NO,0.8201192885715247,1,historical
2017,15,2017_15_PHI_NYG,2017-12-17,PHI,NYG,0.15040037891398744,0,historical
2017,15,2017_15_TEN_SF,2017-12-17,TEN,SF,0.36328929796654474,1,historical
2017,15,2017_15_ATL_TB,2017-12-18,ATL,TB,0.2841790618858067,0,historical
2017,16,2017_16_IND_BAL,2017-12-23,IND,BAL,0.8480143748808568,1,historical
2017,16,2017_16_MIN_GB,2017-12-23,MIN,GB,0.28761844502853423,0,historical
2017,16,2017_16_ATL_NO,2017-12-24,ATL,NO,0.571039344039755,1,historical
2017,16,2017_16_BUF_NE,2017-12-24,BUF,NE,0.8037686907450828,1,historical
2017,16,2017_16_CLE_CHI,2017-12-24,CLE,CHI,0.7768954870222612,1,historical
2017,16,2017_16_DEN_WAS,2017-12-24,DEN,WAS,0.5955623557368979,1,historical
2017,16,2017_16_DET_CIN,2017-12-24,DET,CIN,0.3530763012863466,1,historical
2017,16,2017_16_JAX_SF,2017-12-24,JAX,SF,0.25947881819903656,1,historical
2017,16,2017_16_LAC_NYJ,2017-12-24,LAC,NYJ,0.3328289327909621,0,historical
2017,16,2017_16_LA_TEN,2017-12-24,LA,TEN,0.33997734409752495,0,historical
2017,16,2017_16_MIA_KC,2017-12-24,MIA,KC,0.7438521028058467,1,historical
2017,16,2017_16_NYG_ARI,2017-12-24,NYG,ARI,0.6798068814550147,1,historical
2017,16,2017_16_SEA_DAL,2017-12-24,SEA,DAL,0.5794463560477626,0,historical
2017,16,2017_16_TB_CAR,2017-12-24,TB,CAR,0.7840513301358223,1,historical
2017,16,2017_16_OAK_PHI,2017-12-25,OAK,PHI,0.8284632259632293,1,historical
2017,16,2017_16_PIT_HOU,2017-12-25,PIT,HOU,0.19381111247849706,0,historical
2017,17,2017_17_ARI_SEA,2017-12-31,ARI,SEA,0.7343750483277142,0,historical
2017,17,2017_17_BUF_MIA,2017-12-31,BUF,MIA,0.4684493880167571,0,historical
2017,17,2017_17_CAR_ATL,2017-12-31,CAR,ATL,0.5623758036169443,1,historical
2017,17,2017_17_CHI_MIN,2017-12-31,CHI,MIN,0.8436145019348757,1,historical
2017,17,2017_17_CIN_BAL,2017-12-31,CIN,BAL,0.7686627475071285,0,historical
2017,17,2017_17_CLE_PIT,2017-12-31,CLE,PIT,0.9439733155425218,1,historical
2017,17,2017_17_DAL_PHI,2017-12-31,DAL,PHI,0.7592707079486699,0,historical
2017,17,2017_17_GB_DET,2017-12-31,GB,DET,0.6382610917872255,1,historical
2017,17,2017_17_HOU_IND,2017-12-31,HOU,IND,0.5189529169287934,1,historical
2017,17,2017_17_JAX_TEN,2017-12-31,JAX,TEN,0.4367826792607821,1,historical
2017,17,2017_17_KC_DEN,2017-12-31,KC,DEN,0.29213738166002257,0,historical
2017,17,2017_17_NO_TB,2017-12-31,NO,TB,0.22182756408613807,1,historical
2017,17,2017_17_NYJ_NE,2017-12-31,NYJ,NE,0.8942527675712394,1,historical
2017,17,2017_17_OAK_LAC,2017-12-31,OAK,LAC,0.7373668999485162,1,historical
2017,17,2017_17_SF_LA,2017-12-31,SF,LA,0.8192794396199456,0,historical
2017,17,2017_17_WAS_NYG,2017-12-31,WAS,NYG,0.30665151309628363,1,historical
2017,18,2017_18_ATL_LA,2018-01-06,ATL,LA,0.47163502275073327,0,historical
2017,18,2017_18_TEN_KC,2018-01-06,TEN,KC,0.714766093403647,0,historical
2017,18,2017_18_BUF_JAX,2018-01-07,BUF,JAX,0.5830137769803309,1,historical
2017,18,2017_18_CAR_NO,2018-01-07,CAR,NO,0.6193553751395706,1,historical
2017,19,2017_19_ATL_PHI,2018-01-13,ATL,PHI,0.5340122251190942,1,historical
2017,19,2017_19_TEN_NE,2018-01-13,TEN,NE,0.8172988266701827,1,historical
2017,19,2017_19_JAX_PIT,2018-01-14,JAX,PIT,0.7188750555240224,0,historical
2017,19,2017_19_NO_MIN,2018-01-14,NO,MIN,0.6144873669398988,1,historical
2017,20,2017_20_JAX_NE,2018-01-21,JAX,NE,0.7640237660523097,1,historical
2017,20,2017_20_MIN_PHI,2018-01-21,MIN,PHI,0.5166066914790552,1,historical
2017,21,2017_21_PHI_NE,2018-02-04,PHI,NE,0.605077707498756,0,historical
2018,1,2018_01_ATL_PHI,2018-09-06,ATL,PHI,0.6314746302774545,1,historical
2018,1,2018_01_BUF_BAL,2018-09-09,BUF,BAL,0.6171647564911015,1,historical
2018,1,2018_01_CHI_GB,2018-09-09,CHI,GB,0.5807078335580117,1,historical
2018,1,2018_01_CIN_IND,2018-09-09,CIN,IND,0.46157728174262824,0,historical
2018,1,2018_01_DAL_CAR,2018-09-09,DAL,CAR,0.5525484694828321,1,historical
2018,1,2018_01_HOU_NE,2018-09-09,HOU,NE,0.843845867405557,1,historical
2018,1,2018_01_JAX_NYG,2018-09-09,JAX,NYG,0.378118903732492,0,historical
2018,1,2018_01_KC_LAC,2018-09-09,KC,LAC,0.5446150865203753,0,historical
2018,1,2018_01_SEA_DEN,2018-09-09,SEA,DEN,0.4188644436246828,1,historical
2018,1,2018_01_SF_MIN,2018-09-09,SF,MIN,0.7156063563470213,1,historical
2018,1,2018_01_TB_NO,2018-09-09,TB,NO,0.7011322992940411,0,historical
2018,1,2018_01_TEN_MIA,2018-09-09,TEN,MIA,0.4901766059013048,1,historical
2018,1,2018_01_WAS_ARI,2018-09-09,WAS,ARI,0.5650572388473285,0,historical
2018,1,2018_01_LA_OAK,2018-09-10,LA,OAK,0.4548511578525153,0,historical
2018,1,2018_01_NYJ_DET,2018-09-10,NYJ,DET,0.6794414457027417,0,historical
2018,2,2018_02_BAL_CIN,2018-09-13,BAL,CIN,0.4570411308431543,1,historical
2018,2,2018_02_ARI_LA,2018-09-16,ARI,LA,0.7108660207685065,1,historical
2018,2,2018_02_CAR_ATL,2018-09-16,CAR,ATL,0.5830959622709607,1,historical
2018,2,2018_02_CLE_NO,2018-09-16,CLE,NO,0.8167332003181645,1,historical
2018,2,2018_02_DET_SF,2018-09-16,DET,SF,0.5622879614354725,1,historical
2018,2,2018_02_HOU_TEN,2018-09-16,HOU,TEN,0.6680954978929479,1,historical
2018,2,2018_02_IND_WAS,2018-09-16,IND,WAS,0.7225612663065356,0,historical
2018,2,2018_02_KC_PIT,2018-09-16,KC,PIT,0.5285265440655859,0,historical
2018,2,2018_02_LAC_BUF,2018-09-16,LAC,BUF,0.4584862544181069,0,historical
2018,2,2018_02_MIA_NYJ,2018-09-16,MIA,NYJ,0.5778166961002676,0,historical
2018,2,2018_02_NE_JAX,2018-09-16,NE,JAX,0.40878186703446573,1,historical
2018,2,2018_02_NYG_DAL,2018-09-16,NYG,DAL,0.7313257209964589,1,historical
2018,2,2018_02_OAK_DEN,2018-09-16,OAK,DEN,0.6060200431630541,1,historical
2018,2,2018_02_PHI_TB,2018-09-16,PHI,TB,0.33568974604458063,1,historical
2018,2,2018_02_SEA_CHI,2018-09-17,SEA,CHI,0.4261891321521941,1,historical
2018,3,2018_03_NYJ_CLE,2018-09-20,NYJ,CLE,0.36983351430629113,1,historical
2018,3,2018_03_BUF_MIN,2018-09-23,BUF,MIN,0.7640695732613823,0,historical
2018,3,2018_03_CHI_ARI,2018-09-23,CHI,ARI,0.5038277959493074,0,historical
2018,3,2018_03_CIN_CAR,2018-09-23,CIN,CAR,0.5837927025472881,1,historical
2018,3,2018_03_DAL_SEA,2018-09-23,DAL,SEA,0.4988422814399735,1,historical
2018,3,2018_03_DEN_BAL,2018-09-23,DEN,BAL,0.6546792287750677,1,historical
2018,3,2018_03_GB_WAS,2018-09-23,GB,WAS,0.554242638604722,1,historical
2018,3,2018_03_IND_PHI,2018-09-23,IND,PHI,0.8091291404239045,1,historical
2018,3,2018_03_LAC_LA,2018-09-23,LAC,LA,0.5858762253692426,1,historical
2018,3,2018_03_NE_DET,2018-09-23,NE,DET,0.32368012450023226,1,historical
2018,3,2018_03_NO_ATL,2018-09-23,NO,ATL,0.6290730794723909,0,historical
2018,3,2018_03_NYG_HOU,2018-09-23,NYG,HOU,0.5501523373859037,0,historical
2018,3,2018_03_OAK_MIA,2018-09-23,OAK,MIA,0.6569842035789457,1,historical
2018,3,2018_03_SF_KC,2018-09-23,SF,KC,0.7387950038101556,1,historical
2018,3,2018_03_TEN_JAX,2018-09-23,TEN,JAX,0.6949502158603938,0,historical
2018,3,2018_03_PIT_TB,2018-09-24,PIT,TB,0.5262656721767061,0,historical
2018,4,2018_04_MIN_LA,2018-09-27,MIN,LA,0.6293343622759435,1,historical
2018,4,2018_04_BAL_PIT,2018-09-30,BAL,PIT,0.5817553980291191,0,historical
2018,4,2018_04_BUF_GB,2018-09-30,BUF,GB,0.47945411413177136,1,historical
2018,4,2018_04_CIN_ATL,2018-09-30,CIN,ATL,0.6633716968644212,0,historical
2018,4,2018_04_CLE_OAK,2018-09-30,CLE,OAK,0.644062112378758,1,historical
2018,4,2018_04_DET_DAL,2018-09-30,DET,DAL,0.5804397713821732,1,historical
2018,4,2018_04_HOU_IND,2018-09-30,HOU,IND,0.6470393595446946,0,historical
2018,4,2018_04_MIA_NE,2018-09-30,MIA,NE,0.646480353399994,1,historical
2018,4,2018_04_NO_NYG,2018-09-30,NO,NYG,0.32978347451747303,0,historical
2018,4,2018_04_NYJ_JAX,2018-09-30,NYJ,JAX,0.7240422606014947,1,historical
2018,4,2018_04_PHI_TEN,2018-09-30,PHI,TEN,0.3547305292732422,1,historical
2018,4,2018_04_SEA_ARI,2018-09-30,SEA,ARI,0.3935408887667649,0,historical
2018,4,2018_04_SF_LAC,2018-09-30,SF,LAC,0.6517317120246444,1,historical
2018,4,2018_04_TB_CHI,2018-09-30,TB,CHI,0.48339512696890646,1,historical
2018,4,2018_04_KC_DEN,2018-10-01,KC,DEN,0.30351659300465844,0,historical
2018,5,2018_05_IND_NE,2018-10-04,IND,NE,0.7920732694993896,1,historical
2018,5,2018_05_ARI_SF,2018-10-07,ARI,SF,0.6423205384541958,0,historical
2018,5,2018_05_ATL_PIT,2018-10-07,ATL,PIT,0.510830763809504,1,historical
2018,5,2018_05_BAL_CLE,2018-10-07,BAL,CLE,0.22933453251645525,1,historical
2018,5,2018_05_DAL_HOU,2018-10-07,DAL,HOU,0.3425233282888373,1,historical
2018,5,2018_05_DEN_NYJ,2018-10-07,DEN,NYJ,0.5205326513129668,1,historical
2018,5,2018_05_GB_DET,2018-10-07,GB,DET,0.5671246571533579,1,historical
2018,5,2018_05_JAX_KC,2018-10-07,JAX,KC,0.6520289546237718,1,historical
2018,5,2018_05_LA_SEA,2018-10-07,LA,SEA,0.4407604658524351,0,historical
2018,5,2018_05_MIA_CIN,2018-10-07,MIA,CIN,0.6031970718580267,1,historical
2018,5,2018_05_MIN_PHI,2018-10-07,MIN,PHI,0.6885850273786374,0,historical
2018,5,2018_05_NYG_CAR,2018-10-07,NYG,CAR,0.783360601770592,1,historical
2018,5,2018_05_OAK_LAC,2018-10-07,OAK,LAC,0.7318896027492294,1,historical
2018,5,2018_05_TEN_BUF,2018-10-07,TEN,BUF,0.4855300165916068,1,historical
2018,5,2018_05_WAS_NO,2018-10-08,WAS,NO,0.6831300508171743,1,historical
2018,6,2018_06_PHI_NYG,2018-10-11,PHI,NYG,0.2472745857949795,0,historical
2018,6,2018_06_ARI_MIN,2018-10-14,ARI,MIN,0.7128437704680896,1,historical
2018,6,2018_06_BAL_TEN,2018-10-14,BAL,TEN,0.45728249250173864,0,historical
2018,6,2018_06_BUF_HOU,2018-10-14,BUF,HOU,0.4300752754559389,1,historical
2018,6,2018_06_CAR_WAS,2018-10-14,CAR,WAS,0.41226989343198583,1,historical
2018,6,2018_06_CHI_MIA,2018-10-14,CHI,MIA,0.4912371277957398,1,historical
2018,6,2018_06_IND_NYJ,2018-10-14,IND,NYJ,0.6226794050141012,1,historical
2018,6,2018_06_JAX_DAL,2018-10-14,JAX,DAL,0.4911392747533735,1,historical
2018,6,2018_06_KC_NE,2018-10-14,KC,NE,0.4820027247571152,1,historical
2018,6,2018_06_LAC_CLE,2018-10-14,LAC,CLE,0.28300491655030846,0,historical
2018,6,2018_06_LA_DEN,2018-10-14,LA,DEN,0.2642881674721969,0,historical
2018,6,2018_06_PIT_CIN,2018-10-14,PIT,CIN,0.5023104674551567,0,historical
2018,6,2018_06_SEA_OAK,2018-10-14,SEA,OAK,0.37199895921028964,0,historical
2018,6,2018_06_TB_ATL,2018-10-14,TB,ATL,0.6401751640071357,1,historical
2018,6,2018_06_SF_GB,2018-10-15,SF,GB,0.6043860613650415,1,historical
2018,7,2018_07_DEN_ARI,2018-10-18,DEN,ARI,0.5808077032421757,0,historical
2018,7,2018_07_BUF_IND,2018-10-21,BUF,IND,0.4663195622913268,1,historical
2018,7,2018_07_CAR_PHI,2018-10-21,CAR,PHI,0.6677933001083847,0,historical
2018,7,2018_07_CIN_KC,2018-10-21,CIN,KC,0.7303963644731399,1,historical
2018,7,2018_07_CLE_TB,2018-10-21,CLE,TB,0.7247245124593686,1,historical
2018,7,2018_07_DAL_WAS,2018-10-21,DAL,WAS,0.48500776428568787,1,historical
2018,7,2018_07_DET_MIA,2018-10-21,DET,MIA,0.5111013688012591,0,historical
2018,7,2018_07_HOU_JAX,2018-10-21,HOU,JAX,0.7019651161389081,0,historical
2018,7,2018_07_LA_SF,2018-10-21,LA,SF,0.26039517824603836,0,historical
2018,7,2018_07_MIN_NYJ,2018-10-21,MIN,NYJ,0.41026681002324267,0,historical
2018,7,2018_07_NE_CHI,2018-10-21,NE,CHI,0.3822786257792436,0,historical
2018,7,2018_07_NO_BAL,2018-10-21,NO,BAL,0.554218588645792,0,historical
2018,7,2018_07_TEN_LAC,2018-10-21,TEN,LAC,0.6954882259344861,1,historical
2018,7,2018_07_NYG_ATL,2018-10-22,NYG,ATL,0.7891066733589516,1,historical
2018,8,2018_08_MIA_HOU,2018-10-25,MIA,HOU,0.5629711626520671,1,historical
2018,8,2018_08_BAL_CAR,2018-10-28,BAL,CAR,0.5236439889950555,1,historical
2018,8,2018_08_CLE_PIT,2018-10-28,CLE,PIT,0.8490032629274971,1,historical
2018,8,2018_08_DEN_KC,2018-10-28,DEN,KC,0.8166841848655768,1,historical
2018,8,2018_08_GB_LA,2018-10-28,GB,LA,0.7825753446951104,1,historical
2018,8,2018_08_IND_OAK,2018-10-28,IND,OAK,0.4848234681309621,0,historical
2018,8,2018_08_NO_MIN,2018-10-28,NO,MIN,0.523034975844704,0,historical
2018,8,2018_08_NYJ_CHI,2018-10-28,NYJ,CHI,0.6293362919719996,1,historical
2018,8,2018_08_PHI_JAX,2018-10-28,PHI,JAX,0.3712996346521693,0,historical
2018,8,2018_08_SEA_DET,2018-10-28,SEA,DET,0.5331558022327016,0,historical
2018,8,2018_08_SF_ARI,2018-10-28,SF,ARI,0.524594660262203,1,historical
2018,8,2018_08_TB_CIN,2018-10-28,TB,CIN,0.5961155484855498,1,historical
2018,8,2018_08_WAS_NYG,2018-10-28,WAS,NYG,0.34326762089532814,0,historical
2018,8,2018_08_NE_BUF,2018-10-29,NE,BUF,0.2393996671341408,0,historical
2018,9,2018_09_OAK_SF,2018-11-01,OAK,SF,0.6125659966849513,1,historical
2018,9,2018_09_ATL_WAS,2018-11-04,ATL,WAS,0.5096350944085553,0,historical
2018,9,2018_09_CHI_BUF,2018-11-04,CHI,BUF,0.38773113202250187,0,historical
2018,9,2018_09_DET_MIN,2018-11-04,DET,MIN,0.6426557283764348,1,historical
2018,9,2018_09_GB_NE,2018-11-04,GB,NE,0.7923762071683706,1,historical
2018,9,2018_09_HOU_DEN,2018-11-04,HOU,DEN,0.5050985138204246,0,historical
2018,9,2018_09_KC_CLE,2018-11-04,KC,CLE,0.14787287934590485,0,historical
2018,9,2018_09_LAC_SEA,2018-11-04,LAC,SEA,0.5563850744777494,0,historical
2018,9,2018_09_LA_NO,2018-11-04,LA,NO,0.5357977204816922,1,historical
2018,9,2018_09_NYJ_MIA,2018-11-04,NYJ,MIA,0.5622996101813993,1,historical
2018,9,2018_09_PIT_BAL,2018-11-04,PIT,BAL,0.5008558424237972,0,historical
2018,9,2018_09_TB_CAR,2018-11-04,TB,CAR,0.7421331888071174,1,historical
2018,9,2018_09_TEN_DAL,2018-11-05,TEN,DAL,0.6424813408562287,0,historical
2018,10,2018_10_CAR_PIT,2018-11-08,CAR,PIT,0.5784934636104945,1,historical
2018,10,2018_10_ARI_KC,2018-11-11,ARI,KC,0.8738413156226819,1,historical
2018,10,2018_10_ATL_CLE,2018-11-11,ATL,CLE,0.20767656793263492,1,historical
2018,10,2018_10_BUF_NYJ,2018-11-11,BUF,NYJ,0.6060457757908163,0,historical
2018,10,2018_10_DAL_PHI,2018-11-11,DAL,PHI,0.723050995515775,0,historical
2018,10,2018_10_DET_CHI,2018-11-11,DET,CHI,0.6336256417090165,1,historical
2018,10,2018_10_JAX_IND,2018-11-11,JAX,IND,0.5441581236864709,1,historical
2018,10,2018_10_LAC_OAK,2018-11-11,LAC,OAK,0.18746570927489695,0,historical
2018,10,2018_10_MIA_GB,2018-11-11,MIA,GB,0.5811792699500326,1,historical
2018,10,2018_10_NE_TEN,2018-11-11,NE,TEN,0.3343496070573221,1,historical
2018,10,2018_10_NO_CIN,2018-11-11,NO,CIN,0.33658419868278816,0,historical
2018,10,2018_10_SEA_LA,2018-11-11,SEA,LA,0.6645517309879053,1,historical
2018,10,2018_10_WAS_TB,2018-11-11,WAS,TB,0.48775711082616385,0,historical
2018,10,2018_10_NYG_SF,2018-11-12,NYG,SF,0.6462839752966508,0,historical
2018,11,2018_11_GB_SEA,2018-11-15,GB,SEA,0.6422456095506347,1,historical
2018,11,2018_11_CAR_DET,2018-11-18,CAR,DET,0.3843264813350136,1,historical
2018,11,2018_11_CIN_BAL,2018-11-18,CIN,BAL,0.642979463832972,1,historical
2018,11,2018_11_DAL_ATL,2018-11-18,DAL,ATL,0.5843727394264961,0,historical
2018,11,2018_11_DEN_LAC,2018-11-18,DEN,LAC,0.78956604084217,0,historical
2018,11,2018_11_HOU_WAS,2018-11-18,HOU,WAS,0.5988640351572158,0,historical
2018,11,2018_11_MIN_CHI,2018-11-18,MIN,CHI,0.516969159665819,1,historical
2018,11,2018_11_OAK_ARI,2018-11-18,OAK,ARI,0.661753702912776,0,historical
2018,11,2018_11_PHI_NO,2018-11-18,PHI,NO,0.699470026169799,1,historical
2018,11,2018_11_PIT_JAX,2018-11-18,PIT,JAX,0.2671856896888916,0,historical
2018,11,2018_11_TB_NYG,2018-11-18,TB,NYG,0.4902138742538057,1,historical
2018,11,2018_11_TEN_IND,2018-11-18,TEN,IND,0.42055308498661237,1,historical
2018,11,2018_11_KC_LA,2018-11-19,KC,LA,0.49483223609749066,1,historical
2018,12,2018_12_ATL_NO,2018-11-22,ATL,NO,0.7848013599829662,1,historical
2018,12,2018_12_CHI_DET,2018-11-22,CHI,DET,0.4103011876288454,0,historical
2018,12,2018_12_WAS_DAL,2018-11-22,WAS,DAL,0.6145275902173424,1,historical
2018,12,2018_12_ARI_LAC,2018-11-25,ARI,LAC,0.834601532085599,1,historical
2018,12,2018_12_CLE_CIN,2018-11-25,CLE,CIN,0.6918913424237668,0,historical
2018,12,2018_12_GB_MIN,2018-11-25,GB,MIN,0.6850165868908475,1,historical
2018,12,2018_12_JAX_BUF,2018-11-25,JAX,BUF,0.5161406782092146,1,historical
2018,12,2018_12_MIA_IND,2018-11-25,MIA,IND,0.6845546009823861,1,historical
2018,12,2018_12_NE_NYJ,2018-11-25,NE,NYJ,0.20869481567958012,0,historical
2018,12,2018_12_NYG_PHI,2018-11-25,NYG,PHI,0.7777400929971809,1,historical
2018,12,2018_12_OAK_BAL,2018-11-25,OAK,BAL,0.829065043907637,1,historical
2018,12,2018_12_PIT_DEN,2018-11-25,PIT,DEN,0.2547776616624271,1,historical
2018,12,2018_12_SEA_CAR,2018-11-25,SEA,CAR,0.5876347936068975,0,historical
2018,12,2018_12_SF_TB,2018-11-25,SF,TB,0.5769580440091191,1,historical
2018,12,2018_12_TEN_HOU,2018-11-26,TEN,HOU,0.5418578835189678,1,historical
2018,13,2018_13_NO_DAL,2018-11-29,NO,DAL,0.3314969005700564,1,historical
2018,13,2018_13_ARI_GB,2018-12-02,ARI,GB,0.6962226349000434,0,historical
2018,13,2018_13_BAL_ATL,2018-12-02,BAL,ATL,0.4894306106696105,0,historical
2018,13,2018_13_BUF_MIA,2018-12-02,BUF,MIA,0.5291826676811207,1,historical
2018,13,2018_13_CAR_TB,2018-12-02,CAR,TB,0.3735852481148867,1,historical
2018,13,2018_13_CHI_NYG,2018-12-02,CHI,NYG,0.2680579360924868,1,historical
2018,13,2018_13_CLE_HOU,2018-12-02,CLE,HOU,0.7105657543060331,1,historical
2018,13,2018_13_DEN_CIN,2018-12-02,DEN,CIN,0.48520027777607455,0,historical
2018,13,2018_13_IND_JAX,2018-12-02,IND,JAX,0.42478619841512394,1,historical
2018,13,2018_13_KC_OAK,2018-12-02,KC,OAK,0.13498805576305198,0,historical
2018,13,2018_13_LAC_PIT,2018-12-02,LAC,PIT,0.5788545272301733,0,historical
2018,13,2018_13_LA_DET,2018-12-02,LA,DET,0.2762029440198589,0,historical
2018,13,2018_13_MIN_NE,2018-12-02,MIN,NE,0.6298431668873706,1,historical
2018,13,2018_13_NYJ_TEN,2018-12-02,NYJ,TEN,0.7483347038286109,1,historical
2018,13,2018_13_SF_SEA,2018-12-02,SF,SEA,0.8089706306828284,1,historical
2018,13,2018_13_WAS_PHI,2018-12-03,WAS,PHI,0.6668786621172468,1,historical
2018,14,2018_14_JAX_TEN,2018-12-06,JAX,TEN,0.6243640552759178,1,historical
2018,14,2018_14_ATL_GB,2018-12-09,ATL,GB,0.4751930067417752,1,historical
2018,14,2018_14_BAL_KC,2018-12-09,BAL,KC,0.678191459605329,1,historical
2018,14,2018_14_CAR_CLE,2018-12-09,CAR,CLE,0.3774122638327957,1,historical
2018,14,2018_14_CIN_LAC,2018-12-09,CIN,LAC,0.8291567767662302,1,historical
2018,14,2018_14_DEN_SF,2018-12-09,DEN,SF,0.33466760768727,1,historical
2018,14,2018_14_DET_ARI,2018-12-09,DET,ARI,0.46678194805236234,0,historical
2018,14,2018_14_IND_HOU,2018-12-09,IND,HOU,0.6387850929652349,0,historical
2018,14,2018_14_LA_CHI,2018-12-09,LA,CHI,0.41560493871864357,1,historical
2018,14,2018_14_NE_MIA,2018-12-09,NE,MIA,0.24716894603404388,1,historical
2018,14,2018_14_NO_TB,2018-12-09,NO,TB,0.2316690633695598,0,historical
2018,14,2018_14_NYG_WAS,2018-12-09,NYG,WAS,0.6591606486668962,0,historical
2018,14,2018_14_NYJ_BUF,2018-12-09,NYJ,BUF,0.6612660100895179,0,historical
2018,14,2018_14_PHI_DAL,2018-12-09,PHI,DAL,0.5543865722940065,1,historical
2018,14,2018_14_PIT_OAK,2018-12-09,PIT,OAK,0.17593177657041145,1,historical
2018,14,2018_14_MIN_SEA,2018-12-10,MIN,SEA,0.5923975420470413,1,historical
2018,15,2018_15_LAC_KC,2018-12-13,LAC,KC,0.6143884920800677,0,historical
2018,15,2018_15_CLE_DEN,2018-12-15,CLE,DEN,0.6273016735941339,0,historical
2018,15,2018_15_HOU_NYJ,2018-12-15,HOU,NYJ,0.31475355131461846,0,historical
2018,15,2018_15_ARI_ATL,2018-12-16,ARI,ATL,0.7068295340412248,1,historical
2018,15,2018_15_DAL_IND,2018-12-16,DAL,IND,0.43910672799558487,1,historical
2018,15,2018_15_DET_BUF,2018-12-16,DET,BUF,0.4370043967607278,1,historical
2018,15,2018_15_GB_CHI,2018-12-16,GB,CHI,0.7388058543857214,1,historical
2018,15,2018_15_MIA_MIN,2018-12-16,MIA,MIN,0.6963775849572222,1,historical
2018,15,2018_15_NE_PIT,2018-12-16,NE,PIT,0.48115179860693674,1,historical
2018,15,2018_15_OAK_CIN,2018-12-16,OAK,CIN,0.6402674026270185,1,historical
2018,15,2018_15_PHI_LA,2018-12-16,PHI,LA,0.6502845330246714,0,historical
2018,15,2018_15_SEA_SF,2018-12-16,SEA,SF,0.2520276031638741,1,historical
2018,15,2018_15_TB_BAL,2018-12-16,TB,BAL,0.7433625152774298,1,historical
2018,15,2018_15_TEN_NYG,2018-12-16,TEN,NYG,0.4465690167460225,0,historical
2018,15,2018_15_WAS_JAX,2018-12-16,WAS,JAX,0.5612975508880992,0,historical
2018,15,2018_15_NO_CAR,2018-12-17,NO,CAR,0.26569378205494193,0,historical
2018,16,2018_16_BAL_LAC,2018-12-22,BAL,LAC,0.6279846377079791,0,historical
2018,16,2018_16_WAS_TEN,2018-12-22,WAS,TEN,0.7027511950669053,1,historical
2018,16,2018_16_ATL_CAR,2018-12-23,ATL,CAR,0.5735041438959141,0,historical
2018,16,2018_16_BUF_NE,2018-12-23,BUF,NE,0.8222374296481842,1,historical
2018,16,2018_16_CHI_SF,2018-12-23,CHI,SF,0.2576246789493651,0,historical
2018,16,2018_16_CIN_CLE,2018-12-23,CIN,CLE,0.5886738573935657,1,historical
2018,16,2018_16_GB_NYJ,2018-12-23,GB,NYJ,0.3943014807822812,0,historical
2018,16,2018_16_HOU_PHI,2018-12-23,HOU,PHI,0.6489798673185613,1,historical
2018,16,2018_16_JAX_MIA,2018-12-23,JAX,MIA,0.5651110988051651,0,historical
2018,16,2018_16_KC_SEA,2018-12-23,KC,SEA,0.43964311900735786,1,historical
2018,16,2018_16_LA_ARI,2018-12-23,LA,ARI,0.19489179667121134,0,historical
2018,16,2018_16_MIN_DET,2018-12-23,MIN,DET,0.4175776154170398,0,historical
2018,16,2018_16_NYG_IND,2018-12-23,NYG,IND,0.7321645415731409,1,historical
2018,16,2018_16_PIT_NO,2018-12-23,PIT,NO,0.7078165213228234,1,historical
2018,16,2018_16_TB_DAL,2018-12-23,TB,DAL,0.7166332605950602,1,historical
2018,16,2018_16_DEN_OAK,2018-12-24,DEN,OAK,0.34223142827874364,1,historical
2018,17,2018_17_ARI_SEA,2018-12-30,ARI,SEA,0.875190899010748,1,historical
2018,17,2018_17_ATL_TB,2018-12-30,ATL,TB,0.4216013203468039,0,historical
2018,17,2018_17_CAR_NO,2018-12-30,CAR,NO,0.8588907428121426,0,historical
2018,17,2018_17_CHI_MIN,2018-12-30,CHI,MIN,0.49147426933033744,0,historical
2018,17,2018_17_CIN_PIT,2018-12-30,CIN,PIT,0.8048060824615513,1,historical
2018,17,2018_17_CLE_BAL,2018-12-30,CLE,BAL,0.7797755476619717,1,historical
2018,17,2018_17_DAL_NYG,2018-12-30,DAL,NYG,0.3410899785671618,0,historical
2018,17,2018_17_DET_GB,2018-12-30,DET,GB,0.5991038587898334,0,historical
2018,17,2018_17_IND_TEN,2018-12-30,IND,TEN,0.5678185719258847,0,historical
2018,17,2018_17_JAX_HOU,2018-12-30,JAX,HOU,0.6899627034137322,1,historical
2018,17,2018_17_LAC_DEN,2018-12-30,LAC,DEN,0.30185070304840017,0,historical
2018,17,2018_17_MIA_BUF,2018-12-30,MIA,BUF,0.5575735022608308,1,historical
2018,17,2018_17_NYJ_NE,2018-12-30,NYJ,NE,0.8700607480948821,1,historical
2018,17,2018_17_OAK_KC,2018-12-30,OAK,KC,0.8715995431193837,1,historical
2018,17,2018_17_PHI_WAS,2018-12-30,PHI,WAS,0.2920408224472208,0,historical
2018,17,2018_17_SF_LA,2018-12-30,SF,LA,0.8360332026979893,1,historical
2018,18,2018_18_IND_HOU,2019-01-05,IND,HOU,0.5060964894367322,0,historical
2018,18,2018_18_SEA_DAL,2019-01-05,SEA,DAL,0.48729334430604687,1,historical
2018,18,2018_18_LAC_BAL,2019-01-06,LAC,BAL,0.5710583086299252,0,historical
2018,18,2018_18_PHI_CHI,2019-01-06,PHI,CHI,0.5844818799970743,0,historical
2018,19,2018_19_DAL_LA,2019-01-12,DAL,LA,0.6321476520313059,1,historical
2018,19,2018_19_IND_KC,2019-01-12,IND,KC,0.6090051581197294,1,historical
2018,19,2018_19_LAC_NE,2019-01-13,LAC,NE,0.5268714642129648,1,historical
2018,19,2018_19_PHI_NO,2019-01-13,PHI,NO,0.5885832069104868,1,historical
2018,20,2018_20_LA_NO,2019-01-20,LA,NO,0.6007395142761697,0,historical
2018,20,2018_20_NE_KC,2019-01-20,NE,KC,0.5833003256521988,0,historical
2018,21,2018_21_NE_LA,2019-02-03,NE,LA,0.5415704619253763,0,historical
2019,1,2019_01_GB_CHI,2019-09-05,GB,CHI,0.7124295122582681,0,historical
2019,1,2019_01_ATL_MIN,2019-09-08,ATL,MIN,0.5789283393860813,1,historical
2019,1,2019_01_BAL_MIA,2019-09-08,BAL,MIA,0.3748178147451269,0,historical
2019,1,2019_01_BUF_NYJ,2019-09-08,BUF,NYJ,0.49879187242960676,0,historical
2019,1,2019_01_CIN_SEA,2019-09-08,CIN,SEA,0.6958277581745841,1,historical
2019,1,2019_01_IND_LAC,2019-09-08,IND,LAC,0.5735640367195498,1,historical
2019,1,2019_01_KC_JAX,2019-09-08,KC,JAX,0.38723701960761,0,historical
2019,1,2019_01_LA_CAR,2019-09-08,LA,CAR,0.47438386859229936,0,historical
2019,1,2019_01_NYG_DAL,2019-09-08,NYG,DAL,0.6582670364124468,1,historical
2019,1,2019_01_PIT_NE,2019-09-08,PIT,NE,0.6238987037249665,1,historical
2019,1,2019_01_SF_TB,2019-09-08,SF,TB,0.5787690617784583,0,historical
2019,1,2019_01_TEN_CLE,2019-09-08,TEN,CLE,0.5158827798375454,0,historical
2019,1,2019_01_WAS_PHI,2019-09-08,WAS,PHI,0.6986217719107772,1,historical
2019,1,2019_01_DEN_OAK,2019-09-09,DEN,OAK,0.5093608207273306,1,historical
2019,1,2019_01_HOU_NO,2019-09-09,HOU,NO,0.6459222460162957,1,historical
2019,2,2019_02_TB_CAR,2019-09-12,TB,CAR,0.6581438138896908,0,historical
2019,2,2019_02_ARI_BAL,2019-09-15,ARI,BAL,0.7767867158409175,1,historical
2019,2,2019_02_BUF_NYG,2019-09-15,BUF,NYG,0.5156798876559449,0,historical
2019,2,2019_02_CHI_DEN,2019-09-15,CHI,DEN,0.40577745032006973,0,historical
2019,2,2019_02_DAL_WAS,2019-09-15,DAL,WAS,0.4002659269969726,0,historical
2019,2,2019_02_IND_TEN,2019-09-15,IND,TEN,0.5710635695228784,0,historical
2019,2,2019_02_JAX_HOU,2019-09-15,JAX,HOU,0.6565325870497033,1,historical
2019,2,2019_02_KC_OAK,2019-09-15,KC,OAK,0.34317775295543707,0,historical
2019,2,2019_02_LAC_DET,2019-09-15,LAC,DET,0.43689325407923124,1,historical
2019,2,2019_02_MIN_GB,2019-09-15,MIN,GB,0.4771769016480703,1,historical
2019,2,2019_02_NE_MIA,2019-09-15,NE,MIA,0.25463902886980844,0,historical
2019,2,2019_02_NO_LA,2019-09-15,NO,LA,0.5431278688961574,1,historical
2019,2,2019_02_PHI_ATL,2019-09-15,PHI,ATL,0.43436715614992905,1,historical
2019,2,2019_02_SEA_PIT,2019-09-15,SEA,PIT,0.5096089658501154,0,historical
2019,2,2019_02_SF_CIN,2019-09-15,SF,CIN,0.5119353231984451,0,historical
2019,2,2019_02_CLE_NYJ,2019-09-16,CLE,NYJ,0.5027920373968601,0,historical
2019,3,2019_03_TEN_JAX,2019-09-19,TEN,JAX,0.40489681486725265,1,historical
2019,3,2019_03_ATL_IND,2019-09-22,ATL,IND,0.6324668459855598,1,historical
2019,3,2019_03_BAL_KC,2019-09-22,BAL,KC,0.593783295245248,1,historical
2019,3,2019_03_CAR_ARI,2019-09-22,CAR,ARI,0.46659266858173826,0,historical
2019,3,2019_03_CIN_BUF,2019-09-22,CIN,BUF,0.6761298531309134,1,historical
2019,3,2019_03_DEN_GB,2019-09-22,DEN,GB,0.6756083695179615,1,historical
2019,3,2019_03_DET_PHI,2019-09-22,DET,PHI,0.6214332570526956,0,historical
2019,3,2019_03_HOU_LAC,2019-09-22,HOU,LAC,0.6097091313326957,0,historical
2019,3,2019_03_LA_CLE,2019-09-22,LA,CLE,0.37500095816874207,0,historical
2019,3,2019_03_MIA_DAL,2019-09-22,MIA,DAL,0.7928642826708957,1,historical
2019,3,2019_03_NO_SEA,2019-09-22,NO,SEA,0.5658348336438271,0,historical
2019,3,2019_03_NYG_TB,2019-09-22,NYG,TB,0.618965677427185,0,historical
2019,3,2019_03_NYJ_NE,2019-09-22,NYJ,NE,0.8541258774603855,1,historical
2019,3,2019_03_OAK_MIN,2019-09-22,OAK,MIN,0.6923914329190053,1,historical
2019,3,2019_03_PIT_SF,2019-09-22,PIT,SF,0.558206519754874,1,historical
2019,3,2019_03_CHI_WAS,2019-09-23,CHI,WAS,0.373427708255114,0,historical
2019,4,2019_04_PHI_GB,2019-09-26,PHI,GB,0.5577081227901052,0,historical
2019,4,2019_04_CAR_HOU,2019-09-29,CAR,HOU,0.6248351553387768,0,historical
2019,4,2019_04_CLE_BAL,2019-09-29,CLE,BAL,0.7107951015060326,0,historical
2019,4,2019_04_DAL_NO,2019-09-29,DAL,NO,0.5595086202347479,1,historical
2019,4,2019_04_JAX_DEN,2019-09-29,JAX,DEN,0.47377770184873447,0,historical
2019,4,2019_04_KC_DET,2019-09-29,KC,DET,0.3938936110394376,0,historical
2019,4,2019_04_LAC_MIA,2019-09-29,LAC,MIA,0.3351749907355824,0,historical
2019,4,2019_04_MIN_CHI,2019-09-29,MIN,CHI,0.5930520412731345,1,historical
2019,4,2019_04_NE_BUF,2019-09-29,NE,BUF,0.35341568278172864,0,historical
2019,4,2019_04_OAK_IND,2019-09-29,OAK,IND,0.7594405305239448,0,historical
2019,4,2019_04_SEA_ARI,2019-09-29,SEA,ARI,0.3201333509999736,0,historical
2019,4,2019_04_TB_LA,2019-09-29,TB,LA,0.7851947348811691,0,historical
2019,4,2019_04_TEN_ATL,2019-09-29,TEN,ATL,0.5405124768289185,0,historical
2019,4,2019_04_WAS_NYG,2019-09-29,WAS,NYG,0.5804224111690711,1,historical
2019,4,2019_04_CIN_PIT,2019-09-30,CIN,PIT,0.6889865331514898,1,historical
2019,5,2019_05_LA_SEA,2019-10-03,LA,SEA,0.5421756366399789,1,historical
2019,5,2019_05_ARI_CIN,2019-10-06,ARI,CIN,0.5893942072493942,0,historical
2019,5,2019_05_ATL_HOU,2019-10-06,ATL,HOU,0.6338737918514461,1,historical
2019,5,2019_05_BAL_PIT,2019-10-06,BAL,PIT,0.5299587006710306,0,historical
2019,5,2019_05_BUF_TEN,2019-10-06,BUF,TEN,0.6193820497428985,0,historical
2019,5,2019_05_CHI_OAK,2019-10-06,CHI,OAK,0.3502302554503775,1,historical
2019,5,2019_05_DEN_LAC,2019-10-06,DEN,LAC,0.7455250868182896,0,historical
2019,5,2019_05_GB_DAL,2019-10-06,GB,DAL,0.6533388312297734,0,historical
2019,5,2019_05_IND_KC,2019-10-06,IND,KC,0.7149861509640447,0,historical
2019,5,2019_05_JAX_CAR,2019-10-06,JAX,CAR,0.6177034971088857,1,historical
2019,5,2019_05_MIN_NYG,2019-10-06,MIN,NYG,0.4366822333710225,0,historical
2019,5,2019_05_NE_WAS,2019-10-06,NE,WAS,0.1884405533058535,0,historical
2019,5,2019_05_NYJ_PHI,2019-10-06,NYJ,PHI,0.7866638966319603,1,historical
2019,5,2019_05_TB_NO,2019-10-06,TB,NO,0.6957187762944109,1,historical
2019,5,2019_05_CLE_SF,2019-10-07,CLE,SF,0.5795633302440205,1,historical
2019,6,2019_06_NYG_NE,2019-10-10,NYG,NE,0.8504121361803486,1,historical
2019,6,2019_06_ATL_ARI,2019-10-13,ATL,ARI,0.4638552129514311,1,historical
2019,6,2019_06_CAR_TB,2019-10-13,CAR,TB,0.4729937564271188,0,historical
2019,6,2019_06_CIN_BAL,2019-10-13,CIN,BAL,0.7847682918163376,1,historical
2019,6,2019_06_DAL_NYJ,2019-10-13,DAL,NYJ,0.30395724196386475,1,historical
2019,6,2019_06_HOU_KC,2019-10-13,HOU,KC,0.6641572507811621,0,historical
2019,6,2019_06_NO_JAX,2019-10-13,NO,JAX,0.35064063750587166,0,historical
2019,6,2019_06_PHI_MIN,2019-10-13,PHI,MIN,0.5366076668404753,1,historical
2019,6,2019_06_PIT_LAC,2019-10-13,PIT,LAC,0.5591222706258661,0,historical
2019,6,2019_06_SEA_CLE,2019-10-13,SEA,CLE,0.43016994993817215,0,historical
2019,6,2019_06_SF_LA,2019-10-13,SF,LA,0.5720850630963206,0,historical
2019,6,2019_06_TEN_DEN,2019-10-13,TEN,DEN,0.4530713447734368,1,historical
2019,6,2019_06_WAS_MIA,2019-10-13,WAS,MIA,0.5352492150863148,0,historical
2019,6,2019_06_DET_GB,2019-10-14,DET,GB,0.6007461639114746,1,historical
2019,7,2019_07_KC_DEN,2019-10-17,KC,DEN,0.39037653415013307,0,historical
2019,7,2019_07_ARI_NYG,2019-10-20,ARI,NYG,0.5945523502806066,0,historical
2019,7,2019_07_BAL_SEA,2019-10-20,BAL,SEA,0.602814487111062,0,historical
2019,7,2019_07_HOU_IND,2019-10-20,HOU,IND,0.5459267595282654,1,historical
2019,7,2019_07_JAX_CIN,2019-10-20,JAX,CIN,0.4187038364687088,0,historical
2019,7,2019_07_LAC_TEN,2019-10-20,LAC,TEN,0.5442917936676805,1,historical
2019,7,2019_07_LA_ATL,2019-10-20,LA,ATL,0.4091644515373004,0,historical
2019,7,2019_07_MIA_BUF,2019-10-20,MIA,BUF,0.7849503220575693,1,historical
2019,7,2019_07_MIN_DET,2019-10-20,MIN,DET,0.44239583356134654,0,historical
2019,7,2019_07_NO_CHI,2019-10-20,NO,CHI,0.48292965781658076,0,historical
2019,7,2019_07_OAK_GB,2019-10-20,OAK,GB,0.6646896247572163,1,historical
2019,7,2019_07_PHI_DAL,2019-10-20,PHI,DAL,0.5308432668769496,1,historical
2019,7,2019_07_SF_WAS,2019-10-20,SF,WAS,0.2601579021121096,0,historical
2019,7,2019_07_NE_NYJ,2019-10-21,NE,NYJ,0.17145385326111753,0,historical
2019,8,2019_08_WAS_MIN,2019-10-24,WAS,MIN,0.8428113747813453,1,historical
2019,8,2019_08_ARI_NO,2019-10-27,ARI,NO,0.8369862384013487,1,historical
2019,8,2019_08_CAR_SF,2019-10-27,CAR,SF,0.6100603909760096,1,historical
2019,8,2019_08_CIN_LA,2019-10-27,CIN,LA,0.8275724574978205,1,historical
2019,8,2019_08_CLE_NE,2019-10-27,CLE,NE,0.8272058561061837,1,historical
2019,8,2019_08_DEN_IND,2019-10-27,DEN,IND,0.7386556725647052,1,historical
2019,8,2019_08_GB_KC,2019-10-27,GB,KC,0.6220998512122552,0,historical
2019,8,2019_08_LAC_CHI,2019-10-27,LAC,CHI,0.6628207801808405,0,historical
2019,8,2019_08_NYG_DET,2019-10-27,NYG,DET,0.6890309555117562,1,historical
2019,8,2019_08_NYJ_JAX,2019-10-27,NYJ,JAX,0.700424715630151,1,historical
2019,8,2019_08_OAK_HOU,2019-10-27,OAK,HOU,0.6964666582842858,1,historical
2019,8,2019_08_PHI_BUF,2019-10-27,PHI,BUF,0.5924542169801719,0,historical
2019,8,2019_08_SEA_ATL,2019-10-27,SEA,ATL,0.3507574851377033,0,historical
2019,8,2019_08_TB_TEN,2019-10-27,TB,TEN,0.6019609684405333,1,historical
2019,8,2019_08_MIA_PIT,2019-10-28,MIA,PIT,0.8054390232009931,1,historical
2019,9,2019_09_SF_ARI,2019-10-31,SF,ARI,0.2456366877091486,0,historical
2019,9,2019_09_CHI_PHI,2019-11-03,CHI,PHI,0.5697366927294831,1,historical
2019,9,2019_09_CLE_DEN,2019-11-03,CLE,DEN,0.5290248667604003,1,historical
2019,9,2019_09_DET_OAK,2019-11-03,DET,OAK,0.4822610218964233,1,historical
2019,9,2019_09_GB_LAC,2019-11-03,GB,LAC,0.39319922906278476,1,historical
2019,9,2019_09_HOU_JAX,2019-11-03,HOU,JAX,0.45036280643405885,0,historical
2019,9,2019_09_IND_PIT,2019-11-03,IND,PIT,0.49106801324655325,1,historical
2019,9,2019_09_MIN_KC,2019-11-03,MIN,KC,0.5126590316154879,1,historical
2019,9,2019_09_NE_BAL,2019-11-03,NE,BAL,0.3884024663747644,1,historical
2019,9,2019_09_NYJ_MIA,2019-11-03,NYJ,MIA,0.5165734038876958,1,historical
2019,9,2019_09_TB_SEA,2019-11-03,TB,SEA,0.7159854916885082,1,historical
2019,9,2019_09_TEN_CAR,2019-11-03,TEN,CAR,0.6037905907072463,1,historical
2019,9,2019_09_WAS_BUF,2019-11-03,WAS,BUF,0.7421345520984917,1,historical
2019,9,2019_09_DAL_NYG,2019-11-04,DAL,NYG,0.3026907513788115,0,historical
2019,10,2019_10_LAC_OAK,2019-11-07,LAC,OAK,0.4770888598240056,1,historical
2019,10,2019_10_ARI_TB,2019-11-10,ARI,TB,0.6281027518524291,1,historical
2019,10,2019_10_ATL_NO,2019-11-10,ATL,NO,0.859468455693348,0,historical
2019,10,2019_10_BAL_CIN,2019-11-10,BAL,CIN,0.17645285926085144,0,historical
2019,10,2019_10_BUF_CLE,2019-11-10,BUF,CLE,0.460057648319535,1,historical
2019,10,2019_10_CAR_GB,2019-11-10,CAR,GB,0.5628508108434277,1,historical
2019,10,2019_10_DET_CHI,2019-11-10,DET,CHI,0.6255865907818737,1,historical
2019,10,2019_10_KC_TEN,2019-11-10,KC,TEN,0.39037097116302155,1,historical
2019,10,2019_10_LA_PIT,2019-11-10,LA,PIT,0.5346748868697581,1,historical
2019,10,2019_10_MIA_IND,2019-11-10,MIA,IND,0.8320510052126702,0,historical
2019,10,2019_10_MIN_DAL,2019-11-10,MIN,DAL,0.5183741282484017,0,historical
2019,10,2019_10_NYG_NYJ,2019-11-10,NYG,NYJ,0.5149973915313278,1,historical
2019,10,2019_10_SEA_SF,2019-11-11,SEA,SF,0.6585543250885698,0,historical
2019,11,2019_11_PIT_CLE,2019-11-14,PIT,CLE,0.39014264421641287,1,historical
2019,11,2019_11_ARI_SF,2019-11-17,ARI,SF,0.8385781521126646,1,historical
2019,11,2019_11_ATL_CAR,2019-11-17,ATL,CAR,0.6726678297379508,0,historical
2019,11,2019_11_BUF_MIA,2019-11-17,BUF,MIA,0.38940295481569814,0,historical
2019,11,2019_11_CHI_LA,2019-11-17,CHI,LA,0.5861824865368339,1,historical
2019,11,2019_11_CIN_OAK,2019-11-17,CIN,OAK,0.766366478500878,1,historical
2019,11,2019_11_DAL_DET,2019-11-17,DAL,DET,0.4090183338293948,0,historical
2019,11,2019_11_DEN_MIN,2019-11-17,DEN,MIN,0.7631581670188968,1,historical
2019,11,2019_11_HOU_BAL,2019-11-17,HOU,BAL,0.6273266364494791,1,historical
2019,11,2019_11_JAX_IND,2019-11-17,JAX,IND,0.677213586446309,1,historical
2019,11,2019_11_NE_PHI,2019-11-17,NE,PHI,0.41146244248354064,0,historical
2019,11,2019_11_NO_TB,2019-11-17,NO,TB,0.35187961871752693,0,historical
2019,11,2019_11_NYJ_WAS,2019-11-17,NYJ,WAS,0.5445296794045338,0,historical
2019,11,2019_11_KC_LAC,2019-11-18,KC,LAC,0.4509816938528024,0,historical
2019,12,2019_12_IND_HOU,2019-11-21,IND,HOU,0.5546916013642035,1,historical
2019,12,2019_12_CAR_NO,2019-11-24,CAR,NO,0.7335253918835439,1,historical
2019,12,2019_12_DAL_NE,2019-11-24,DAL,NE,0.70516903386391,1,historical
2019,12,2019_12_DEN_BUF,2019-11-24,DEN,BUF,0.648130875723204,1,historical
2019,12,2019_12_DET_WAS,2019-11-24,DET,WAS,0.3703881865169079,1,historical
2019,12,2019_12_GB_SF,2019-11-24,GB,SF,0.6327753357880636,1,historical
2019,12,2019_12_JAX_TEN,2019-11-24,JAX,TEN,0.6462968348207677,1,historical
2019,12,2019_12_MIA_CLE,2019-11-24,MIA,CLE,0.7421444203953653,1,historical
2019,12,2019_12_NYG_CHI,2019-11-24,NYG,CHI,0.7821427449481743,1,historical
2019,12,2019_12_OAK_NYJ,2019-11-24,OAK,NYJ,0.40638442677010755,1,historical
2019,12,2019_12_PIT_CIN,2019-11-24,PIT,CIN,0.2428023497192385,0,historical
2019,12,2019_12_SEA_PHI,2019-11-24,SEA,PHI,0.5148063269260916,0,historical
2019,12,2019_12_TB_ATL,2019-11-24,TB,ATL,0.6515386838888685,0,historical
2019,12,2019_12_BAL_LA,2019-11-25,BAL,LA,0.42342008112900725,0,historical
2019,13,2019_13_BUF_DAL,2019-11-28,BUF,DAL,0.5986745063782667,0,historical
2019,13,2019_13_CHI_DET,2019-11-28,CHI,DET,0.4048850928130877,0,historical
2019,13,2019_13_NO_ATL,2019-11-28,NO,ATL,0.3263864977743314,0,historical
2019,13,2019_13_CLE_PIT,2019-12-01,CLE,PIT,0.6104820783966486,1,historical
2019,13,2019_13_GB_NYG,2019-12-01,GB,NYG,0.2507414279153717,0,historical
2019,13,2019_13_LAC_DEN,2019-12-01,LAC,DEN,0.47295337355989275,1,historical
2019,13,2019_13_LA_ARI,2019-12-01,LA,ARI,0.321864295598522,0,historical
2019,13,2019_13_NE_HOU,2019-12-01,NE,HOU,0.38720644519130415,1,historical
2019,13,2019_13_NYJ_CIN,2019-12-01,NYJ,CIN,0.3666143106574251,1,historical
2019,13,2019_13_OAK_KC,2019-12-01,OAK,KC,0.760745323632226,1,historical
2019,13,2019_13_PHI_MIA,2019-12-01,PHI,MIA,0.2980178402274171,1,historical
2019,13,2019_13_SF_BAL,2019-12-01,SF,BAL,0.6159964837704991,1,historical
2019,13,2019_13_TB_JAX,2019-12-01,TB,JAX,0.4750217256956188,0,historical
2019,13,2019_13_TEN_IND,2019-12-01,TEN,IND,0.5968306694679412,0,historical
2019,13,2019_13_WAS_CAR,2019-12-01,WAS,CAR,0.7549664707750942,0,historical
2019,13,2019_13_MIN_SEA,2019-12-02,MIN,SEA,0.522183233962488,1,historical
2019,14,2019_14_DAL_CHI,2019-12-05,DAL,CHI,0.5601488229623257,1,historical
2019,14,2019_14_BAL_BUF,2019-12-08,BAL,BUF,0.35509785640744046,0,historical
2019,14,2019_14_CAR_ATL,2019-12-08,CAR,ATL,0.5708000367239078,1,historical
2019,14,2019_14_CIN_CLE,2019-12-08,CIN,CLE,0.7605864800141348,1,historical
2019,14,2019_14_DEN_HOU,2019-12-08,DEN,HOU,0.7590275547596574,0,historical
2019,14,2019_14_DET_MIN,2019-12-08,DET,MIN,0.8046585389712775,1,historical
2019,14,2019_14_IND_TB,2019-12-08,IND,TB,0.5348417660451777,1,historical
2019,14,2019_14_KC_NE,2019-12-08,KC,NE,0.63050709164081,0,historical
2019,14,2019_14_LAC_JAX,2019-12-08,LAC,JAX,0.43292374869017186,0,historical
2019,14,2019_14_MIA_NYJ,2019-12-08,MIA,NYJ,0.5825073616929877,1,historical
2019,14,2019_14_PIT_ARI,2019-12-08,PIT,ARI,0.2702923618653024,0,historical
2019,14,2019_14_SEA_LA,2019-12-08,SEA,LA,0.47136324841118066,1,historical
2019,14,2019_14_SF_NO,2019-12-08,SF,NO,0.5475924170841583,0,historical
2019,14,2019_14_TEN_OAK,2019-12-08,TEN,OAK,0.3636838793905403,0,historical
2019,14,2019_14_WAS_GB,2019-12-08,WAS,GB,0.8063268884023943,1,historical
2019,14,2019_14_NYG_PHI,2019-12-09,NYG,PHI,0.7836980427857256,1,historical
2019,15,2019_15_NYJ_BAL,2019-12-12,NYJ,BAL,0.8978032854576125,1,historical
2019,15,2019_15_ATL_SF,2019-12-15,ATL,SF,0.7875534970698964,0,historical
2019,15,2019_15_BUF_PIT,2019-12-15,BUF,PIT,0.5854097640041225,0,historical
2019,15,2019_15_CHI_GB,2019-12-15,CHI,GB,0.5870850898237197,1,historical
2019,15,2019_15_CLE_ARI,2019-12-15,CLE,ARI,0.3318061730060314,1,historical
2019,15,2019_15_DEN_KC,2019-12-15,DEN,KC,0.7527851894804961,1,historical
2019,15,2019_15_HOU_TEN,2019-12-15,HOU,TEN,0.5979145122061,0,historical
2019,15,2019_15_JAX_OAK,2019-12-15,JAX,OAK,0.6245733023529769,0,historical
2019,15,2019_15_LA_DAL,2019-12-15,LA,DAL,0.43709925442041553,1,historical
2019,15,2019_15_MIA_NYG,2019-12-15,MIA,NYG,0.4844832622345839,1,historical
2019,15,2019_15_MIN_LAC,2019-12-15,MIN,LAC,0.3974259132726148,0,historical
2019,15,2019_15_NE_CIN,2019-12-15,NE,CIN,0.1666872742505428,0,historical
2019,15,2019_15_PHI_WAS,2019-12-15,PHI,WAS,0.36350285390576315,0,historical
2019,15,2019_15_SEA_CAR,2019-12-15,SEA,CAR,0.30636494930411734,0,historical
2019,15,2019_15_TB_DET,2019-12-15,TB,DET,0.3813860358708019,0,historical
2019,15,2019_15_IND_NO,2019-12-16,IND,NO,0.7226896782577755,1,historical
2019,16,2019_16_BUF_NE,2019-12-21,BUF,NE,0.6514660525014612,1,historical
2019,16,2019_16_HOU_TB,2019-12-21,HOU,TB,0.5082674051738164,0,historical
2019,16,2019_16_LA_SF,2019-12-21,LA,SF,0.6466418825443864,1,historical
2019,16,2019_16_ARI_SEA,2019-12-22,ARI,SEA,0.8185703575954753,0,historical
2019,16,2019_16_BAL_CLE,2019-12-22,BAL,CLE,0.2068417350190604,0,historical
2019,16,2019_16_CAR_IND,2019-12-22,CAR,IND,0.6741634546965916,1,historical
2019,16,2019_16_CIN_MIA,2019-12-22,CIN,MIA,0.5833670423289563,1,historical
2019,16,2019_16_DAL_PHI,2019-12-22,DAL,PHI,0.4950770896626714,1,historical
2019,16,2019_16_DET_DEN,2019-12-22,DET,DEN,0.7062207595778474,1,historical
2019,16,2019_16_JAX_ATL,2019-12-22,JAX,ATL,0.7380877629685845,1,historical
2019,16,2019_16_KC_CHI,2019-12-22,KC,CHI,0.3779383540919211,0,historical
2019,16,2019_16_NO_TEN,2019-12-22,NO,TEN,0.43927258987203627,0,historical
2019,16,2019_16_NYG_WAS,2019-12-22,NYG,WAS,0.5487059202833476,0,historical
2019,16,2019_16_OAK_LAC,2019-12-22,OAK,LAC,0.6894096219826485,0,historical
2019,16,2019_16_PIT_NYJ,2019-12-22,PIT,NYJ,0.33124986343621743,1,historical
2019,16,2019_16_GB_MIN,2019-12-23,GB,MIN,0.6271846181154938,0,historical
2019,17,2019_17_ARI_LA,2019-12-29,ARI,LA,0.7046805832834779,1,historical
2019,17,2019_17_ATL_TB,2019-12-29,ATL,TB,0.5518418009232305,0,historical
2019,17,2019_17_CHI_MIN,2019-12-29,CHI,MIN,0.6879593788522753,0,historical
2019,17,2019_17_CLE_CIN,2019-12-29,CLE,CIN,0.35527661732248594,1,historical
2019,17,2019_17_GB_DET,2019-12-29,GB,DET,0.20070844835562213,0,historical
2019,17,2019_17_IND_JAX,2019-12-29,IND,JAX,0.35122980434151213,1,historical
2019,17,2019_17_LAC_KC,2019-12-29,LAC,KC,0.8367301589215059,1,historical
2019,17,2019_17_MIA_NE,2019-12-29,MIA,NE,0.8942812896675583,0,historical
2019,17,2019_17_NO_CAR,2019-12-29,NO,CAR,0.18681916396054743,0,historical
2019,17,2019_17_NYJ_BUF,2019-12-29,NYJ,BUF,0.750704665602556,0,historical
2019,17,2019_17_OAK_DEN,2019-12-29,OAK,DEN,0.668835947325671,1,historical
2019,17,2019_17_PHI_NYG,2019-12-29,PHI,NYG,0.3104455756890267,0,historical
2019,17,2019_17_PIT_BAL,2019-12-29,PIT,BAL,0.8241696538350944,1,historical
2019,17,2019_17_SF_SEA,2019-12-29,SF,SEA,0.4379108572903842,0,historical
2019,17,2019_17_TEN_HOU,2019-12-29,TEN,HOU,0.6209016515202559,0,historical
2019,17,2019_17_WAS_DAL,2019-12-29,WAS,DAL,0.8043416984515487,1,historical
2019,18,2019_18_BUF_HOU,2020-01-04,BUF,HOU,0.5795781979393676,1,historical
2019,18,2019_18_TEN_NE,2020-01-04,TEN,NE,0.6224105310045429,0,historical
2019,18,2019_18_MIN_NO,2020-01-05,MIN,NO,0.6821211137255581,0,historical
2019,18,2019_18_SEA_PHI,2020-01-05,SEA,PHI,0.5838099341366828,0,historical
2019,19,2019_19_MIN_SF,2020-01-11,MIN,SF,0.6134110933611442,1,historical
2019,19,2019_19_TEN_BAL,2020-01-11,TEN,BAL,0.7388860451878586,0,historical
2019,19,2019_19_HOU_KC,2020-01-12,HOU,KC,0.7422681746990772,1,historical
2019,19,2019_19_SEA_GB,2020-01-12,SEA,GB,0.6606731875949151,1,historical
2019,20,2019_20_GB_SF,2020-01-19,GB,SF,0.589992497183844,1,historical
2019,20,2019_20_TEN_KC,2020-01-19,TEN,KC,0.620308543017736,1,historical
2019,21,2019_21_SF_KC,2020-02-02,SF,KC,0.601695556414841,1,historical
2020,1,2020_01_HOU_KC,2020-09-10,HOU,KC,0.7008600148454261,1,historical
2020,1,2020_01_ARI_SF,2020-09-13,ARI,SF,0.7225018944708859,0,historical
2020,1,2020_01_CHI_DET,2020-09-13,CHI,DET,0.42764471603598425,0,historical
2020,1,2020_01_CLE_BAL,2020-09-13,CLE,BAL,0.7447979635213187,1,historical
2020,1,2020_01_DAL_LA,2020-09-13,DAL,LA,0.5701526499263161,1,historical
2020,1,2020_01_GB_MIN,2020-09-13,GB,MIN,0.5296910836469506,0,historical
2020,1,2020_01_IND_JAX,2020-09-13,IND,JAX,0.5145499870280539,1,historical
2020,1,2020_01_LAC_CIN,2020-09-13,LAC,CIN,0.4897918534562111,0,historical
2020,1,2020_01_LV_CAR,2020-09-13,LV,CAR,0.45552138146601767,0,historical
2020,1,2020_01_MIA_NE,2020-09-13,MIA,NE,0.7136619967170399,1,historical
2020,1,2020_01_NYJ_BUF,2020-09-13,NYJ,BUF,0.608049246565072,1,historical
2020,1,2020_01_PHI_WAS,2020-09-13,PHI,WAS,0.40534660172639864,1,historical
2020,1,2020_01_SEA_ATL,2020-09-13,SEA,ATL,0.5513498425615314,0,historical
2020,1,2020_01_TB_NO,2020-09-13,TB,NO,0.6612718162919013,1,historical
2020,1,2020_01_PIT_NYG,2020-09-14,PIT,NYG,0.4348780047904106,0,historical
2020,1,2020_01_TEN_DEN,2020-09-14,TEN,DEN,0.45148349800438164,0,historical
2020,2,2020_02_CIN_CLE,2020-09-17,CIN,CLE,0.6042557595072855,1,historical
2020,2,2020_02_ATL_DAL,2020-09-20,ATL,DAL,0.5856540041418848,1,historical
2020,2,2020_02_BAL_HOU,2020-09-20,BAL,HOU,0.3866875835712955,0,historical
2020,2,2020_02_BUF_MIA,2020-09-20,BUF,MIA,0.3970399255347635,0,historical
2020,2,2020_02_CAR_TB,2020-09-20,CAR,TB,0.6569335490288314,1,historical
2020,2,2020_02_DEN_PIT,2020-09-20,DEN,PIT,0.6101681054244994,1,historical
2020,2,2020_02_DET_GB,2020-09-20,DET,GB,0.7805261192723454,1,historical
2020,2,2020_02_JAX_TEN,2020-09-20,JAX,TEN,0.702385852233295,1,historical
2020,2,2020_02_KC_LAC,2020-09-20,KC,LAC,0.33462753724081745,0,historical
2020,2,2020_02_LA_PHI,2020-09-20,LA,PHI,0.467135629148128,0,historical
2020,2,2020_02_MIN_IND,2020-09-20,MIN,IND,0.47679947114815174,1,historical
2020,2,2020_02_NE_SEA,2020-09-20,NE,SEA,0.544090083586753,1,historical
2020,2,2020_02_NYG_CHI,2020-09-20,NYG,CHI,0.7292476767715775,1,historical
2020,2,2020_02_SF_NYJ,2020-09-20,SF,NYJ,0.4079026935406531,0,historical
2020,2,2020_02_WAS_ARI,2020-09-20,WAS,ARI,0.6300346152540983,1,historical
2020,2,2020_02_NO_LV,2020-09-21,NO,LV,0.4407159669504987,1,historical
2020,3,2020_03_MIA_JAX,2020-09-24,MIA,JAX,0.6368950071742814,0,historical
2020,3,2020_03_CAR_LAC,2020-09-27,CAR,LAC,0.6708495018255002,0,historical
2020,3,2020_03_CHI_ATL,2020-09-27,CHI,ATL,0.4786954765584811,0,historical
2020,3,2020_03_DAL_SEA,2020-09-27,DAL,SEA,0.6392999252884022,1,historical
2020,3,2020_03_DET_ARI,2020-09-27,DET,ARI,0.7097538849235207,0,historical
2020,3,2020_03_GB_NO,2020-09-27,GB,NO,0.5101527288946405,0,historical
2020,3,2020_03_HOU_PIT,2020-09-27,HOU,PIT,0.6438256011586926,1,historical
2020,3,2020_03_LA_BUF,2020-09-27,LA,BUF,0.5163685706305987,1,historical
2020,3,2020_03_LV_NE,2020-09-27,LV,NE,0.5590289383798459,1,historical
2020,3,2020_03_NYJ_IND,2020-09-27,NYJ,IND,0.6427557789928906,1,historical
2020,3,2020_03_SF_NYG,2020-09-27,SF,NYG,0.2860268848801312,0,historical
2020,3,2020_03_TB_DEN,2020-09-27,TB,DEN,0.5089438144060685,0,historical
2020,3,2020_03_TEN_MIN,2020-09-27,TEN,MIN,0.40350715256670155,0,historical
2020,3,2020_03_WAS_CLE,2020-09-27,WAS,CLE,0.6114112296921674,1,historical
2020,3,2020_03_KC_BAL,2020-09-28,KC,BAL,0.5577539512760876,0,historical
2020,4,2020_04_DEN_NYJ,2020-10-01,DEN,NYJ,0.5073240258383391,0,historical
2020,4,2020_04_ARI_CAR,2020-10-04,ARI,CAR,0.46554905645413647,1,historical
2020,4,2020_04_BAL_WAS,2020-10-04,BAL,WAS,0.26461568060859497,0,historical
2020,4,2020_04_BUF_LV,2020-10-04,BUF,LV,0.503837423301436,0,historical
2020,4,2020_04_CLE_DAL,2020-10-04,CLE,DAL,0.5892413483245228,0,historical
2020,4,2020_04_IND_CHI,2020-10-04,IND,CHI,0.6066813804374535,0,historical
2020,4,2020_04_JAX_CIN,2020-10-04,JAX,CIN,0.5213559588683053,1,historical
2020,4,2020_04_LAC_TB,2020-10-04,LAC,TB,0.675567436999849,1,historical
2020,4,2020_04_MIN_HOU,2020-10-04,MIN,HOU,0.5355475281473198,0,historical
2020,4,2020_04_NO_DET,2020-10-04,NO,DET,0.37570112041351744,0,historical
2020,4,2020_04_NYG_LA,2020-10-04,NYG,LA,0.7893230720864479,1,historical
2020,4,2020_04_PHI_SF,2020-10-04,PHI,SF,0.7618756875296029,0,historical
2020,4,2020_04_SEA_MIA,2020-10-04,SEA,MIA,0.36114928829608955,0,historical
2020,4,2020_04_ATL_GB,2020-10-05,ATL,GB,0.7593696433012095,1,historical
2020,4,2020_04_NE_KC,2020-10-05,NE,KC,0.6943354316232939,1,historical
2020,5,2020_05_TB_CHI,2020-10-08,TB,CHI,0.5146978355391524,1,historical
2020,5,2020_05_ARI_NYJ,2020-10-11,ARI,NYJ,0.44420354606361345,0,historical
2020,5,2020_05_CAR_ATL,2020-10-11,CAR,ATL,0.5587849120842485,0,historical
2020,5,2020_05_CIN_BAL,2020-10-11,CIN,BAL,0.8038022808764885,1,historical
2020,5,2020_05_IND_CLE,2020-10-11,IND,CLE,0.500965907772276,1,historical
2020,5,2020_05_JAX_HOU,2020-10-11,JAX,HOU,0.6078538891059068,1,historical
2020,5,2020_05_LA_WAS,2020-10-11,LA,WAS,0.2995984438428157,0,historical
2020,5,2020_05_LV_KC,2020-10-11,LV,KC,0.796497431399176,0,historical
2020,5,2020_05_MIA_SF,2020-10-11,MIA,SF,0.737222401273023,0,historical
2020,5,2020_05_MIN_SEA,2020-10-11,MIN,SEA,0.6942731115891728,1,historical
2020,5,2020_05_NYG_DAL,2020-10-11,NYG,DAL,0.6999693573968301,1,historical
2020,5,2020_05_PHI_PIT,2020-10-11,PHI,PIT,0.6657783913521121,1,historical
2020,5,2020_05_LAC_NO,2020-10-12,LAC,NO,0.7187802248836956,1,historical
2020,5,2020_05_BUF_TEN,2020-10-13,BUF,TEN,0.5807821015998124,1,historical
2020,6,2020_06_ATL_MIN,2020-10-18,ATL,MIN,0.6556234911213132,0,historical
2020,6,2020_06_BAL_PHI,2020-10-18,BAL,PHI,0.3118698702752073,0,historical
2020,6,2020_06_CHI_CAR,2020-10-18,CHI,CAR,0.48035730728762543,0,historical
2020,6,2020_06_CIN_IND,2020-10-18,CIN,IND,0.7095037830404444,1,historical
2020,6,2020_06_CLE_PIT,2020-10-18,CLE,PIT,0.6102454457089472,1,historical
2020,6,2020_06_DEN_NE,2020-10-18,DEN,NE,0.6800042390636382,0,historical
2020,6,2020_06_DET_JAX,2020-10-18,DET,JAX,0.5205552035789209,0,historical
2020,6,2020_06_GB_TB,2020-10-18,GB,TB,0.4257864211937155,1,historical
2020,6,2020_06_HOU_TEN,2020-10-18,HOU,TEN,0.7665436497534153,1,historical
2020,6,2020_06_LA_SF,2020-10-18,LA,SF,0.4578575916917946,1,historical
2020,6,2020_06_NYJ_MIA,2020-10-18,NYJ,MIA,0.7370680760908164,1,historical
2020,6,2020_06_WAS_NYG,2020-10-18,WAS,NYG,0.5430573130127633,1,historical
2020,6,2020_06_ARI_DAL,2020-10-19,ARI,DAL,0.5378487112871354,0,historical
2020,6,2020_06_KC_BUF,2020-10-19,KC,BUF,0.41301853634057756,0,historical
2020,7,2020_07_NYG_PHI,2020-10-22,NYG,PHI,0.6860584763324235,1,historical
2020,7,2020_07_BUF_NYJ,2020-10-25,BUF,NYJ,0.28902050573435456,0,historical
2020,7,2020_07_CAR_NO,2020-10-25,CAR,NO,0.6992379824766504,1,historical
2020,7,2020_07_CLE_CIN,2020-10-25,CLE,CIN,0.40516048660746135,0,historical
2020,7,2020_07_DAL_WAS,2020-10-25,DAL,WAS,0.44107181480140006,1,historical
2020,7,2020_07_DET_ATL,2020-10-25,DET,ATL,0.6049637669642245,0,historical
2020,7,2020_07_GB_HOU,2020-10-25,GB,HOU,0.3666240440527744,0,historical
2020,7,2020_07_JAX_LAC,2020-10-25,JAX,LAC,0.6835610555487992,1,historical
2020,7,2020_07_KC_DEN,2020-10-25,KC,DEN,0.31391940616596986,0,historical
2020,7,2020_07_PIT_TEN,2020-10-25,PIT,TEN,0.5937842700950784,0,historical
2020,7,2020_07_SEA_ARI,2020-10-25,SEA,ARI,0.439772681631322,1,historical
2020,7,2020_07_SF_NE,2020-10-25,SF,NE,0.5356671850920629,0,historical
2020,7,2020_07_TB_LV,2020-10-25,TB,LV,0.48732281502202685,0,historical
2020,7,2020_07_CHI_LA,2020-10-26,CHI,LA,0.5667611356694876,1,historical
2020,8,2020_08_ATL_CAR,2020-10-29,ATL,CAR,0.538008539190699,0,historical
2020,8,2020_08_DAL_PHI,2020-11-01,DAL,PHI,0.6416843679468649,1,historical
2020,8,2020_08_IND_DET,2020-11-01,IND,DET,0.432662722270105,0,historical
2020,8,2020_08_LAC_DEN,2020-11-01,LAC,DEN,0.5886712601426298,1,historical
2020,8,2020_08_LA_MIA,2020-11-01,LA,MIA,0.44841605255605044,1,historical
2020,8,2020_08_LV_CLE,2020-11-01,LV,CLE,0.5730617620477175,0,historical
2020,8,2020_08_MIN_GB,2020-11-01,MIN,GB,0.7604322804267841,0,historical
2020,8,2020_08_NE_BUF,2020-11-01,NE,BUF,0.6354118300521094,1,historical
2020,8,2020_08_NO_CHI,2020-11-01,NO,CHI,0.49529716294415893,0,historical
2020,8,2020_08_NYJ_KC,2020-11-01,NYJ,KC,0.9144495013537891,1,historical
2020,8,2020_08_PIT_BAL,2020-11-01,PIT,BAL,0.5947027144694764,0,historical
2020,8,2020_08_SF_SEA,2020-11-01,SF,SEA,0.5849365053835748,1,historical
2020,8,2020_08_TEN_CIN,2020-11-01,TEN,CIN,0.2614448719053873,1,historical
2020,8,2020_08_TB_NYG,2020-11-02,TB,NYG,0.20991565405536938,0,historical
2020,9,2020_09_GB_SF,2020-11-05,GB,SF,0.5270000594369011,0,historical
2020,9,2020_09_BAL_IND,2020-11-08,BAL,IND,0.4673333860177463,0,historical
2020,9,2020_09_CAR_KC,2020-11-08,CAR,KC,0.8614367774644146,1,historical
2020,9,2020_09_CHI_TEN,2020-11-08,CHI,TEN,0.6183927679063046,1,historical
2020,9,2020_09_DEN_ATL,2020-11-08,DEN,ATL,0.565000612978401,1,historical
2020,9,2020_09_DET_MIN,2020-11-08,DET,MIN,0.6574493109544518,1,historical
2020,9,2020_09_HOU_JAX,2020-11-08,HOU,JAX,0.3992572571284886,0,historical
2020,9,2020_09_LV_LAC,2020-11-08,LV,LAC,0.4293953540904348,0,historical
2020,9,2020_09_MIA_ARI,2020-11-08,MIA,ARI,0.5564603461450955,0,historical
2020,9,2020_09_NO_TB,2020-11-08,NO,TB,0.6261609300988947,0,historical
2020,9,2020_09_NYG_WAS,2020-11-08,NYG,WAS,0.6186610433697382,0,historical
2020,9,2020_09_PIT_DAL,2020-11-08,PIT,DAL,0.21691628722805015,0,historical
2020,9,2020_09_SEA_BUF,2020-11-08,SEA,BUF,0.4614672232726852,1,historical
2020,9,2020_09_NE_NYJ,2020-11-09,NE,NYJ,0.3336332656742599,0,historical
2020,10,2020_10_IND_TEN,2020-11-12,IND,TEN,0.6227842865694222,0,historical
2020,10,2020_10_BAL_NE,2020-11-15,BAL,NE,0.3291703159639298,1,historical
2020,10,2020_10_BUF_ARI,2020-11-15,BUF,ARI,0.4677068411044026,1,historical
2020,10,2020_10_CIN_PIT,2020-11-15,CIN,PIT,0.8143930635683302,1,historical
2020,10,2020_10_DEN_LV,2020-11-15,DEN,LV,0.6795217585923027,1,historical
2020,10,2020_10_HOU_CLE,2020-11-15,HOU,CLE,0.6107519929656557,1,historical
2020,10,2020_10_JAX_GB,2020-11-15,JAX,GB,0.8732603619176244,1,historical
2020,10,2020_10_LAC_MIA,2020-11-15,LAC,MIA,0.7202015198666832,1,historical
2020,10,2020_10_PHI_NYG,2020-11-15,PHI,NYG,0.4006585606464315,1,historical
2020,10,2020_10_SEA_LA,2020-11-15,SEA,LA,0.5007656641066601,1,historical
2020,10,2020_10_SF_NO,2020-11-15,SF,NO,0.6936348390553396,1,historical
2020,10,2020_10_TB_CAR,2020-11-15,TB,CAR,0.3356830394953968,0,historical
2020,10,2020_10_WAS_DET,2020-11-15,WAS,DET,0.5930221821023449,1,historical
2020,10,2020_10_MIN_CHI,2020-11-16,MIN,CHI,0.5482256046526356,0,historical
2020,11,2020_11_ARI_SEA,2020-11-19,ARI,SEA,0.6097802952381544,1,historical
2020,11,2020_11_ATL_NO,2020-11-22,ATL,NO,0.737737196065448,1,historical
2020,11,2020_11_CIN_WAS,2020-11-22,CIN,WAS,0.47573989140144457,1,historical
2020,11,2020_11_DAL_MIN,2020-11-22,DAL,MIN,0.7646900053871679,0,historical
2020,11,2020_11_DET_CAR,2020-11-22,DET,CAR,0.5376493415642598,1,historical
2020,11,2020_11_GB_IND,2020-11-22,GB,IND,0.49388728791631925,1,historical
2020,11,2020_11_KC_LV,2020-11-22,KC,LV,0.3763544212393686,0,historical
2020,11,2020_11_MIA_DEN,2020-11-22,MIA,DEN,0.3779515943301559,1,historical
2020,11,2020_11_NE_HOU,2020-11-22,NE,HOU,0.44354775098334365,1,historical
2020,11,2020_11_NYJ_LAC,2020-11-22,NYJ,LAC,0.7044092685551248,1,historical
2020,11,2020_11_PHI_CLE,2020-11-22,PHI,CLE,0.6299259484397784,1,historical
2020,11,2020_11_PIT_JAX,2020-11-22,PIT,JAX,0.14838686013946067,0,historical
2020,11,2020_11_TEN_BAL,2020-11-22,TEN,BAL,0.6666824456460672,0,historical
2020,11,2020_11_LA_TB,2020-11-23,LA,TB,0.5894798875475257,0,historical
2020,12,2020_12_HOU_DET,2020-11-26,HOU,DET,0.4394400027717952,0,historical
2020,12,2020_12_WAS_DAL,2020-11-26,WAS,DAL,0.563312054311898,0,historical
2020,12,2020_12_ARI_NE,2020-11-29,ARI,NE,0.5213573336373427,1,historical
2020,12,2020_12_CAR_MIN,2020-11-29,CAR,MIN,0.6679565748199006,1,historical
2020,12,2020_12_CHI_GB,2020-11-29,CHI,GB,0.727203585343156,1,historical
2020,12,2020_12_CLE_JAX,2020-11-29,CLE,JAX,0.2783004514521496,0,historical
2020,12,2020_12_KC_TB,2020-11-29,KC,TB,0.3685968009000544,0,historical
2020,12,2020_12_LAC_BUF,2020-11-29,LAC,BUF,0.7382209045298449,1,historical
2020,12,2020_12_LV_ATL,2020-11-29,LV,ATL,0.4568418938673409,1,historical
2020,12,2020_12_MIA_NYJ,2020-11-29,MIA,NYJ,0.23778077704552047,0,historical
2020,12,2020_12_NO_DEN,2020-11-29,NO,DEN,0.29643300625579544,0,historical
2020,12,2020_12_NYG_CIN,2020-11-29,NYG,CIN,0.5431124451003314,0,historical
2020,12,2020_12_SF_LA,2020-11-29,SF,LA,0.6718434689940609,0,historical
2020,12,2020_12_TEN_IND,2020-11-29,TEN,IND,0.5898247732364688,0,historical
2020,12,2020_12_SEA_PHI,2020-11-30,SEA,PHI,0.3391534706898219,0,historical
2020,12,2020_12_BAL_PIT,2020-12-02,BAL,PIT,0.6479780308226072,1,historical
2020,13,2020_13_CIN_MIA,2020-12-06,CIN,MIA,0.7752524618185209,1,historical
2020,13,2020_13_CLE_TEN,2020-12-06,CLE,TEN,0.6661604327558991,0,historical
2020,13,2020_13_DEN_KC,2020-12-06,DEN,KC,0.8599028060273521,1,historical
2020,13,2020_13_DET_CHI,2020-12-06,DET,CHI,0.7042635291031897,0,historical
2020,13,2020_13_IND_HOU,2020-12-06,IND,HOU,0.48093436610783935,0,historical
2020,13,2020_13_JAX_MIN,2020-12-06,JAX,MIN,0.8108296749544743,1,historical
2020,13,2020_13_LA_ARI,2020-12-06,LA,ARI,0.4554971833991763,0,historical
2020,13,2020_13_LV_NYJ,2020-12-06,LV,NYJ,0.24468441494417187,0,historical
2020,13,2020_13_NE_LAC,2020-12-06,NE,LAC,0.4315285089968225,0,historical
2020,13,2020_13_NO_ATL,2020-12-06,NO,ATL,0.3525050789715079,0,historical
2020,13,2020_13_NYG_SEA,2020-12-06,NYG,SEA,0.7882765012000651,0,historical
2020,13,2020_13_PHI_GB,2020-12-06,PHI,GB,0.8063323484887202,1,historical
2020,13,2020_13_BUF_SF,2020-12-07,BUF,SF,0.48354071858203374,0,historical
2020,13,2020_13_WAS_PIT,2020-12-07,WAS,PIT,0.8419956283327263,0,historical
2020,13,2020_13_DAL_BAL,2020-12-08,DAL,BAL,0.8299626222496601,1,historical
2020,14,2020_14_NE_LA,2020-12-10,NE,LA,0.6347136124220379,1,historical
2020,14,2020_14_ARI_NYG,2020-12-13,ARI,NYG,0.5118778694218595,0,historical
2020,14,2020_14_ATL_LAC,2020-12-13,ATL,LAC,0.3611138777584345,1,historical
2020,14,2020_14_DAL_CIN,2020-12-13,DAL,CIN,0.5874180609808057,0,historical
2020,14,2020_14_DEN_CAR,2020-12-13,DEN,CAR,0.5251076112055559,0,historical
2020,14,2020_14_GB_DET,2020-12-13,GB,DET,0.22388277209969873,0,historical
2020,14,2020_14_HOU_CHI,2020-12-13,HOU,CHI,0.5135506556970604,1,historical
2020,14,2020_14_IND_LV,2020-12-13,IND,LV,0.5034225411510885,0,historical
2020,14,2020_14_KC_MIA,2020-12-13,KC,MIA,0.3251229015497847,0,historical
2020,14,2020_14_MIN_TB,2020-12-13,MIN,TB,0.6387173749703352,1,historical
2020,14,2020_14_NO_PHI,2020-12-13,NO,PHI,0.19595577286803714,1,historical
2020,14,2020_14_NYJ_SEA,2020-12-13,NYJ,SEA,0.8709088544047323,1,historical
2020,14,2020_14_PIT_BUF,2020-12-13,PIT,BUF,0.5101998870620551,1,historical
2020,14,2020_14_TEN_JAX,2020-12-13,TEN,JAX,0.21345429858357465,0,historical
2020,14,2020_14_WAS_SF,2020-12-13,WAS,SF,0.6071967301086681,0,historical
2020,14,2020_14_BAL_CLE,2020-12-14,BAL,CLE,0.48447044688127106,0,historical
2020,15,2020_15_LAC_LV,2020-12-17,LAC,LV,0.679770255819757,0,historical
2020,15,2020_15_BUF_DEN,2020-12-19,BUF,DEN,0.3232847635646075,0,historical
2020,15,2020_15_CAR_GB,2020-12-19,CAR,GB,0.836737958474732,1,historical
2020,15,2020_15_CHI_MIN,2020-12-20,CHI,MIN,0.582796516894508,0,historical
2020,15,2020_15_CLE_NYG,2020-12-20,CLE,NYG,0.3934805492387894,0,historical
2020,15,2020_15_DET_TEN,2020-12-20,DET,TEN,0.8083923560619405,1,historical
2020,15,2020_15_HOU_IND,2020-12-20,HOU,IND,0.7603831860407143,1,historical
2020,15,2020_15_JAX_BAL,2020-12-20,JAX,BAL,0.8928167163474646,1,historical
2020,15,2020_15_KC_NO,2020-12-20,KC,NO,0.44719286338478875,0,historical
2020,15,2020_15_NE_MIA,2020-12-20,NE,MIA,0.6040257094155699,1,historical
2020,15,2020_15_NYJ_LA,2020-12-20,NYJ,LA,0.9056912510827313,0,historical
2020,15,2020_15_PHI_ARI,2020-12-20,PHI,ARI,0.6620349522187643,1,historical
2020,15,2020_15_SEA_WAS,2020-12-20,SEA,WAS,0.448934609677317,0,historical
2020,15,2020_15_SF_DAL,2020-12-20,SF,DAL,0.4259341345958044,1,historical
2020,15,2020_15_TB_ATL,2020-12-20,TB,ATL,0.4315886960521862,0,historical
2020,15,2020_15_PIT_CIN,2020-12-21,PIT,CIN,0.19171264140240982,1,historical
2020,16,2020_16_MIN_NO,2020-12-25,MIN,NO,0.7861135823535172,1,historical
2020,16,2020_16_MIA_LV,2020-12-26,MIA,LV,0.42780374176883507,0,historical
2020,16,2020_16_SF_ARI,2020-12-26,SF,ARI,0.6622293004740254,0,historical
2020,16,2020_16_TB_DET,2020-12-26,TB,DET,0.23555620998536775,0,historical
2020,16,2020_16_ATL_KC,2020-12-27,ATL,KC,0.855781496814998,1,historical
2020,16,2020_16_CAR_WAS,2020-12-27,CAR,WAS,0.6770894724410709,0,historical
2020,16,2020_16_CHI_JAX,2020-12-27,CHI,JAX,0.26526256212361576,0,historical
2020,16,2020_16_CIN_HOU,2020-12-27,CIN,HOU,0.6297931188120022,0,historical
2020,16,2020_16_CLE_NYJ,2020-12-27,CLE,NYJ,0.22852142670104977,1,historical
2020,16,2020_16_DEN_LAC,2020-12-27,DEN,LAC,0.5196423110945514,1,historical
2020,16,2020_16_IND_PIT,2020-12-27,IND,PIT,0.5039517222548262,1,historical
2020,16,2020_16_LA_SEA,2020-12-27,LA,SEA,0.5664890867164605,1,historical
2020,16,2020_16_NYG_BAL,2020-12-27,NYG,BAL,0.8272960472333833,1,historical
2020,16,2020_16_PHI_DAL,2020-12-27,PHI,DAL,0.5469602997339706,1,historical
2020,16,2020_16_TEN_GB,2020-12-27,TEN,GB,0.6395123367501533,1,historical
2020,16,2020_16_BUF_NE,2020-12-28,BUF,NE,0.3353849500935607,0,historical
2020,17,2020_17_ARI_LA,2021-01-03,ARI,LA,0.6540395977004809,1,historical
2020,17,2020_17_ATL_TB,2021-01-03,ATL,TB,0.7362511892274562,1,historical
2020,17,2020_17_BAL_CIN,2021-01-03,BAL,CIN,0.2469076041932739,0,historical
2020,17,2020_17_DAL_NYG,2021-01-03,DAL,NYG,0.47057192894742705,1,historical
2020,17,2020_17_GB_CHI,2021-01-03,GB,CHI,0.33312959677068904,0,historical
2020,17,2020_17_JAX_IND,2021-01-03,JAX,IND,0.8890142565403844,1,historical
2020,17,2020_17_LAC_KC,2021-01-03,LAC,KC,0.8934578084637425,0,historical
2020,17,2020_17_LV_DEN,2021-01-03,LV,DEN,0.492712106981177,0,historical
2020,17,2020_17_MIA_BUF,2021-01-03,MIA,BUF,0.6947283425191514,1,historical
2020,17,2020_17_MIN_DET,2021-01-03,MIN,DET,0.39781299364124406,0,historical
2020,17,2020_17_NO_CAR,2021-01-03,NO,CAR,0.24174480364373654,0,historical
2020,17,2020_17_NYJ_NE,2021-01-03,NYJ,NE,0.73307510404147,1,historical
2020,17,2020_17_PIT_CLE,2021-01-03,PIT,CLE,0.45543687258115023,1,historical
2020,17,2020_17_SEA_SF,2021-01-03,SEA,SF,0.3689676543144772,0,historical
2020,17,2020_17_TEN_HOU,2021-01-03,TEN,HOU,0.31829543514186354,0,historical
2020,17,2020_17_WAS_PHI,2021-01-03,WAS,PHI,0.47187377813434417,0,historical
2020,18,2020_18_IND_BUF,2021-01-09,IND,BUF,0.7014561016420697,1,historical
2020,18,2020_18_LA_SEA,2021-01-09,LA,SEA,0.6197097364596472,0,historical
2020,18,2020_18_TB_WAS,2021-01-09,TB,WAS,0.3261722150851207,0,historical
2020,18,2020_18_BAL_TEN,2021-01-10,BAL,TEN,0.45261956816515125,0,historical
2020,18,2020_18_CHI_NO,2021-01-10,CHI,NO,0.785560300120864,1,historical
2020,18,2020_18_CLE_PIT,2021-01-10,CLE,PIT,0.6196764737800079,0,historical
2020,19,2020_19_BAL_BUF,2021-01-16,BAL,BUF,0.6114362085260059,1,historical
2020,19,2020_19_LA_GB,2021-01-16,LA,GB,0.6691544582030409,1,historical
2020,19,2020_19_CLE_KC,2021-01-17,CLE,KC,0.7295360577288693,1,historical
2020,19,2020_19_TB_NO,2021-01-17,TB,NO,0.6142835679715721,0,historical
2020,20,2020_20_BUF_KC,2021-01-24,BUF,KC,0.516827535586654,1,historical
2020,20,2020_20_TB_GB,2021-01-24,TB,GB,0.6011611858197313,0,historical
2020,21,2020_21_KC_TB,2021-02-07,KC,TB,0.5254619378278547,1,historical
2021,1,2021_01_DAL_TB,2021-09-09,DAL,TB,0.8088717801976225,1,historical
2021,1,2021_01_ARI_TEN,2021-09-12,ARI,TEN,0.6419977382423672,0,historical
2021,1,2021_01_CHI_LA,2021-09-12,CHI,LA,0.6555243324431389,1,historical
2021,1,2021_01_CLE_KC,2021-09-12,CLE,KC,0.7018772415007615,1,historical
2021,1,2021_01_DEN_NYG,2021-09-12,DEN,NYG,0.5261180043476149,0,historical
2021,1,2021_01_GB_NO,2021-09-12,GB,NO,0.530333586612871,1,historical
2021,1,2021_01_JAX_HOU,2021-09-12,JAX,HOU,0.6789674327975026,1,historical
2021,1,2021_01_LAC_WAS,2021-09-12,LAC,WAS,0.5098934386947555,0,historical
2021,1,2021_01_MIA_NE,2021-09-12,MIA,NE,0.5074852514401691,0,historical
2021,1,2021_01_MIN_CIN,2021-09-12,MIN,CIN,0.4639256449914602,1,historical
2021,1,2021_01_NYJ_CAR,2021-09-12,NYJ,CAR,0.6356380455020165,1,historical
2021,1,2021_01_PHI_ATL,2021-09-12,PHI,ATL,0.6482041350909394,0,historical
2021,1,2021_01_PIT_BUF,2021-09-12,PIT,BUF,0.7058759523833263,0,historical
2021,1,2021_01_SEA_IND,2021-09-12,SEA,IND,0.5468934161852749,0,historical
2021,1,2021_01_SF_DET,2021-09-12,SF,DET,0.41659095695305687,0,historical
2021,1,2021_01_BAL_LV,2021-09-13,BAL,LV,0.39612263612499404,1,historical
2021,2,2021_02_NYG_WAS,2021-09-16,NYG,WAS,0.6276050843302798,1,historical
2021,2,2021_02_ATL_TB,2021-09-19,ATL,TB,0.8255599140592269,1,historical
2021,2,2021_02_BUF_MIA,2021-09-19,BUF,MIA,0.4691215180708826,0,historical
2021,2,2021_02_CIN_CHI,2021-09-19,CIN,CHI,0.6227689895776748,1,historical
2021,2,2021_02_DAL_LAC,2021-09-19,DAL,LAC,0.6541789958304268,0,historical
2021,2,2021_02_DEN_JAX,2021-09-19,DEN,JAX,0.3330250452289223,0,historical
2021,2,2021_02_HOU_CLE,2021-09-19,HOU,CLE,0.6568734301485086,1,historical
2021,2,2021_02_KC_BAL,2021-09-19,KC,BAL,0.4693180745116552,1,historical
2021,2,2021_02_LA_IND,2021-09-19,LA,IND,0.46773379839533796,0,historical
2021,2,2021_02_LV_PIT,2021-09-19,LV,PIT,0.6296423075267359,0,historical
2021,2,2021_02_MIN_ARI,2021-09-19,MIN,ARI,0.633525943977605,1,historical
2021,2,2021_02_NE_NYJ,2021-09-19,NE,NYJ,0.3854660085311731,0,historical
2021,2,2021_02_NO_CAR,2021-09-19,NO,CAR,0.29006598711353565,1,historical
2021,2,2021_02_SF_PHI,2021-09-19,SF,PHI,0.5000923818166234,0,historical
2021,2,2021_02_TEN_SEA,2021-09-19,TEN,SEA,0.6903307439275667,0,historical
2021,2,2021_02_DET_GB,2021-09-20,DET,GB,0.821090422490615,1,historical
2021,3,2021_03_CAR_HOU,2021-09-23,CAR,HOU,0.4556110864663629,0,historical
2021,3,2021_03_ARI_JAX,2021-09-26,ARI,JAX,0.2517629183140273,0,historical
2021,3,2021_03_ATL_NYG,2021-09-26,ATL,NYG,0.5113302104063596,0,historical
2021,3,2021_03_BAL_DET,2021-09-26,BAL,DET,0.2431151894697268,0,historical
2021,3,2021_03_CHI_CLE,2021-09-26,CHI,CLE,0.6325430113874003,1,historical
2021,3,2021_03_CIN_PIT,2021-09-26,CIN,PIT,0.7035805249410391,0,historical
2021,3,2021_03_GB_SF,2021-09-26,GB,SF,0.44737997666142715,0,historical
2021,3,2021_03_IND_TEN,2021-09-26,IND,TEN,0.5540679161443569,1,historical
2021,3,2021_03_LAC_KC,2021-09-26,LAC,KC,0.7435260816150361,0,historical
2021,3,2021_03_MIA_LV,2021-09-26,MIA,LV,0.6053260781330381,1,historical
2021,3,2021_03_NO_NE,2021-09-26,NO,NE,0.43623073402663953,0,historical
2021,3,2021_03_NYJ_DEN,2021-09-26,NYJ,DEN,0.7524941322036217,1,historical
2021,3,2021_03_SEA_MIN,2021-09-26,SEA,MIN,0.397810462357535,1,historical
2021,3,2021_03_TB_LA,2021-09-26,TB,LA,0.45109796508585037,1,historical
2021,3,2021_03_WAS_BUF,2021-09-26,WAS,BUF,0.7840107036402504,1,historical
2021,3,2021_03_PHI_DAL,2021-09-27,PHI,DAL,0.5882510834307364,1,historical
2021,4,2021_04_JAX_CIN,2021-09-30,JAX,CIN,0.767410044360222,1,historical
2021,4,2021_04_ARI_LA,2021-10-03,ARI,LA,0.6711700586916494,0,historical
2021,4,2021_04_BAL_DEN,2021-10-03,BAL,DEN,0.43270636246783567,0,historical
2021,4,2021_04_CAR_DAL,2021-10-03,CAR,DAL,0.5059466557552771,1,historical
2021,4,2021_04_CLE_MIN,2021-10-03,CLE,MIN,0.4748118008958015,0,historical
2021,4,2021_04_DET_CHI,2021-10-03,DET,CHI,0.6998396850365698,1,historical
2021,4,2021_04_HOU_BUF,2021-10-03,HOU,BUF,0.8388061519614567,1,historical
2021,4,2021_04_IND_MIA,2021-10-03,IND,MIA,0.571792292284654,0,historical
2021,4,2021_04_KC_PHI,2021-10-03,KC,PHI,0.29846889850848973,0,historical
2021,4,2021_04_NYG_NO,2021-10-03,NYG,NO,0.8395666283948928,0,historical
2021,4,2021_04_PIT_GB,2021-10-03,PIT,GB,0.7308505777746837,1,historical
2021,4,2021_04_SEA_SF,2021-10-03,SEA,SF,0.5172341759180424,0,historical
2021,4,2021_04_TB_NE,2021-10-03,TB,NE,0.335929224398698,0,historical
2021,4,2021_04_TEN_NYJ,2021-10-03,TEN,NYJ,0.28195431523820597,1,historical
2021,4,2021_04_WAS_ATL,2021-10-03,WAS,ATL,0.5564988133137068,0,historical
2021,4,2021_04_LV_LAC,2021-10-04,LV,LAC,0.540270435715952,1,historical
2021,5,2021_05_LA_SEA,2021-10-07,LA,SEA,0.53150724513217,0,historical
2021,5,2021_05_BUF_KC,2021-10-10,BUF,KC,0.5003264216092902,0,historical
2021,5,2021_05_CHI_LV,2021-10-10,CHI,LV,0.6142712477603196,0,historical
2021,5,2021_05_CLE_LAC,2021-10-10,CLE,LAC,0.5211428267722209,1,historical
2021,5,2021_05_DEN_PIT,2021-10-10,DEN,PIT,0.5280094218916469,1,historical
2021,5,2021_05_DET_MIN,2021-10-10,DET,MIN,0.7422527628855979,1,historical
2021,5,2021_05_GB_CIN,2021-10-10,GB,CIN,0.3316592205579788,0,historical
2021,5,2021_05_MIA_TB,2021-10-10,MIA,TB,0.7850006205042008,1,historical
2021,5,2021_05_NE_HOU,2021-10-10,NE,HOU,0.4314235160978973,0,historical
2021,5,2021_05_NO_WAS,2021-10-10,NO,WAS,0.3656775863636297,0,historical
2021,5,2021_05_NYG_DAL,2021-10-10,NYG,DAL,0.7051033349163148,1,historical
2021,5,2021_05_NYJ_ATL,2021-10-10,NYJ,ATL,0.6612811020210272,1,historical
2021,5,2021_05_PHI_CAR,2021-10-10,PHI,CAR,0.6945460038527332,0,historical
2021,5,2021_05_SF_ARI,2021-10-10,SF,ARI,0.6887688023377561,1,historical
2021,5,2021_05_TEN_JAX,2021-10-10,TEN,JAX,0.25036963596245043,0,historical
2021,5,2021_05_IND_BAL,2021-10-11,IND,BAL,0.7001712065932718,1,historical
2021,6,2021_06_TB_PHI,2021-10-14,TB,PHI,0.23684369765763746,0,historical
2021,6,2021_06_ARI_CLE,2021-10-17,ARI,CLE,0.49948967346772494,0,historical
2021,6,2021_06_CIN_DET,2021-10-17,CIN,DET,0.3732898899456574,0,historical
2021,6,2021_06_DAL_NE,2021-10-17,DAL,NE,0.49636588517417124,0,historical
2021,6,2021_06_GB_CHI,2021-10-17,GB,CHI,0.38667469796840037,0,historical
2021,6,2021_06_HOU_IND,2021-10-17,HOU,IND,0.7356093840796947,1,historical
2021,6,2021_06_KC_WAS,2021-10-17,KC,WAS,0.3474682365929044,0,historical
2021,6,2021_06_LAC_BAL,2021-10-17,LAC,BAL,0.631578065227758,1,historical
2021,6,2021_06_LA_NYG,2021-10-17,LA,NYG,0.25448684318156806,0,historical
2021,6,2021_06_LV_DEN,2021-10-17,LV,DEN,0.535091208519607,0,historical
2021,6,2021_06_MIA_JAX,2021-10-17,MIA,JAX,0.30318030303376753,1,historical
2021,6,2021_06_MIN_CAR,2021-10-17,MIN,CAR,0.5506085472422474,0,historical
2021,6,2021_06_SEA_PIT,2021-10-17,SEA,PIT,0.48379170837587376,1,historical
2021,6,2021_06_BUF_TEN,2021-10-18,BUF,TEN,0.3291036302500497,1,historical
2021,7,2021_07_DEN_CLE,2021-10-21,DEN,CLE,0.6809881809448778,1,historical
2021,7,2021_07_ATL_MIA,2021-10-24,ATL,MIA,0.5539578016732121,0,historical
2021,7,2021_07_CAR_NYG,2021-10-24,CAR,NYG,0.41258593201925237,1,historical
2021,7,2021_07_CHI_TB,2021-10-24,CHI,TB,0.7876909292466784,1,historical
2021,7,2021_07_CIN_BAL,2021-10-24,CIN,BAL,0.7672293328900837,0,historical
2021,7,2021_07_DET_LA,2021-10-24,DET,LA,0.8889487714372325,1,historical
2021,7,2021_07_HOU_ARI,2021-10-24,HOU,ARI,0.8606864409088082,1,historical
2021,7,2021_07_IND_SF,2021-10-24,IND,SF,0.47725431139443836,0,historical
2021,7,2021_07_KC_TEN,2021-10-24,KC,TEN,0.47135889552113125,1,historical
2021,7,2021_07_NYJ_NE,2021-10-24,NYJ,NE,0.7535071611262402,1,historical
2021,7,2021_07_PHI_LV,2021-10-24,PHI,LV,0.6831313539463315,1,historical
2021,7,2021_07_WAS_GB,2021-10-24,WAS,GB,0.8245024806090266,1,historical
2021,7,2021_07_NO_SEA,2021-10-25,NO,SEA,0.4407576382082825,0,historical
2021,8,2021_08_GB_ARI,2021-10-28,GB,ARI,0.5421746139335276,0,historical
2021,8,2021_08_CAR_ATL,2021-10-31,CAR,ATL,0.5834811934750841,0,historical
2021,8,2021_08_CIN_NYJ,2021-10-31,CIN,NYJ,0.2443422198638762,1,historical
2021,8,2021_08_DAL_MIN,2021-10-31,DAL,MIN,0.49229716909584276,0,historical
2021,8,2021_08_JAX_SEA,2021-10-31,JAX,SEA,0.822844373276881,1,historical
2021,8,2021_08_LA_HOU,2021-10-31,LA,HOU,0.1999714340570885,0,historical
2021,8,2021_08_MIA_BUF,2021-10-31,MIA,BUF,0.8444970886901144,1,historical
2021,8,2021_08_NE_LAC,2021-10-31,NE,LAC,0.6245033421706477,0,historical
2021,8,2021_08_PHI_DET,2021-10-31,PHI,DET,0.4194664035858587,0,historical
2021,8,2021_08_PIT_CLE,2021-10-31,PIT,CLE,0.6140230392321532,0,historical
2021,8,2021_08_SF_CHI,2021-10-31,SF,CHI,0.5874334974608786,0,historical
2021,8,2021_08_TB_NO,2021-10-31,TB,NO,0.4639441818028038,1,historical
2021,8,2021_08_TEN_IND,2021-10-31,TEN,IND,0.5188350877271958,0,historical
2021,8,2021_08_WAS_DEN,2021-10-31,WAS,DEN,0.5826248607472208,1,historical
2021,8,2021_08_NYG_KC,2021-11-01,NYG,KC,0.7642873195441995,1,historical
2021,9,2021_09_NYJ_IND,2021-11-04,NYJ,IND,0.8157002566325562,1,historical
2021,9,2021_09_ARI_SF,2021-11-07,ARI,SF,0.35368670026388216,0,historical
2021,9,2021_09_ATL_NO,2021-11-07,ATL,NO,0.8269530723863427,0,historical
2021,9,2021_09_BUF_JAX,2021-11-07,BUF,JAX,0.1125656713943637,1,historical
2021,9,2021_09_CLE_CIN,2021-11-07,CLE,CIN,0.5686193231213429,0,historical
2021,9,2021_09_DEN_DAL,2021-11-07,DEN,DAL,0.7109374304601997,0,historical
2021,9,2021_09_GB_KC,2021-11-07,GB,KC,0.42366728403929743,1,historical
2021,9,2021_09_HOU_MIA,2021-11-07,HOU,MIA,0.6507304550865199,1,historical
2021,9,2021_09_LAC_PHI,2021-11-07,LAC,PHI,0.4176687879615777,0,historical
2021,9,2021_09_LV_NYG,2021-11-07,LV,NYG,0.38418282688636757,1,historical
2021,9,2021_09_MIN_BAL,2021-11-07,MIN,BAL,0.7058252480358097,1,historical
2021,9,2021_09_NE_CAR,2021-11-07,NE,CAR,0.4624066609607608,0,historical
2021,9,2021_09_TEN_LA,2021-11-07,TEN,LA,0.6246153204713534,0,historical
2021,9,2021_09_CHI_PIT,2021-11-08,CHI,PIT,0.6663925920694749,1,historical
2021,10,2021_10_BAL_MIA,2021-11-11,BAL,MIA,0.3203662971872046,1,historical
2021,10,2021_10_ATL_DAL,2021-11-14,ATL,DAL,0.6575411805635767,1,historical
2021,10,2021_10_BUF_NYJ,2021-11-14,BUF,NYJ,0.1634719866347164,0,historical
2021,10,2021_10_CAR_ARI,2021-11-14,CAR,ARI,0.8213526122508226,0,historical
2021,10,2021_10_CLE_NE,2021-11-14,CLE,NE,0.5504572154105498,1,historical
2021,10,2021_10_JAX_IND,2021-11-14,JAX,IND,0.841209683331903,1,historical
2021,10,2021_10_KC_LV,2021-11-14,KC,LV,0.40196724282966195,0,historical
2021,10,2021_10_MIN_LAC,2021-11-14,MIN,LAC,0.6398440228596062,0,historical
2021,10,2021_10_NO_TEN,2021-11-14,NO,TEN,0.5589005496341564,1,historical
2021,10,2021_10_PHI_DEN,2021-11-14,PHI,DEN,0.6554122614635965,0,historical
2021,10,2021_10_SEA_GB,2021-11-14,SEA,GB,0.7133585334390217,1,historical
2021,10,2021_10_TB_WAS,2021-11-14,TB,WAS,0.2072846775703345,1,historical
2021,10,2021_10_LA_SF,2021-11-15,LA,SF,0.35587929288759385,1,historical
2021,11,2021_11_NE_ATL,2021-11-18,NE,ATL,0.3261051526558909,0,historical
2021,11,2021_11_ARI_SEA,2021-11-21,ARI,SEA,0.4553478838788604,0,historical
2021,11,2021_11_BAL_CHI,2021-11-21,BAL,CHI,0.38405007025535576,0,historical
2021,11,2021_11_CIN_LV,2021-11-21,CIN,LV,0.5400582600970366,0,historical
2021,11,2021_11_DAL_KC,2021-11-21,DAL,KC,0.6778631687210621,1,historical
2021,11,2021_11_DET_CLE,2021-11-21,DET,CLE,0.8267973433402429,1,historical
2021,11,2021_11_GB_MIN,2021-11-21,GB,MIN,0.3422324809333663,1,historical
2021,11,2021_11_HOU_TEN,2021-11-21,HOU,TEN,0.8863347206364826,0,historical
2021,11,2021_11_IND_BUF,2021-11-21,IND,BUF,0.6788886726824299,0,historical
2021,11,2021_11_MIA_NYJ,2021-11-21,MIA,NYJ,0.3447714775379846,0,historical
2021,11,2021_11_NO_PHI,2021-11-21,NO,PHI,0.3360524837472041,1,historical
2021,11,2021_11_PIT_LAC,2021-11-21,PIT,LAC,0.5561029241660804,1,historical
2021,11,2021_11_SF_JAX,2021-11-21,SF,JAX,0.2809436061712839,0,historical
2021,11,2021_11_WAS_CAR,2021-11-21,WAS,CAR,0.6295624900301765,0,historical
2021,11,2021_11_NYG_TB,2021-11-22,NYG,TB,0.7870019407372862,1,historical
2021,12,2021_12_BUF_NO,2021-11-25,BUF,NO,0.5226204635130224,0,historical
2021,12,2021_12_CHI_DET,2021-11-25,CHI,DET,0.35963711877744586,0,historical
2021,12,2021_12_LV_DAL,2021-11-25,LV,DAL,0.6859151041160613,0,historical
2021,12,2021_12_ATL_JAX,2021-11-28,ATL,JAX,0.4057876251197576,0,historical
2021,12,2021_12_CAR_MIA,2021-11-28,CAR,MIA,0.5832143121156291,1,historical
2021,12,2021_12_CLE_BAL,2021-11-28,CLE,BAL,0.6182035462448179,1,historical
2021,12,2021_12_LAC_DEN,2021-11-28,LAC,DEN,0.4445222787255795,1,historical
2021,12,2021_12_LA_GB,2021-11-28,LA,GB,0.6678332023930212,1,historical
2021,12,2021_12_MIN_SF,2021-11-28,MIN,SF,0.550436745776707,1,historical
2021,12,2021_12_NYJ_HOU,2021-11-28,NYJ,HOU,0.6650650403790179,0,historical
2021,12,2021_12_PHI_NYG,2021-11-28,PHI,NYG,0.440586566536598,1,historical
2021,12,2021_12_PIT_CIN,2021-11-28,PIT,CIN,0.5832545736924649,1,historical
2021,12,2021_12_TB_IND,2021-11-28,TB,IND,0.5415894790886447,0,historical
2021,12,2021_12_TEN_NE,2021-11-28,TEN,NE,0.5800970671911475,1,historical
2021,12,2021_12_SEA_WAS,2021-11-29,SEA,WAS,0.5217451676188484,1,historical
2021,13,2021_13_DAL_NO,2021-12-02,DAL,NO,0.6129865486074506,0,historical
2021,13,2021_13_ARI_CHI,2021-12-05,ARI,CHI,0.31265361607527725,0,historical
2021,13,2021_13_BAL_PIT,2021-12-05,BAL,PIT,0.392132202642019,1,historical
2021,13,2021_13_DEN_KC,2021-12-05,DEN,KC,0.7671086740080395,1,historical
2021,13,2021_13_IND_HOU,2021-12-05,IND,HOU,0.23121283195571196,0,historical
2021,13,2021_13_JAX_LA,2021-12-05,JAX,LA,0.8603626758436032,1,historical
2021,13,2021_13_LAC_CIN,2021-12-05,LAC,CIN,0.631071495275549,0,historical
2021,13,2021_13_MIN_DET,2021-12-05,MIN,DET,0.24328054362557122,1,historical
2021,13,2021_13_NYG_MIA,2021-12-05,NYG,MIA,0.6473711448986285,1,historical
2021,13,2021_13_PHI_NYJ,2021-12-05,PHI,NYJ,0.3529696741520206,0,historical
2021,13,2021_13_SF_SEA,2021-12-05,SF,SEA,0.4569437865492154,1,historical
2021,13,2021_13_TB_ATL,2021-12-05,TB,ATL,0.23822986850139816,0,historical
2021,13,2021_13_WAS_LV,2021-12-05,WAS,LV,0.5253873294206057,0,historical
2021,13,2021_13_NE_BUF,2021-12-06,NE,BUF,0.571969201900786,0,historical
2021,14,2021_14_PIT_MIN,2021-12-09,PIT,MIN,0.579721330802922,1,historical
2021,14,2021_14_ATL_CAR,2021-12-12,ATL,CAR,0.6028661749568528,0,historical
2021,14,2021_14_BAL_CLE,2021-12-12,BAL,CLE,0.46371009297729776,1,historical
2021,14,2021_14_BUF_TB,2021-12-12,BUF,TB,0.619116455492182,1,historical
2021,14,2021_14_CHI_GB,2021-12-12,CHI,GB,0.8370451473556249,1,historical
2021,14,2021_14_DAL_WAS,2021-12-12,DAL,WAS,0.48577090788952637,0,historical
2021,14,2021_14_DET_DEN,2021-12-12,DET,DEN,0.7754973737399415,1,historical
2021,14,2021_14_JAX_TEN,2021-12-12,JAX,TEN,0.8752035460689742,1,historical
2021,14,2021_14_LV_KC,2021-12-12,LV,KC,0.8165114065950586,1,historical
2021,14,2021_14_NO_NYJ,2021-12-12,NO,NYJ,0.2822285921541379,0,historical
2021,14,2021_14_NYG_LAC,2021-12-12,NYG,LAC,0.704097342269856,1,historical
2021,14,2021_14_SEA_HOU,2021-12-12,SEA,HOU,0.3178414896144322,0,historical
2021,14,2021_14_SF_CIN,2021-12-12,SF,CIN,0.527322354961579,0,historical
2021,14,2021_14_LA_ARI,2021-12-13,LA,ARI,0.6485619233702341,0,historical
2021,15,2021_15_KC_LAC,2021-12-16,KC,LAC,0.38441444466742963,0,historical
2021,15,2021_15_NE_IND,2021-12-18,NE,IND,0.49551730131852223,1,historical
2021,15,2021_15_ARI_DET,2021-12-19,ARI,DET,0.17140957877246793,1,historical
2021,15,2021_15_ATL_SF,2021-12-19,ATL,SF,0.6927255011036568,1,historical
2021,15,2021_15_CAR_BUF,2021-12-19,CAR,BUF,0.8121290048711117,1,historical
2021,15,2021_15_CIN_DEN,2021-12-19,CIN,DEN,0.5427853869290855,0,historical
2021,15,2021_15_DAL_NYG,2021-12-19,DAL,NYG,0.3427312621467911,0,historical
2021,15,2021_15_GB_BAL,2021-12-19,GB,BAL,0.4035768078879523,0,historical
2021,15,2021_15_HOU_JAX,2021-12-19,HOU,JAX,0.47829295411017964,0,historical
2021,15,2021_15_NO_TB,2021-12-19,NO,TB,0.741730803866525,0,historical
2021,15,2021_15_NYJ_MIA,2021-12-19,NYJ,MIA,0.8282323614387643,1,historical
2021,15,2021_15_TEN_PIT,2021-12-19,TEN,PIT,0.39742737011211954,1,historical
2021,15,2021_15_LV_CLE,2021-12-20,LV,CLE,0.6817139619919921,0,historical
2021,15,2021_15_MIN_CHI,2021-12-20,MIN,CHI,0.4078548907574877,0,historical
2021,15,2021_15_SEA_LA,2021-12-21,SEA,LA,0.6460901852193202,1,historical
2021,15,2021_15_WAS_PHI,2021-12-21,WAS,PHI,0.5981081692530602,1,historical
2021,16,2021_16_SF_TEN,2021-12-23,SF,TEN,0.5453919396645242,1,historical
2021,16,2021_16_CLE_GB,2021-12-25,CLE,GB,0.7705368288166969,1,historical
2021,16,2021_16_IND_ARI,2021-12-25,IND,ARI,0.407672284099969,0,historical
2021,16,2021_16_BAL_CIN,2021-12-26,BAL,CIN,0.5023072055774764,1,historical
2021,16,2021_16_BUF_NE,2021-12-26,BUF,NE,0.5558621706560627,0,historical
2021,16,2021_16_CHI_SEA,2021-12-26,CHI,SEA,0.7130999685813327,0,historical
2021,16,2021_16_DEN_LV,2021-12-26,DEN,LV,0.5325421185740041,1,historical
2021,16,2021_16_DET_ATL,2021-12-26,DET,ATL,0.6573725484948717,1,historical
2021,16,2021_16_JAX_NYJ,2021-12-26,JAX,NYJ,0.637422767266758,1,historical
2021,16,2021_16_LAC_HOU,2021-12-26,LAC,HOU,0.27573811670791265,1,historical
2021,16,2021_16_LA_MIN,2021-12-26,LA,MIN,0.44931003086515964,0,historical
2021,16,2021_16_NYG_PHI,2021-12-26,NYG,PHI,0.7251658230357666,1,historical
2021,16,2021_16_PIT_KC,2021-12-26,PIT,KC,0.7963140894683213,1,historical
2021,16,2021_16_TB_CAR,2021-12-26,TB,CAR,0.2407574379088895,0,historical
2021,16,2021_16_WAS_DAL,2021-12-26,WAS,DAL,0.7305068250189295,1,historical
2021,16,2021_16_MIA_NO,2021-12-27,MIA,NO,0.6097311933233057,0,historical
2021,17,2021_17_ARI_DAL,2022-01-02,ARI,DAL,0.6721489494208059,0,historical
2021,17,2021_17_ATL_BUF,2022-01-02,ATL,BUF,0.8308680641546117,1,historical
2021,17,2021_17_CAR_NO,2022-01-02,CAR,NO,0.7524511169245293,1,historical
2021,17,2021_17_DEN_LAC,2022-01-02,DEN,LAC,0.6351154869415386,1,historical
2021,17,2021_17_DET_SEA,2022-01-02,DET,SEA,0.7660406541271885,1,historical
2021,17,2021_17_HOU_SF,2022-01-02,HOU,SF,0.7542495562798266,1,historical
2021,17,2021_17_JAX_NE,2022-01-02,JAX,NE,0.9190463114669678,1,historical
2021,17,2021_17_KC_CIN,2022-01-02,KC,CIN,0.35482611771233435,1,historical
2021,17,2021_17_LA_BAL,2022-01-02,LA,BAL,0.4092309917099151,0,historical
2021,17,2021_17_LV_IND,2022-01-02,LV,IND,0.792125214528705,0,historical
2021,17,2021_17_MIA_TEN,2022-01-02,MIA,TEN,0.5331572562651783,1,historical
2021,17,2021_17_MIN_GB,2022-01-02,MIN,GB,0.7688167877811529,1,historical
2021,17,2021_17_NYG_CHI,2022-01-02,NYG,CHI,0.5978294417687372,1,historical
2021,17,2021_17_PHI_WAS,2022-01-02,PHI,WAS,0.4038411381250638,0,historical
2021,17,2021_17_TB_NYJ,2022-01-02,TB,NYJ,0.14415038401513822,0,historical
2021,17,2021_17_CLE_PIT,2022-01-03,CLE,PIT,0.5157796876392343,1,historical
2021,18,2021_18_DAL_PHI,2022-01-08,DAL,PHI,0.5126346344344683,0,historical
2021,18,2021_18_KC_DEN,2022-01-08,KC,DEN,0.2312030407665984,0,historical
2021,18,2021_18_CAR_TB,2022-01-09,CAR,TB,0.8673877544904783,1,historical
2021,18,2021_18_CHI_MIN,2022-01-09,CHI,MIN,0.65055880700797,1,historical
2021,18,2021_18_CIN_CLE,2022-01-09,CIN,CLE,0.4183107609268766,1,historical
2021,18,2021_18_GB_DET,2022-01-09,GB,DET,0.123481447175436,1,historical
2021,18,2021_18_IND_JAX,2022-01-09,IND,JAX,0.10173853564070982,1,historical
2021,18,2021_18_LAC_LV,2022-01-09,LAC,LV,0.5025885034569169,1,historical
2021,18,2021_18_NE_MIA,2022-01-09,NE,MIA,0.4653723253696658,1,historical
2021,18,2021_18_NO_ATL,2022-01-09,NO,ATL,0.3777214730201614,0,historical
2021,18,2021_18_NYJ_BUF,2022-01-09,NYJ,BUF,0.9156162503381546,1,historical
2021,18,2021_18_PIT_BAL,2022-01-09,PIT,BAL,0.5845718692458224,0,historical
2021,18,2021_18_SEA_ARI,2022-01-09,SEA,ARI,0.5974027513210506,0,historical
2021,18,2021_18_SF_LA,2022-01-09,SF,LA,0.666288865322095,0,historical
2021,18,2021_18_TEN_HOU,2022-01-09,TEN,HOU,0.2598339396132687,0,historical
2021,18,2021_18_WAS_NYG,2022-01-09,WAS,NYG,0.45601805096011533,0,historical
2021,19,2021_19_LV_CIN,2022-01-15,LV,CIN,0.6267721511928666,1,historical
2021,19,2021_19_NE_BUF,2022-01-15,NE,BUF,0.689525598126872,1,historical
2021,19,2021_19_PHI_TB,2022-01-16,PHI,TB,0.7488652654855168,1,historical
2021,19,2021_19_PIT_KC,2022-01-16,PIT,KC,0.7731908639330263,1,historical
2021,19,2021_19_SF_DAL,2022-01-16,SF,DAL,0.6282915479206851,0,historical
2021,19,2021_19_ARI_LA,2022-01-17,ARI,LA,0.7034850301086212,1,historical
2021,20,2021_20_CIN_TEN,2022-01-22,CIN,TEN,0.607275169723899,0,historical
2021,20,2021_20_SF_GB,2022-01-22,SF,GB,0.6340085870395745,0,historical
2021,20,2021_20_BUF_KC,2022-01-23,BUF,KC,0.5542591541124052,1,historical
2021,20,2021_20_LA_TB,2022-01-23,LA,TB,0.6111542794668198,0,historical
2021,21,2021_21_CIN_KC,2022-01-30,CIN,KC,0.7160381502834594,0,historical
2021,21,2021_21_SF_LA,2022-01-30,SF,LA,0.6189910546429184,1,historical
2021,22,2021_22_LA_CIN,2022-02-13,LA,CIN,0.45516752611557193,0,historical
2022,1,2022_01_BUF_LA,2022-09-08,BUF,LA,0.5285999061628618,0,historical
2022,1,2022_01_BAL_NYJ,2022-09-11,BAL,NYJ,0.3267035231596598,0,historical
2022,1,2022_01_CLE_CAR,2022-09-11,CLE,CAR,0.41134603577042433,0,historical
2022,1,2022_01_GB_MIN,2022-09-11,GB,MIN,0.4219820717780687,1,historical
2022,1,2022_01_JAX_WAS,2022-09-11,JAX,WAS,0.6900658865517172,1,historical
2022,1,2022_01_KC_ARI,2022-09-11,KC,ARI,0.3506014332842895,0,historical
2022,1,2022_01_LV_LAC,2022-09-11,LV,LAC,0.5786257672686049,1,historical
2022,1,2022_01_NE_MIA,2022-09-11,NE,MIA,0.5475678895589549,1,historical
2022,1,2022_01_NO_ATL,2022-09-11,NO,ATL,0.37680424788555245,0,historical
2022,1,2022_01_NYG_TEN,2022-09-11,NYG,TEN,0.7679468208538424,0,historical
2022,1,2022_01_PHI_DET,2022-09-11,PHI,DET,0.40598591634546893,0,historical
2022,1,2022_01_PIT_CIN,2022-09-11,PIT,CIN,0.6189223196488879,0,historical
2022,1,2022_01_SF_CHI,2022-09-11,SF,CHI,0.3663191455598807,1,historical
2022,1,2022_01_TB_DAL,2022-09-11,TB,DAL,0.4618040458674619,0,historical
2022,1,2022_01_DEN_SEA,2022-09-12,DEN,SEA,0.6537956486955724,1,historical
2022,2,2022_02_LAC_KC,2022-09-15,LAC,KC,0.7053914600588386,1,historical
2022,2,2022_02_ARI_LV,2022-09-18,ARI,LV,0.5358872096260987,0,historical
2022,2,2022_02_ATL_LA,2022-09-18,ATL,LA,0.7491842886344675,1,historical
2022,2,2022_02_CAR_NYG,2022-09-18,CAR,NYG,0.5244093561073475,1,historical
2022,2,2022_02_CHI_GB,2022-09-18,CHI,GB,0.6640631849553212,1,historical
2022,2,2022_02_CIN_DAL,2022-09-18,CIN,DAL,0.525162416893228,1,historical
2022,2,2022_02_HOU_DEN,2022-09-18,HOU,DEN,0.5801171017868131,1,historical
2022,2,2022_02_IND_JAX,2022-09-18,IND,JAX,0.26638233166042113,1,historical
2022,2,2022_02_MIA_BAL,2022-09-18,MIA,BAL,0.48599598631269564,0,historical
2022,2,2022_02_NE_PIT,2022-09-18,NE,PIT,0.5289954777629318,0,historical
2022,2,2022_02_NYJ_CLE,2022-09-18,NYJ,CLE,0.7522371175505662,0,historical
2022,2,2022_02_SEA_SF,2022-09-18,SEA,SF,0.5430431192646282,1,historical
2022,2,2022_02_TB_NO,2022-09-18,TB,NO,0.4186311881991847,0,historical
2022,2,2022_02_WAS_DET,2022-09-18,WAS,DET,0.430241417087285,1,historical
2022,2,2022_02_MIN_PHI,2022-09-19,MIN,PHI,0.4866576131659715,1,historical
2022,2,2022_02_TEN_BUF,2022-09-19,TEN,BUF,0.6965124343128101,1,historical
2022,3,2022_03_PIT_CLE,2022-09-22,PIT,CLE,0.54341356099572,1,historical
2022,3,2022_03_ATL_SEA,2022-09-25,ATL,SEA,0.6588280360637057,0,historical
2022,3,2022_03_BAL_NE,2022-09-25,BAL,NE,0.5635249204427643,0,historical
2022,3,2022_03_BUF_MIA,2022-09-25,BUF,MIA,0.398086736945859,1,historical
2022,3,2022_03_CIN_NYJ,2022-09-25,CIN,NYJ,0.29691583349618467,0,historical
2022,3,2022_03_DET_MIN,2022-09-25,DET,MIN,0.6732707281635603,1,historical
2022,3,2022_03_GB_TB,2022-09-25,GB,TB,0.6468379612284866,0,historical
2022,3,2022_03_HOU_CHI,2022-09-25,HOU,CHI,0.6188050495842321,1,historical
2022,3,2022_03_JAX_LAC,2022-09-25,JAX,LAC,0.7199571555864869,0,historical
2022,3,2022_03_KC_IND,2022-09-25,KC,IND,0.3059303143209256,1,historical
2022,3,2022_03_LA_ARI,2022-09-25,LA,ARI,0.3843099619269271,0,historical
2022,3,2022_03_LV_TEN,2022-09-25,LV,TEN,0.6290237536182935,1,historical
2022,3,2022_03_NO_CAR,2022-09-25,NO,CAR,0.3352226328714347,1,historical
2022,3,2022_03_PHI_WAS,2022-09-25,PHI,WAS,0.4067337177939184,0,historical
2022,3,2022_03_SF_DEN,2022-09-25,SF,DEN,0.39311834438490373,1,historical
2022,3,2022_03_DAL_NYG,2022-09-26,DAL,NYG,0.33841216494189713,0,historical
2022,4,2022_04_MIA_CIN,2022-09-29,MIA,CIN,0.4694773698682773,1,historical
2022,4,2022_04_ARI_CAR,2022-10-02,ARI,CAR,0.4620754702723009,0,historical
2022,4,2022_04_BUF_BAL,2022-10-02,BUF,BAL,0.3615712233008177,0,historical
2022,4,2022_04_CHI_NYG,2022-10-02,CHI,NYG,0.432532510862656,1,historical
2022,4,2022_04_CLE_ATL,2022-10-02,CLE,ATL,0.43122156067173173,1,historical
2022,4,2022_04_DEN_LV,2022-10-02,DEN,LV,0.5222940936356139,1,historical
2022,4,2022_04_JAX_PHI,2022-10-02,JAX,PHI,0.7028683091510232,1,historical
2022,4,2022_04_KC_TB,2022-10-02,KC,TB,0.5436562087016739,0,historical
2022,4,2022_04_LAC_HOU,2022-10-02,LAC,HOU,0.42147316471626234,0,historical
2022,4,2022_04_MIN_NO,2022-10-02,MIN,NO,0.5095574394849558,0,historical
2022,4,2022_04_NE_GB,2022-10-02,NE,GB,0.6659524598482839,1,historical
2022,4,2022_04_NYJ_PIT,2022-10-02,NYJ,PIT,0.7164287221172836,0,historical
2022,4,2022_04_SEA_DET,2022-10-02,SEA,DET,0.43024215893605805,0,historical
2022,4,2022_04_TEN_IND,2022-10-02,TEN,IND,0.5058873161722418,0,historical
2022,4,2022_04_WAS_DAL,2022-10-02,WAS,DAL,0.7221233184410881,1,historical
2022,4,2022_04_LA_SF,2022-10-03,LA,SF,0.4552545954992238,1,historical
2022,5,2022_05_IND_DEN,2022-10-06,IND,DEN,0.47803877108226006,0,historical
2022,5,2022_05_ATL_TB,2022-10-09,ATL,TB,0.7456755517438006,1,historical
2022,5,2022_05_CHI_MIN,2022-10-09,CHI,MIN,0.6763776006785465,1,historical
2022,5,2022_05_CIN_BAL,2022-10-09,CIN,BAL,0.4823185255230378,1,historical
2022,5,2022_05_DAL_LA,2022-10-09,DAL,LA,0.5550172542757681,0,historical
2022,5,2022_05_DET_NE,2022-10-09,DET,NE,0.6805159933425082,1,historical
2022,5,2022_05_HOU_JAX,2022-10-09,HOU,JAX,0.6186757627300156,0,historical
2022,5,2022_05_LAC_CLE,2022-10-09,LAC,CLE,0.5586030214464287,0,historical
2022,5,2022_05_MIA_NYJ,2022-10-09,MIA,NYJ,0.26404764026518507,1,historical
2022,5,2022_05_NYG_GB,2022-10-09,NYG,GB,0.7714757162682994,0,historical
2022,5,2022_05_PHI_ARI,2022-10-09,PHI,ARI,0.42966967668112155,0,historical
2022,5,2022_05_PIT_BUF,2022-10-09,PIT,BUF,0.8159443821496504,1,historical
2022,5,2022_05_SEA_NO,2022-10-09,SEA,NO,0.531406016661933,1,historical
2022,5,2022_05_SF_CAR,2022-10-09,SF,CAR,0.2850077900458829,0,historical
2022,5,2022_05_TEN_WAS,2022-10-09,TEN,WAS,0.3349781457693366,0,historical
2022,5,2022_05_LV_KC,2022-10-10,LV,KC,0.7779705420686511,1,historical
2022,6,2022_06_WAS_CHI,2022-10-13,WAS,CHI,0.5818453944296731,0,historical
2022,6,2022_06_ARI_SEA,2022-10-16,ARI,SEA,0.5350330820367953,1,historical
2022,6,2022_06_BAL_NYG,2022-10-16,BAL,NYG,0.3964614207097884,1,historical
2022,6,2022_06_BUF_KC,2022-10-16,BUF,KC,0.5104529035806671,0,historical
2022,6,2022_06_CAR_LA,2022-10-16,CAR,LA,0.7633570640674768,1,historical
2022,6,2022_06_CIN_NO,2022-10-16,CIN,NO,0.4648697934934774,0,historical
2022,6,2022_06_DAL_PHI,2022-10-16,DAL,PHI,0.5119183336339606,1,historical
2022,6,2022_06_JAX_IND,2022-10-16,JAX,IND,0.6722821474637417,1,historical
2022,6,2022_06_MIN_MIA,2022-10-16,MIN,MIA,0.49396121555039485,0,historical
2022,6,2022_06_NE_CLE,2022-10-16,NE,CLE,0.4975208845398971,0,historical
2022,6,2022_06_NYJ_GB,2022-10-16,NYJ,GB,0.7418242966766392,0,historical
2022,6,2022_06_SF_ATL,2022-10-16,SF,ATL,0.33054101736415287,1,historical
2022,6,2022_06_TB_PIT,2022-10-16,TB,PIT,0.2823278941403723,1,historical
2022,6,2022_06_DEN_LAC,2022-10-17,DEN,LAC,0.6267782146220571,1,historical
2022,7,2022_07_NO_ARI,2022-10-20,NO,ARI,0.4902481029780419,1,historical
2022,7,2022_07_ATL_CIN,2022-10-23,ATL,CIN,0.6629527065932531,1,historical
2022,7,2022_07_CLE_BAL,2022-10-23,CLE,BAL,0.6294812339961771,1,historical
2022,7,2022_07_DET_DAL,2022-10-23,DET,DAL,0.7899004326459634,1,historical
2022,7,2022_07_GB_WAS,2022-10-23,GB,WAS,0.39247832930101545,1,historical
2022,7,2022_07_HOU_LV,2022-10-23,HOU,LV,0.6489862539825043,1,historical
2022,7,2022_07_IND_TEN,2022-10-23,IND,TEN,0.6188168545773586,1,historical
2022,7,2022_07_KC_SF,2022-10-23,KC,SF,0.4115789431533255,0,historical
2022,7,2022_07_NYG_JAX,2022-10-23,NYG,JAX,0.43141329212123014,0,historical
2022,7,2022_07_NYJ_DEN,2022-10-23,NYJ,DEN,0.5106503203920738,0,historical
2022,7,2022_07_PIT_MIA,2022-10-23,PIT,MIA,0.6046961224683064,1,historical
2022,7,2022_07_SEA_LAC,2022-10-23,SEA,LAC,0.5487605886626556,0,historical
2022,7,2022_07_TB_CAR,2022-10-23,TB,CAR,0.22685572907268178,1,historical
2022,7,2022_07_CHI_NE,2022-10-24,CHI,NE,0.7306194070498995,0,historical
2022,8,2022_08_BAL_TB,2022-10-27,BAL,TB,0.5779973659964911,0,historical
2022,8,2022_08_ARI_MIN,2022-10-30,ARI,MIN,0.6642512593514196,1,historical
2022,8,2022_08_CAR_ATL,2022-10-30,CAR,ATL,0.6117391706424493,1,historical
2022,8,2022_08_CHI_DAL,2022-10-30,CHI,DAL,0.7224722188401861,1,historical
2022,8,2022_08_DEN_JAX,2022-10-30,DEN,JAX,0.4741857486846848,0,historical
2022,8,2022_08_GB_BUF,2022-10-30,GB,BUF,0.7849342176974826,1,historical
2022,8,2022_08_LV_NO,2022-10-30,LV,NO,0.5122169234705964,1,historical
2022,8,2022_08_MIA_DET,2022-10-30,MIA,DET,0.3361170724958449,0,historical
2022,8,2022_08_NE_NYJ,2022-10-30,NE,NYJ,0.5017080981139839,0,historical
2022,8,2022_08_NYG_SEA,2022-10-30,NYG,SEA,0.6111418769336268,1,historical
2022,8,2022_08_PIT_PHI,2022-10-30,PIT,PHI,0.7525900458118521,1,historical
2022,8,2022_08_SF_LA,2022-10-30,SF,LA,0.5799591072342929,0,historical
2022,8,2022_08_TEN_HOU,2022-10-30,TEN,HOU,0.2650326688086543,0,historical
2022,8,2022_08_WAS_IND,2022-10-30,WAS,IND,0.6242379051935433,0,historical
2022,8,2022_08_CIN_CLE,2022-10-31,CIN,CLE,0.3391064996880742,1,historical
2022,9,2022_09_PHI_HOU,2022-11-03,PHI,HOU,0.21653580262023292,0,historical
2022,9,2022_09_BUF_NYJ,2022-11-06,BUF,NYJ,0.21420179001766115,1,historical
2022,9,2022_09_CAR_CIN,2022-11-06,CAR,CIN,0.7246418727778663,1,historical
2022,9,2022_09_GB_DET,2022-11-06,GB,DET,0.3402754953769006,1,historical
2022,9,2022_09_IND_NE,2022-11-06,IND,NE,0.5960524275980954,1,historical
2022,9,2022_09_LAC_ATL,2022-11-06,LAC,ATL,0.5342814661258528,0,historical
2022,9,2022_09_LA_TB,2022-11-06,LA,TB,0.5495853204500926,1,historical
2022,9,2022_09_LV_JAX,2022-11-06,LV,JAX,0.38897167870529936,1,historical
2022,9,2022_09_MIA_CHI,2022-11-06,MIA,CHI,0.4174909576845101,0,historical
2022,9,2022_09_MIN_WAS,2022-11-06,MIN,WAS,0.3366552228853415,0,historical
2022,9,2022_09_SEA_ARI,2022-11-06,SEA,ARI,0.4255938738318062,0,historical
2022,9,2022_09_TEN_KC,2022-11-06,TEN,KC,0.6585530128071763,1,historical
2022,9,2022_09_BAL_NO,2022-11-07,BAL,NO,0.4670994926694049,0,historical
2022,10,2022_10_ATL_CAR,2022-11-10,ATL,CAR,0.4555309891887724,1,historical
2022,10,2022_10_ARI_LA,2022-11-13,ARI,LA,0.6403764705391065,0,historical
2022,10,2022_10_CLE_MIA,2022-11-13,CLE,MIA,0.6000584537661464,1,historical
2022,10,2022_10_DAL_GB,2022-11-13,DAL,GB,0.3541625597439083,1,historical
2022,10,2022_10_DEN_TEN,2022-11-13,DEN,TEN,0.7442163572520143,1,historical
2022,10,2022_10_DET_CHI,2022-11-13,DET,CHI,0.600848529470261,0,historical
2022,10,2022_10_HOU_NYG,2022-11-13,HOU,NYG,0.6795518291231694,1,historical
2022,10,2022_10_IND_LV,2022-11-13,IND,LV,0.508448736383595,0,historical
2022,10,2022_10_JAX_KC,2022-11-13,JAX,KC,0.8670378117811955,1,historical
2022,10,2022_10_LAC_SF,2022-11-13,LAC,SF,0.6524240348026428,1,historical
2022,10,2022_10_MIN_BUF,2022-11-13,MIN,BUF,0.6715672542474351,0,historical
2022,10,2022_10_NO_PIT,2022-11-13,NO,PIT,0.46106780820410115,1,historical
2022,10,2022_10_SEA_TB,2022-11-13,SEA,TB,0.517065657891556,1,historical
2022,10,2022_10_WAS_PHI,2022-11-14,WAS,PHI,0.7832151927539686,0,historical
2022,11,2022_11_TEN_GB,2022-11-17,TEN,GB,0.3794104605554732,0,historical
2022,11,2022_11_CAR_BAL,2022-11-20,CAR,BAL,0.7409934060441911,1,historical
2022,11,2022_11_CHI_ATL,2022-11-20,CHI,ATL,0.5603768142248983,1,historical
2022,11,2022_11_CIN_PIT,2022-11-20,CIN,PIT,0.37099376413909774,0,historical
2022,11,2022_11_CLE_BUF,2022-11-20,CLE,BUF,0.7987021276914854,1,historical
2022,11,2022_11_DAL_MIN,2022-11-20,DAL,MIN,0.5579104471316522,0,historical
2022,11,2022_11_DET_NYG,2022-11-20,DET,NYG,0.6508523620473833,0,historical
2022,11,2022_11_KC_LAC,2022-11-20,KC,LAC,0.2636731310021564,0,historical
2022,11,2022_11_LA_NO,2022-11-20,LA,NO,0.4881400518568842,1,historical
2022,11,2022_11_LV_DEN,2022-11-20,LV,DEN,0.5435872676475514,0,historical
2022,11,2022_11_NYJ_NE,2022-11-20,NYJ,NE,0.6272081172601194,1,historical
2022,11,2022_11_PHI_IND,2022-11-20,PHI,IND,0.38653062509920383,0,historical
2022,11,2022_11_WAS_HOU,2022-11-20,WAS,HOU,0.35616976124986793,0,historical
2022,11,2022_11_SF_ARI,2022-11-21,SF,ARI,0.3920099761672499,0,historical
2022,12,2022_12_BUF_DET,2022-11-24,BUF,DET,0.20774262574673108,0,historical
2022,12,2022_12_NE_MIN,2022-11-24,NE,MIN,0.5478948965564673,1,historical
2022,12,2022_12_NYG_DAL,2022-11-24,NYG,DAL,0.7862553246450519,1,historical
2022,12,2022_12_ATL_WAS,2022-11-27,ATL,WAS,0.6076109159401596,1,historical
2022,12,2022_12_BAL_JAX,2022-11-27,BAL,JAX,0.25539526321651695,1,historical
2022,12,2022_12_CHI_NYJ,2022-11-27,CHI,NYJ,0.6294338822752298,1,historical
2022,12,2022_12_CIN_TEN,2022-11-27,CIN,TEN,0.5844607875185156,0,historical
2022,12,2022_12_DEN_CAR,2022-11-27,DEN,CAR,0.5444748399144007,1,historical
2022,12,2022_12_GB_PHI,2022-11-27,GB,PHI,0.7038999021655595,1,historical
2022,12,2022_12_HOU_MIA,2022-11-27,HOU,MIA,0.81686093987255,1,historical
2022,12,2022_12_LAC_ARI,2022-11-27,LAC,ARI,0.5176538906910473,0,historical
2022,12,2022_12_LA_KC,2022-11-27,LA,KC,0.8081615672058209,1,historical
2022,12,2022_12_LV_SEA,2022-11-27,LV,SEA,0.7019154300004504,0,historical
2022,12,2022_12_NO_SF,2022-11-27,NO,SF,0.7181706461528293,1,historical
2022,12,2022_12_TB_CLE,2022-11-27,TB,CLE,0.3855534270474603,1,historical
2022,12,2022_12_PIT_IND,2022-11-28,PIT,IND,0.5916070113455352,0,historical
2022,13,2022_13_BUF_NE,2022-12-01,BUF,NE,0.3330475491640829,0,historical
2022,13,2022_13_CLE_HOU,2022-12-04,CLE,HOU,0.32201285357084064,0,historical
2022,13,2022_13_DEN_BAL,2022-12-04,DEN,BAL,0.7800826643484674,1,historical
2022,13,2022_13_GB_CHI,2022-12-04,GB,CHI,0.4375174508785479,0,historical
2022,13,2022_13_IND_DAL,2022-12-04,IND,DAL,0.7839812735564559,1,historical
2022,13,2022_13_JAX_DET,2022-12-04,JAX,DET,0.5886562184821881,1,historical
2022,13,2022_13_KC_CIN,2022-12-04,KC,CIN,0.40037207183500795,1,historical
2022,13,2022_13_LAC_LV,2022-12-04,LAC,LV,0.4970204977238601,1,historical
2022,13,2022_13_MIA_SF,2022-12-04,MIA,SF,0.6191447232447143,1,historical
2022,13,2022_13_NYJ_MIN,2022-12-04,NYJ,MIN,0.6678376679129107,1,historical
2022,13,2022_13_PIT_ATL,2022-12-04,PIT,ATL,0.4959618313754392,0,historical
2022,13,2022_13_SEA_LA,2022-12-04,SEA,LA,0.4358334373376616,0,historical
2022,13,2022_13_TEN_PHI,2022-12-04,TEN,PHI,0.5472051537872424,1,historical
2022,13,2022_13_NO_TB,2022-12-05,NO,TB,0.6677898252230132,1,historical
2022,14,2022_14_LV_LA,2022-12-08,LV,LA,0.5080491510875752,1,historical
2022,14,2022_14_BAL_PIT,2022-12-11,BAL,PIT,0.3861344012325205,0,historical
2022,14,2022_14_CAR_SEA,2022-12-11,CAR,SEA,0.688694777376313,0,historical
2022,14,2022_14_CLE_CIN,2022-12-11,CLE,CIN,0.7122772552234243,1,historical
2022,14,2022_14_HOU_DAL,2022-12-11,HOU,DAL,0.9008654233820996,1,historical
2022,14,2022_14_JAX_TEN,2022-12-11,JAX,TEN,0.7941255377024102,0,historical
2022,14,2022_14_KC_DEN,2022-12-11,KC,DEN,0.1731521224032211,0,historical
2022,14,2022_14_MIA_LAC,2022-12-11,MIA,LAC,0.4149609139069955,1,historical
2022,14,2022_14_MIN_DET,2022-12-11,MIN,DET,0.3329196367924676,1,historical
2022,14,2022_14_NYJ_BUF,2022-12-11,NYJ,BUF,0.8137569800709056,1,historical
2022,14,2022_14_PHI_NYG,2022-12-11,PHI,NYG,0.2730296979134486,0,historical
2022,14,2022_14_TB_SF,2022-12-11,TB,SF,0.6559130672385207,1,historical
2022,14,2022_14_NE_ARI,2022-12-12,NE,ARI,0.42879099310790025,0,historical
2022,15,2022_15_SF_SEA,2022-12-15,SF,SEA,0.3365368040173614,0,historical
2022,15,2022_15_BAL_CLE,2022-12-17,BAL,CLE,0.37907153632745233,1,historical
2022,15,2022_15_IND_MIN,2022-12-17,IND,MIN,0.7108468260485785,1,historical
2022,15,2022_15_MIA_BUF,2022-12-17,MIA,BUF,0.7805841366251942,1,historical
2022,15,2022_15_ARI_DEN,2022-12-18,ARI,DEN,0.47084120454395945,1,historical
2022,15,2022_15_ATL_NO,2022-12-18,ATL,NO,0.5983422940310411,1,historical
2022,15,2022_15_CIN_TB,2022-12-18,CIN,TB,0.40383414364807513,0,historical
2022,15,2022_15_DAL_JAX,2022-12-18,DAL,JAX,0.21692990711261764,1,historical
2022,15,2022_15_DET_NYJ,2022-12-18,DET,NYJ,0.5291644175203014,0,historical
2022,15,2022_15_KC_HOU,2022-12-18,KC,HOU,0.10996177769125084,0,historical
2022,15,2022_15_NE_LV,2022-12-18,NE,LV,0.4166396416421645,1,historical
2022,15,2022_15_NYG_WAS,2022-12-18,NYG,WAS,0.6604635120882021,0,historical
2022,15,2022_15_PHI_CHI,2022-12-18,PHI,CHI,0.1897857154368183,0,historical
2022,15,2022_15_PIT_CAR,2022-12-18,PIT,CAR,0.5383118156747836,0,historical
2022,15,2022_15_TEN_LAC,2022-12-18,TEN,LAC,0.4825493595269661,1,historical
2022,15,2022_15_LA_GB,2022-12-19,LA,GB,0.57193292873117,1,historical
2022,16,2022_16_JAX_NYJ,2022-12-22,JAX,NYJ,0.5802894518482267,0,historical
2022,16,2022_16_ATL_BAL,2022-12-24,ATL,BAL,0.7407283147932903,1,historical
2022,16,2022_16_BUF_CHI,2022-12-24,BUF,CHI,0.12783509920479974,0,historical
2022,16,2022_16_CIN_NE,2022-12-24,CIN,NE,0.3629378050039067,0,historical
2022,16,2022_16_DET_CAR,2022-12-24,DET,CAR,0.46158223943057847,1,historical
2022,16,2022_16_HOU_TEN,2022-12-24,HOU,TEN,0.7918207016398752,0,historical
2022,16,2022_16_LV_PIT,2022-12-24,LV,PIT,0.5452462171074709,1,historical
2022,16,2022_16_NO_CLE,2022-12-24,NO,CLE,0.5947212074146955,0,historical
2022,16,2022_16_NYG_MIN,2022-12-24,NYG,MIN,0.6983556007308916,1,historical
2022,16,2022_16_PHI_DAL,2022-12-24,PHI,DAL,0.5191020697979666,1,historical
2022,16,2022_16_SEA_KC,2022-12-24,SEA,KC,0.768684561004193,1,historical
2022,16,2022_16_WAS_SF,2022-12-24,WAS,SF,0.7927251008777798,1,historical
2022,16,2022_16_DEN_LA,2022-12-25,DEN,LA,0.5824478899725845,1,historical
2022,16,2022_16_GB_MIA,2022-12-25,GB,MIA,0.5708407270271041,0,historical
2022,16,2022_16_TB_ARI,2022-12-25,TB,ARI,0.37677858674596604,0,historical
2022,16,2022_16_LAC_IND,2022-12-26,LAC,IND,0.4502012581770006,0,historical
2022,17,2022_17_DAL_TEN,2022-12-29,DAL,TEN,0.29601951040725416,0,historical
2022,17,2022_17_ARI_ATL,2023-01-01,ARI,ATL,0.5335165956891368,1,historical
2022,17,2022_17_CAR_TB,2023-01-01,CAR,TB,0.6135846970327153,1,historical
2022,17,2022_17_CHI_DET,2023-01-01,CHI,DET,0.6936626847482112,1,historical
2022,17,2022_17_CLE_WAS,2023-01-01,CLE,WAS,0.5129651280287134,0,historical
2022,17,2022_17_DEN_KC,2023-01-01,DEN,KC,0.8827488905902571,1,historical
2022,17,2022_17_IND_NYG,2023-01-01,IND,NYG,0.58223514852419,1,historical
2022,17,2022_17_JAX_HOU,2023-01-01,JAX,HOU,0.3579332533678402,0,historical
2022,17,2022_17_LA_LAC,2023-01-01,LA,LAC,0.6225525743201624,1,historical
2022,17,2022_17_MIA_NE,2023-01-01,MIA,NE,0.5678875848833672,1,historical
2022,17,2022_17_MIN_GB,2023-01-01,MIN,GB,0.46580721211216525,1,historical
2022,17,2022_17_NO_PHI,2023-01-01,NO,PHI,0.7259298822047197,0,historical
2022,17,2022_17_NYJ_SEA,2023-01-01,NYJ,SEA,0.6339469632505942,1,historical
2022,17,2022_17_PIT_BAL,2023-01-01,PIT,BAL,0.6363642572566112,0,historical
2022,17,2022_17_SF_LV,2023-01-01,SF,LV,0.25367116491787267,0,historical
2022,18,2022_18_KC_LV,2023-01-07,KC,LV,0.24204306946994408,0,historical
2022,18,2022_18_TEN_JAX,2023-01-07,TEN,JAX,0.5743279720272546,1,historical
2022,18,2022_18_ARI_SF,2023-01-08,ARI,SF,0.8652240099976405,1,historical
2022,18,2022_18_BAL_CIN,2023-01-08,BAL,CIN,0.6898525967516929,1,historical
2022,18,2022_18_CAR_NO,2023-01-08,CAR,NO,0.6422011978869631,0,historical
2022,18,2022_18_CLE_PIT,2023-01-08,CLE,PIT,0.5546673366162583,1,historical
2022,18,2022_18_DAL_WAS,2023-01-08,DAL,WAS,0.23375417529259115,1,historical
2022,18,2022_18_DET_GB,2023-01-08,DET,GB,0.6321736231289244,0,historical
2022,18,2022_18_HOU_IND,2023-01-08,HOU,IND,0.6364757200851654,0,historical
2022,18,2022_18_LAC_DEN,2023-01-08,LAC,DEN,0.3053465285150751,1,historical
2022,18,2022_18_LA_SEA,2023-01-08,LA,SEA,0.6427346125605572,1,historical
2022,18,2022_18_MIN_CHI,2023-01-08,MIN,CHI,0.2674262337023087,0,historical
2022,18,2022_18_NE_BUF,2023-01-08,NE,BUF,0.7913232630427562,1,historical
2022,18,2022_18_NYG_PHI,2023-01-08,NYG,PHI,0.7164481879407415,1,historical
2022,18,2022_18_NYJ_MIA,2023-01-08,NYJ,MIA,0.6510494022273042,1,historical
2022,18,2022_18_TB_ATL,2023-01-08,TB,ATL,0.35130145018476255,1,historical
2022,19,2022_19_LAC_JAX,2023-01-14,LAC,JAX,0.5072732408465725,1,historical
2022,19,2022_19_SEA_SF,2023-01-14,SEA,SF,0.767945340147801,1,historical
2022,19,2022_19_BAL_CIN,2023-01-15,BAL,CIN,0.7234407326550806,1,historical
2022,19,2022_19_MIA_BUF,2023-01-15,MIA,BUF,0.8229472061082083,1,historical
2022,19,2022_19_NYG_MIN,2023-01-15,NYG,MIN,0.6716070381769971,0,historical
2022,19,2022_19_DAL_TB,2023-01-16,DAL,TB,0.37247699001194046,0,historical
2022,20,2022_20_JAX_KC,2023-01-21,JAX,KC,0.7940016782112707,1,historical
2022,20,2022_20_NYG_PHI,2023-01-21,NYG,PHI,0.7060683624298125,1,historical
2022,20,2022_20_CIN_BUF,2023-01-22,CIN,BUF,0.6162717626252882,0,historical
2022,20,2022_20_DAL_SF,2023-01-22,DAL,SF,0.6354449810025343,1,historical
2022,21,2022_21_CIN_KC,2023-01-29,CIN,KC,0.5347303233210985,1,historical
2022,21,2022_21_SF_PHI,2023-01-29,SF,PHI,0.4021884487486356,1,historical
2022,22,2022_22_KC_PHI,2023-02-12,KC,PHI,0.4428975716612245,0,historical
2023,1,2023_01_DET_KC,2023-09-07,DET,KC,0.7365088553078825,0,historical
2023,1,2023_01_ARI_WAS,2023-09-10,ARI,WAS,0.6499459610810137,1,historical
2023,1,2023_01_CAR_ATL,2023-09-10,CAR,ATL,0.49760696916359304,1,historical
2023,1,2023_01_CIN_CLE,2023-09-10,CIN,CLE,0.32236367974629604,1,historical
2023,1,2023_01_DAL_NYG,2023-09-10,DAL,NYG,0.3948879447967432,0,historical
2023,1,2023_01_GB_CHI,2023-09-10,GB,CHI,0.33946904864835625,0,historical
2023,1,2023_01_HOU_BAL,2023-09-10,HOU,BAL,0.7173709488426641,1,historical
2023,1,2023_01_JAX_IND,2023-09-10,JAX,IND,0.3925532839099012,0,historical
2023,1,2023_01_LA_SEA,2023-09-10,LA,SEA,0.6136707720294398,0,historical
2023,1,2023_01_LV_DEN,2023-09-10,LV,DEN,0.47092986690434235,0,historical
2023,1,2023_01_MIA_LAC,2023-09-10,MIA,LAC,0.5642922842104109,0,historical
2023,1,2023_01_PHI_NE,2023-09-10,PHI,NE,0.397769273958153,0,historical
2023,1,2023_01_SF_PIT,2023-09-10,SF,PIT,0.40947915812102603,0,historical
2023,1,2023_01_TB_MIN,2023-09-10,TB,MIN,0.5881451356247177,0,historical
2023,1,2023_01_TEN_NO,2023-09-10,TEN,NO,0.6076805472471514,1,historical
2023,1,2023_01_BUF_NYJ,2023-09-11,BUF,NYJ,0.26553324821023194,1,historical
2023,2,2023_02_MIN_PHI,2023-09-14,MIN,PHI,0.7134598390940716,1,historical
2023,2,2023_02_BAL_CIN,2023-09-17,BAL,CIN,0.6321890242882956,0,historical
2023,2,2023_02_CHI_TB,2023-09-17,CHI,TB,0.7269092559438752,1,historical
2023,2,2023_02_GB_ATL,2023-09-17,GB,ATL,0.46606203044163597,1,historical
2023,2,2023_02_IND_HOU,2023-09-17,IND,HOU,0.5104274749815341,0,historical
2023,2,2023_02_KC_JAX,2023-09-17,KC,JAX,0.36773723371732786,0,historical
2023,2,2023_02_LAC_TEN,2023-09-17,LAC,TEN,0.47807244957259587,1,historical
2023,2,2023_02_LV_BUF,2023-09-17,LV,BUF,0.7169068628525215,1,historical
2023,2,2023_02_MIA_NE,2023-09-17,MIA,NE,0.5204404949443517,0,historical
2023,2,2023_02_NYG_ARI,2023-09-17,NYG,ARI,0.4744899888279645,0,historical
2023,2,2023_02_NYJ_DAL,2023-09-17,NYJ,DAL,0.7482583148763,1,historical
2023,2,2023_02_SEA_DET,2023-09-17,SEA,DET,0.6334927900849812,0,historical
2023,2,2023_02_SF_LA,2023-09-17,SF,LA,0.3137630088246838,0,historical
2023,2,2023_02_WAS_DEN,2023-09-17,WAS,DEN,0.4110993673092326,0,historical
2023,2,2023_02_CLE_PIT,2023-09-18,CLE,PIT,0.49000660355326936,1,historical
2023,2,2023_02_NO_CAR,2023-09-18,NO,CAR,0.4622369896796014,0,historical
2023,3,2023_03_NYG_SF,2023-09-21,NYG,SF,0.7891733937828647,1,historical
2023,3,2023_03_ATL_DET,2023-09-24,ATL,DET,0.5581588427418106,1,historical
2023,3,2023_03_BUF_WAS,2023-09-24,BUF,WAS,0.3767068605053555,0,historical
2023,3,2023_03_CAR_SEA,2023-09-24,CAR,SEA,0.5869984043503108,1,historical
2023,3,2023_03_CHI_KC,2023-09-24,CHI,KC,0.88636443147029,1,historical
2023,3,2023_03_DAL_ARI,2023-09-24,DAL,ARI,0.2270258328280838,1,historical
2023,3,2023_03_DEN_MIA,2023-09-24,DEN,MIA,0.7045640262834058,1,historical
2023,3,2023_03_HOU_JAX,2023-09-24,HOU,JAX,0.7638642457610093,0,historical
2023,3,2023_03_IND_BAL,2023-09-24,IND,BAL,0.722463107563762,0,historical
2023,3,2023_03_LAC_MIN,2023-09-24,LAC,MIN,0.5321532497174416,0,historical
2023,3,2023_03_NE_NYJ,2023-09-24,NE,NYJ,0.49685035583874787,0,historical
2023,3,2023_03_NO_GB,2023-09-24,NO,GB,0.5483131943729868,1,historical
2023,3,2023_03_PIT_LV,2023-09-24,PIT,LV,0.4501648924691731,0,historical
2023,3,2023_03_TEN_CLE,2023-09-24,TEN,CLE,0.6252407541517879,1,historical
2023,3,2023_03_LA_CIN,2023-09-25,LA,CIN,0.6801306274980148,1,historical
2023,3,2023_03_PHI_TB,2023-09-25,PHI,TB,0.363585875782768,0,historical
2023,4,2023_04_DET_GB,2023-09-28,DET,GB,0.5448501463231253,0,historical
2023,4,2023_04_ARI_SF,2023-10-01,ARI,SF,0.823676550714918,1,historical
2023,4,2023_04_ATL_JAX,2023-10-01,ATL,JAX,0.5197827113029103,1,historical
2023,4,2023_04_BAL_CLE,2023-10-01,BAL,CLE,0.5551514727278318,0,historical
2023,4,2023_04_CIN_TEN,2023-10-01,CIN,TEN,0.3283764339571775,1,historical
2023,4,2023_04_DEN_CHI,2023-10-01,DEN,CHI,0.4677144647305852,0,historical
2023,4,2023_04_KC_NYJ,2023-10-01,KC,NYJ,0.20989977508442306,0,historical
2023,4,2023_04_LA_IND,2023-10-01,LA,IND,0.48891553119042974,0,historical
2023,4,2023_04_LV_LAC,2023-10-01,LV,LAC,0.6286838339053149,1,historical
2023,4,2023_04_MIA_BUF,2023-10-01,MIA,BUF,0.6848676973554603,1,historical
2023,4,2023_04_MIN_CAR,2023-10-01,MIN,CAR,0.4826705849387068,0,historical
2023,4,2023_04_NE_DAL,2023-10-01,NE,DAL,0.6686796547322215,1,historical
2023,4,2023_04_PIT_HOU,2023-10-01,PIT,HOU,0.335427542870779,1,historical
2023,4,2023_04_TB_NO,2023-10-01,TB,NO,0.583082508751177,0,historical
2023,4,2023_04_WAS_PHI,2023-10-01,WAS,PHI,0.7541826203765526,1,historical
2023,4,2023_04_SEA_NYG,2023-10-02,SEA,NYG,0.4746416941676647,0,historical
2023,5,2023_05_CHI_WAS,2023-10-05,CHI,WAS,0.757898283091913,0,historical
2023,5,2023_05_BAL_PIT,2023-10-08,BAL,PIT,0.41595714617812546,1,historical
2023,5,2023_05_CAR_DET,2023-10-08,CAR,DET,0.7570915465098165,1,historical
2023,5,2023_05_CIN_ARI,2023-10-08,CIN,ARI,0.38667628748895255,0,historical
2023,5,2023_05_DAL_SF,2023-10-08,DAL,SF,0.652840466031888,1,historical
2023,5,2023_05_HOU_ATL,2023-10-08,HOU,ATL,0.5347399328751564,1,historical
2023,5,2023_05_JAX_BUF,2023-10-08,JAX,BUF,0.7852082690583089,0,historical
2023,5,2023_05_KC_MIN,2023-10-08,KC,MIN,0.27403036049036206,0,historical
2023,5,2023_05_NO_NE,2023-10-08,NO,NE,0.5154228623465323,0,historical
2023,5,2023_05_NYG_MIA,2023-10-08,NYG,MIA,0.6919051927532666,1,historical
2023,5,2023_05_NYJ_DEN,2023-10-08,NYJ,DEN,0.5186061976238565,0,historical
2023,5,2023_05_PHI_LA,2023-10-08,PHI,LA,0.2944526863740513,0,historical
2023,5,2023_05_TEN_IND,2023-10-08,TEN,IND,0.4455014152770263,1,historical
2023,5,2023_05_GB_LV,2023-10-09,GB,LV,0.42722513762557723,1,historical
2023,6,2023_06_DEN_KC,2023-10-12,DEN,KC,0.8837890701851667,1,historical
2023,6,2023_06_ARI_LA,2023-10-15,ARI,LA,0.618455099442314,1,historical
2023,6,2023_06_BAL_TEN,2023-10-15,BAL,TEN,0.411457944542187,0,historical
2023,6,2023_06_CAR_MIA,2023-10-15,CAR,MIA,0.7535248185249409,1,historical
2023,6,2023_06_DET_TB,2023-10-15,DET,TB,0.4602075434761048,0,historical
2023,6,2023_06_IND_JAX,2023-10-15,IND,JAX,0.644253196227714,1,historical
2023,6,2023_06_MIN_CHI,2023-10-15,MIN,CHI,0.39955849213505823,0,historical
2023,6,2023_06_NE_LV,2023-10-15,NE,LV,0.5751056230626496,1,historical
2023,6,2023_06_NO_HOU,2023-10-15,NO,HOU,0.4134895281673283,1,historical
2023,6,2023_06_NYG_BUF,2023-10-15,NYG,BUF,0.8298308672361002,1,historical
2023,6,2023_06_PHI_NYJ,2023-10-15,PHI,NYJ,0.2390752888163738,1,historical
2023,6,2023_06_SEA_CIN,2023-10-15,SEA,CIN,0.5807916446803094,1,historical
2023,6,2023_06_SF_CLE,2023-10-15,SF,CLE,0.2617204904949472,1,historical
2023,6,2023_06_WAS_ATL,2023-10-15,WAS,ATL,0.5663086432464974,0,historical
2023,6,2023_06_DAL_LAC,2023-10-16,DAL,LAC,0.45548731213173854,0,historical
2023,7,2023_07_JAX_NO,2023-10-19,JAX,NO,0.4699997934769255,0,historical
2023,7,2023_07_ARI_SEA,2023-10-22,ARI,SEA,0.7166925663341627,1,historical
2023,7,2023_07_ATL_TB,2023-10-22,ATL,TB,0.646241193331057,0,historical
2023,7,2023_07_BUF_NE,2023-10-22,BUF,NE,0.22015716536031615,1,historical
2023,7,2023_07_CLE_IND,2023-10-22,CLE,IND,0.3949481655815956,0,historical
2023,7,2023_07_DET_BAL,2023-10-22,DET,BAL,0.48129659501655375,1,historical
2023,7,2023_07_GB_DEN,2023-10-22,GB,DEN,0.37100376953743985,1,historical
2023,7,2023_07_LAC_KC,2023-10-22,LAC,KC,0.7793960062519041,1,historical
2023,7,2023_07_LV_CHI,2023-10-22,LV,CHI,0.3929290290244661,1,historical
2023,7,2023_07_MIA_PHI,2023-10-22,MIA,PHI,0.6343726136086895,1,historical
2023,7,2023_07_PIT_LA,2023-10-22,PIT,LA,0.4930520015516166,0,historical
2023,7,2023_07_WAS_NYG,2023-10-22,WAS,NYG,0.4471250091341948,1,historical
2023,7,2023_07_SF_MIN,2023-10-23,SF,MIN,0.2658749714891715,1,historical
2023,8,2023_08_TB_BUF,2023-10-26,TB,BUF,0.7309439347198715,1,historical
2023,8,2023_08_ATL_TEN,2023-10-29,ATL,TEN,0.5350776770465077,1,historical
2023,8,2023_08_BAL_ARI,2023-10-29,BAL,ARI,0.2267096179350824,0,historical
2023,8,2023_08_CHI_LAC,2023-10-29,CHI,LAC,0.6729514731551526,1,historical
2023,8,2023_08_CIN_SF,2023-10-29,CIN,SF,0.6634606587653972,0,historical
2023,8,2023_08_CLE_SEA,2023-10-29,CLE,SEA,0.5370471391342247,1,historical
2023,8,2023_08_HOU_CAR,2023-10-29,HOU,CAR,0.4092187265400298,1,historical
2023,8,2023_08_JAX_PIT,2023-10-29,JAX,PIT,0.5069622664725529,0,historical
2023,8,2023_08_KC_DEN,2023-10-29,KC,DEN,0.1483934691373903,1,historical
2023,8,2023_08_LA_DAL,2023-10-29,LA,DAL,0.7160975222923607,1,historical
2023,8,2023_08_MIN_GB,2023-10-29,MIN,GB,0.4627955133354667,0,historical
2023,8,2023_08_NE_MIA,2023-10-29,NE,MIA,0.6840421766181847,1,historical
2023,8,2023_08_NO_IND,2023-10-29,NO,IND,0.46231956213968145,0,historical
2023,8,2023_08_NYJ_NYG,2023-10-29,NYJ,NYG,0.46188034840580877,0,historical
2023,8,2023_08_PHI_WAS,2023-10-29,PHI,WAS,0.2494001466971576,0,historical
2023,8,2023_08_LV_DET,2023-10-30,LV,DET,0.7344144758984814,1,historical
2023,9,2023_09_TEN_PIT,2023-11-02,TEN,PIT,0.617466719950637,1,historical
2023,9,2023_09_ARI_CLE,2023-11-05,ARI,CLE,0.7432954250040098,1,historical
2023,9,2023_09_BUF_CIN,2023-11-05,BUF,CIN,0.5116190961971614,1,historical
2023,9,2023_09_CHI_NO,2023-11-05,CHI,NO,0.6982927977415136,1,historical
2023,9,2023_09_DAL_PHI,2023-11-05,DAL,PHI,0.6120086202876741,1,historical
2023,9,2023_09_IND_CAR,2023-11-05,IND,CAR,0.526889353410838,0,historical
2023,9,2023_09_LA_GB,2023-11-05,LA,GB,0.5356668986480718,1,historical
2023,9,2023_09_MIA_KC,2023-11-05,MIA,KC,0.6618696204988643,1,historical
2023,9,2023_09_MIN_ATL,2023-11-05,MIN,ATL,0.3653704140207816,0,historical
2023,9,2023_09_NYG_LV,2023-11-05,NYG,LV,0.5276988399679096,1,historical
2023,9,2023_09_SEA_BAL,2023-11-05,SEA,BAL,0.6414951877290012,1,historical
2023,9,2023_09_TB_HOU,2023-11-05,TB,HOU,0.5078758298722548,1,historical
2023,9,2023_09_WAS_NE,2023-11-05,WAS,NE,0.5347157885616627,0,historical
2023,9,2023_09_LAC_NYJ,2023-11-06,LAC,NYJ,0.492159890077391,0,historical
2023,10,2023_10_CAR_CHI,2023-11-09,CAR,CHI,0.5614249061041386,1,historical
2023,10,2023_10_ATL_ARI,2023-11-12,ATL,ARI,0.43467588533739343,1,historical
2023,10,2023_10_CLE_BAL,2023-11-12,CLE,BAL,0.6924833350451405,0,historical
2023,10,2023_10_DET_LAC,2023-11-12,DET,LAC,0.4921810257700476,0,historical
2023,10,2023_10_GB_PIT,2023-11-12,GB,PIT,0.6195473400787409,1,historical
2023,10,2023_10_HOU_CIN,2023-11-12,HOU,CIN,0.7667670075579769,0,historical
2023,10,2023_10_IND_NE,2023-11-12,IND,NE,0.5107744709701257,0,historical
2023,10,2023_10_NO_MIN,2023-11-12,NO,MIN,0.6104003948155567,1,historical
2023,10,2023_10_NYG_DAL,2023-11-12,NYG,DAL,0.8036572456660407,1,historical
2023,10,2023_10_NYJ_LV,2023-11-12,NYJ,LV,0.5271382004065702,1,historical
2023,10,2023_10_SF_JAX,2023-11-12,SF,JAX,0.4967714722143251,0,historical
2023,10,2023_10_TEN_TB,2023-11-12,TEN,TB,0.5555681431671865,1,historical
2023,10,2023_10_WAS_SEA,2023-11-12,WAS,SEA,0.6475595322750973,1,historical
2023,10,2023_10_DEN_BUF,2023-11-13,DEN,BUF,0.7609448664807865,0,historical
2023,11,2023_11_CIN_BAL,2023-11-16,CIN,BAL,0.5652243864118234,1,historical
2023,11,2023_11_ARI_HOU,2023-11-19,ARI,HOU,0.7108550203101984,1,historical
2023,11,2023_11_CHI_DET,2023-11-19,CHI,DET,0.8055661621971151,1,historical
2023,11,2023_11_DAL_CAR,2023-11-19,DAL,CAR,0.19491833410973117,0,historical
2023,11,2023_11_LAC_GB,2023-11-19,LAC,GB,0.42867650384972766,1,historical
2023,11,2023_11_LV_MIA,2023-11-19,LV,MIA,0.6644211846719493,1,historical
2023,11,2023_11_MIN_DEN,2023-11-19,MIN,DEN,0.3745113837373916,1,historical
2023,11,2023_11_NYG_WAS,2023-11-19,NYG,WAS,0.627077884477077,0,historical
2023,11,2023_11_NYJ_BUF,2023-11-19,NYJ,BUF,0.7482290294258682,1,historical
2023,11,2023_11_PIT_CLE,2023-11-19,PIT,CLE,0.5558304029763166,1,historical
2023,11,2023_11_SEA_LA,2023-11-19,SEA,LA,0.37786469920849414,1,historical
2023,11,2023_11_TB_SF,2023-11-19,TB,SF,0.7647930096300521,1,historical
2023,11,2023_11_TEN_JAX,2023-11-19,TEN,JAX,0.7170816537053772,1,historical
2023,11,2023_11_PHI_KC,2023-11-20,PHI,KC,0.5205877735825891,0,historical
2023,12,2023_12_GB_DET,2023-11-23,GB,DET,0.7134645832124237,0,historical
2023,12,2023_12_SF_SEA,2023-11-23,SF,SEA,0.3280048009605895,0,historical
2023,12,2023_12_WAS_DAL,2023-11-23,WAS,DAL,0.8165740923839852,1,historical
2023,12,2023_12_MIA_NYJ,2023-11-24,MIA,NYJ,0.3356986394907378,0,historical
2023,12,2023_12_BAL_LAC,2023-11-26,BAL,LAC,0.34887356978656453,0,historical
2023,12,2023_12_BUF_PHI,2023-11-26,BUF,PHI,0.660770862674741,1,historical
2023,12,2023_12_CAR_TEN,2023-11-26,CAR,TEN,0.6446059821425293,1,historical
2023,12,2023_12_CLE_DEN,2023-11-26,CLE,DEN,0.40784961104854445,1,historical
2023,12,2023_12_JAX_HOU,2023-11-26,JAX,HOU,0.4309532265190503,0,historical
2023,12,2023_12_KC_LV,2023-11-26,KC,LV,0.26494321579541447,0,historical
2023,12,2023_12_LA_ARI,2023-11-26,LA,ARI,0.42583526790685955,0,historical
2023,12,2023_12_NE_NYG,2023-11-26,NE,NYG,0.5681345364340723,1,historical
2023,12,2023_12_NO_ATL,2023-11-26,NO,ATL,0.4100977732139293,1,historical
2023,12,2023_12_PIT_CIN,2023-11-26,PIT,CIN,0.6215985753880537,0,historical
2023,12,2023_12_TB_IND,2023-11-26,TB,IND,0.5012256218040602,1,historical
2023,12,2023_12_CHI_MIN,2023-11-27,CHI,MIN,0.7839391984070783,0,historical
2023,13,2023_13_SEA_DAL,2023-11-30,SEA,DAL,0.7235521131288496,1,historical
2023,13,2023_13_ARI_PIT,2023-12-03,ARI,PIT,0.8231516575622055,0,historical
2023,13,2023_13_ATL_NYJ,2023-12-03,ATL,NYJ,0.4857908742063068,0,historical
2023,13,2023_13_CAR_TB,2023-12-03,CAR,TB,0.720471010341761,1,historical
2023,13,2023_13_CLE_LA,2023-12-03,CLE,LA,0.43778252075389645,1,historical
2023,13,2023_13_DEN_HOU,2023-12-03,DEN,HOU,0.4981527133338172,1,historical
2023,13,2023_13_DET_NO,2023-12-03,DET,NO,0.3853502211928176,0,historical
2023,13,2023_13_IND_TEN,2023-12-03,IND,TEN,0.47045026985713617,0,historical
2023,13,2023_13_KC_GB,2023-12-03,KC,GB,0.3289891815750534,1,historical
2023,13,2023_13_LAC_NE,2023-12-03,LAC,NE,0.3621774284925733,0,historical
2023,13,2023_13_MIA_WAS,2023-12-03,MIA,WAS,0.2669375745573115,0,historical
2023,13,2023_13_SF_PHI,2023-12-03,SF,PHI,0.5533154946993426,0,historical
2023,13,2023_13_CIN_JAX,2023-12-04,CIN,JAX,0.5779852858983605,0,historical
2023,14,2023_14_NE_PIT,2023-12-07,NE,PIT,0.7246340848880117,0,historical
2023,14,2023_14_BUF_KC,2023-12-10,BUF,KC,0.5678946515002268,0,historical
2023,14,2023_14_CAR_NO,2023-12-10,CAR,NO,0.728973147687277,1,historical
2023,14,2023_14_DEN_LAC,2023-12-10,DEN,LAC,0.5738158912818417,0,historical
2023,14,2023_14_DET_CHI,2023-12-10,DET,CHI,0.28135856134468085,1,historical
2023,14,2023_14_HOU_NYJ,2023-12-10,HOU,NYJ,0.3619196661075433,1,historical
2023,14,2023_14_IND_CIN,2023-12-10,IND,CIN,0.6697915274693133,1,historical
2023,14,2023_14_JAX_CLE,2023-12-10,JAX,CLE,0.4191643190279156,1,historical
2023,14,2023_14_LA_BAL,2023-12-10,LA,BAL,0.7686796614711292,1,historical
2023,14,2023_14_MIN_LV,2023-12-10,MIN,LV,0.37093917832372925,0,historical
2023,14,2023_14_PHI_DAL,2023-12-10,PHI,DAL,0.5223834959338037,1,historical
2023,14,2023_14_SEA_SF,2023-12-10,SEA,SF,0.8270117708588419,1,historical
2023,14,2023_14_TB_ATL,2023-12-10,TB,ATL,0.5347489759856806,0,historical
2023,14,2023_14_GB_NYG,2023-12-11,GB,NYG,0.3620497013501156,1,historical
2023,14,2023_14_TEN_MIA,2023-12-11,TEN,MIA,0.780696773322142,0,historical
2023,15,2023_15_LAC_LV,2023-12-14,LAC,LV,0.4540323769765318,1,historical
2023,15,2023_15_DEN_DET,2023-12-16,DEN,DET,0.5529111107726938,1,historical
2023,15,2023_15_MIN_CIN,2023-12-16,MIN,CIN,0.58268614637735,1,historical
2023,15,2023_15_PIT_IND,2023-12-16,PIT,IND,0.5073736917400515,1,historical
2023,15,2023_15_ATL_CAR,2023-12-17,ATL,CAR,0.3353726363733358,1,historical
2023,15,2023_15_BAL_JAX,2023-12-17,BAL,JAX,0.3726776168755728,0,historical
2023,15,2023_15_CHI_CLE,2023-12-17,CHI,CLE,0.6349069749677987,1,historical
2023,15,2023_15_DAL_BUF,2023-12-17,DAL,BUF,0.46103766443736255,1,historical
2023,15,2023_15_HOU_TEN,2023-12-17,HOU,TEN,0.49723467275242417,0,historical
2023,15,2023_15_KC_NE,2023-12-17,KC,NE,0.24063929568051515,0,historical
2023,15,2023_15_NYG_NO,2023-12-17,NYG,NO,0.5809932055260203,1,historical
2023,15,2023_15_NYJ_MIA,2023-12-17,NYJ,MIA,0.7547071259271646,1,historical
2023,15,2023_15_SF_ARI,2023-12-17,SF,ARI,0.1231802391252573,0,historical
2023,15,2023_15_TB_GB,2023-12-17,TB,GB,0.616858498963084,0,historical
2023,15,2023_15_WAS_LA,2023-12-17,WAS,LA,0.7122022373751665,1,historical
2023,15,2023_15_PHI_SEA,2023-12-18,PHI,SEA,0.3306784630751789,1,historical
2023,16,2023_16_NO_LA,2023-12-21,NO,LA,0.560076682695806,1,historical
2023,16,2023_16_BUF_LAC,2023-12-23,BUF,LAC,0.2351727542482311,0,historical
2023,16,2023_16_CIN_PIT,2023-12-23,CIN,PIT,0.3304737873011665,1,historical
2023,16,2023_16_ARI_CHI,2023-12-24,ARI,CHI,0.6322124316448683,1,historical
2023,16,2023_16_CLE_HOU,2023-12-24,CLE,HOU,0.4550615930738087,0,historical
2023,16,2023_16_DAL_MIA,2023-12-24,DAL,MIA,0.48698390150359044,1,historical
2023,16,2023_16_DET_MIN,2023-12-24,DET,MIN,0.5177810175988562,0,historical
2023,16,2023_16_GB_CAR,2023-12-24,GB,CAR,0.2843147558826855,0,historical
2023,16,2023_16_IND_ATL,2023-12-24,IND,ATL,0.44257266794263117,1,historical
2023,16,2023_16_JAX_TB,2023-12-24,JAX,TB,0.5159886537590159,1,historical
2023,16,2023_16_NE_DEN,2023-12-24,NE,DEN,0.7082204950843849,0,historical
2023,16,2023_16_SEA_TEN,2023-12-24,SEA,TEN,0.4189733332513422,0,historical
2023,16,2023_16_WAS_NYJ,2023-12-24,WAS,NYJ,0.6192358052237793,1,historical
2023,16,2023_16_BAL_SF,2023-12-25,BAL,SF,0.6162464221918087,0,historical
2023,16,2023_16_LV_KC,2023-12-25,LV,KC,0.7455392503375097,0,historical
2023,16,2023_16_NYG_PHI,2023-12-25,NYG,PHI,0.7875103781674195,1,historical
2023,17,2023_17_NYJ_CLE,2023-12-28,NYJ,CLE,0.7167332198226317,1,historical
2023,17,2023_17_DET_DAL,2023-12-30,DET,DAL,0.5964620307294785,1,historical
2023,17,2023_17_ARI_PHI,2023-12-31,ARI,PHI,0.8489166584796888,0,historical
2023,17,2023_17_ATL_CHI,2023-12-31,ATL,CHI,0.5373463197719054,1,historical
2023,17,2023_17_CAR_JAX,2023-12-31,CAR,JAX,0.7918992104455973,1,historical
2023,17,2023_17_CIN_KC,2023-12-31,CIN,KC,0.600893480155717,1,historical
2023,17,2023_17_GB_MIN,2023-12-31,GB,MIN,0.5859567591514375,0,historical
2023,17,2023_17_LAC_DEN,2023-12-31,LAC,DEN,0.6074689940215151,1,historical
2023,17,2023_17_LA_NYG,2023-12-31,LA,NYG,0.36205075222539623,0,historical
2023,17,2023_17_LV_IND,2023-12-31,LV,IND,0.4641833253186455,1,historical
2023,17,2023_17_MIA_BAL,2023-12-31,MIA,BAL,0.6911906286916211,1,historical
2023,17,2023_17_NE_BUF,2023-12-31,NE,BUF,0.8510387932201868,1,historical
2023,17,2023_17_NO_TB,2023-12-31,NO,TB,0.6435410363414743,0,historical
2023,17,2023_17_PIT_SEA,2023-12-31,PIT,SEA,0.569883181046474,0,historical
2023,17,2023_17_SF_WAS,2023-12-31,SF,WAS,0.12321763365538838,0,historical
2023,17,2023_17_TEN_HOU,2023-12-31,TEN,HOU,0.5837095585062907,1,historical
2023,18,2023_18_HOU_IND,2024-01-06,HOU,IND,0.5385643589903797,0,historical
2023,18,2023_18_PIT_BAL,2024-01-06,PIT,BAL,0.8198441555986808,0,historical
2023,18,2023_18_ATL_NO,2024-01-07,ATL,NO,0.6554765895562578,1,historical
2023,18,2023_18_BUF_MIA,2024-01-07,BUF,MIA,0.4279765886392434,0,historical
2023,18,2023_18_CHI_GB,2024-01-07,CHI,GB,0.6237099205845158,1,historical
2023,18,2023_18_CLE_CIN,2024-01-07,CLE,CIN,0.48306718391865444,1,historical
2023,18,2023_18_DAL_WAS,2024-01-07,DAL,WAS,0.16933271795843746,0,historical
2023,18,2023_18_DEN_LV,2024-01-07,DEN,LV,0.5268467178411111,1,historical
2023,18,2023_18_JAX_TEN,2024-01-07,JAX,TEN,0.3483918946196434,1,historical
2023,18,2023_18_KC_LAC,2024-01-07,KC,LAC,0.27379286847459944,0,historical
2023,18,2023_18_LA_SF,2024-01-07,LA,SF,0.7730430408813562,0,historical
2023,18,2023_18_MIN_DET,2024-01-07,MIN,DET,0.6724376846321074,1,historical
2023,18,2023_18_NYJ_NE,2024-01-07,NYJ,NE,0.5273022100479324,0,historical
2023,18,2023_18_PHI_NYG,2024-01-07,PHI,NYG,0.2840546314301149,1,historical
2023,18,2023_18_SEA_ARI,2024-01-07,SEA,ARI,0.389353104740371,0,historical
2023,18,2023_18_TB_CAR,2024-01-07,TB,CAR,0.2402680999618555,0,historical
2023,19,2023_19_CLE_HOU,2024-01-13,CLE,HOU,0.4701313506787358,1,historical
2023,19,2023_19_MIA_KC,2024-01-13,MIA,KC,0.5862845376374015,1,historical
2023,19,2023_19_GB_DAL,2024-01-14,GB,DAL,0.663501132596655,0,historical
2023,19,2023_19_LA_DET,2024-01-14,LA,DET,0.6213628955531579,1,historical
2023,19,2023_19_PHI_TB,2024-01-15,PHI,TB,0.5210244351245468,1,historical
2023,19,2023_19_PIT_BUF,2024-01-15,PIT,BUF,0.7143653938051766,1,historical
2023,20,2023_20_GB_SF,2024-01-20,GB,SF,0.6761095058338333,1,historical
2023,20,2023_20_HOU_BAL,2024-01-20,HOU,BAL,0.7765661937844198,1,historical
2023,20,2023_20_KC_BUF,2024-01-21,KC,BUF,0.6422403411681616,0,historical
2023,20,2023_20_TB_DET,2024-01-21,TB,DET,0.6166573599122054,1,historical
2023,21,2023_21_DET_SF,2024-01-28,DET,SF,0.6589184979737529,1,historical
2023,21,2023_21_KC_BAL,2024-01-28,KC,BAL,0.6369725706136893,0,historical
2023,22,2023_22_SF_KC,2024-02-11,SF,KC,0.49068420156617976,1,historical
2024,1,2024_01_BAL_KC,2024-09-05,BAL,KC,0.5466312543203217,1,historical
2024,1,2024_01_GB_PHI,2024-09-06,GB,PHI,0.4746775423018348,1,historical
2024,1,2024_01_ARI_BUF,2024-09-08,ARI,BUF,0.787869201936358,1,historical
2024,1,2024_01_CAR_NO,2024-09-08,CAR,NO,0.7491319445741154,1,historical
2024,1,2024_01_DAL_CLE,2024-09-08,DAL,CLE,0.4402298840204629,0,historical
2024,1,2024_01_DEN_SEA,2024-09-08,DEN,SEA,0.572049194076871,1,historical
2024,1,2024_01_HOU_IND,2024-09-08,HOU,IND,0.4916197492861993,0,historical
2024,1,2024_01_JAX_MIA,2024-09-08,JAX,MIA,0.6062838546486097,1,historical
2024,1,2024_01_LA_DET,2024-09-08,LA,DET,0.6117934138912615,1,historical
2024,1,2024_01_LV_LAC,2024-09-08,LV,LAC,0.4604815609104749,1,historical
2024,1,2024_01_MIN_NYG,2024-09-08,MIN,NYG,0.5127810565561374,0,historical
2024,1,2024_01_NE_CIN,2024-09-08,NE,CIN,0.7107045507834394,0,historical
2024,1,2024_01_PIT_ATL,2024-09-08,PIT,ATL,0.41594901131592493,0,historical
2024,1,2024_01_TEN_CHI,2024-09-08,TEN,CHI,0.585666548732205,1,historical
2024,1,2024_01_WAS_TB,2024-09-08,WAS,TB,0.7160630570785769,1,historical
2024,1,2024_01_NYJ_SF,2024-09-09,NYJ,SF,0.7704766794395318,1,historical
2024,2,2024_02_BUF_MIA,2024-09-12,BUF,MIA,0.4274962741824743,0,historical
2024,2,2024_02_CHI_HOU,2024-09-15,CHI,HOU,0.5761192000159716,1,historical
2024,2,2024_02_CIN_KC,2024-09-15,CIN,KC,0.7181497017188481,1,historical
2024,2,2024_02_CLE_JAX,2024-09-15,CLE,JAX,0.5545698011055445,0,historical
2024,2,2024_02_IND_GB,2024-09-15,IND,GB,0.6573035590426224,1,historical
2024,2,2024_02_LAC_CAR,2024-09-15,LAC,CAR,0.36164359843771504,0,historical
2024,2,2024_02_LA_ARI,2024-09-15,LA,ARI,0.397145732518968,1,historical
2024,2,2024_02_LV_BAL,2024-09-15,LV,BAL,0.7128783558435527,0,historical
2024,2,2024_02_NO_DAL,2024-09-15,NO,DAL,0.6253944287699428,0,historical
2024,2,2024_02_NYG_WAS,2024-09-15,NYG,WAS,0.46642148969732306,1,historical
2024,2,2024_02_NYJ_TEN,2024-09-15,NYJ,TEN,0.5219845471128975,0,historical
2024,2,2024_02_PIT_DEN,2024-09-15,PIT,DEN,0.4240630841402047,0,historical
2024,2,2024_02_SEA_NE,2024-09-15,SEA,NE,0.4450888421601236,0,historical
2024,2,2024_02_SF_MIN,2024-09-15,SF,MIN,0.36520078937907546,1,historical
2024,2,2024_02_TB_DET,2024-09-15,TB,DET,0.5985078639353418,0,historical
2024,2,2024_02_ATL_PHI,2024-09-16,ATL,PHI,0.6883391093041168,0,historical
2024,3,2024_03_NE_NYJ,2024-09-19,NE,NYJ,0.5831434258549127,1,historical
2024,3,2024_03_BAL_DAL,2024-09-22,BAL,DAL,0.501427616908798,0,historical
2024,3,2024_03_CAR_LV,2024-09-22,CAR,LV,0.7665466007766697,0,historical
2024,3,2024_03_CHI_IND,2024-09-22,CHI,IND,0.497771892135896,1,historical
2024,3,2024_03_DEN_TB,2024-09-22,DEN,TB,0.6966567152478987,0,historical
2024,3,2024_03_DET_ARI,2024-09-22,DET,ARI,0.4032674213263368,0,historical
2024,3,2024_03_GB_TEN,2024-09-22,GB,TEN,0.3441122897295168,0,historical
2024,3,2024_03_HOU_MIN,2024-09-22,HOU,MIN,0.5657027318014258,1,historical
2024,3,2024_03_KC_ATL,2024-09-22,KC,ATL,0.25792689104744515,0,historical
2024,3,2024_03_LAC_PIT,2024-09-22,LAC,PIT,0.6383932501538551,1,historical
2024,3,2024_03_MIA_SEA,2024-09-22,MIA,SEA,0.5440626836353701,1,historical
2024,3,2024_03_NYG_CLE,2024-09-22,NYG,CLE,0.6483409049401587,0,historical
2024,3,2024_03_PHI_NO,2024-09-22,PHI,NO,0.6298962745973712,0,historical
2024,3,2024_03_SF_LA,2024-09-22,SF,LA,0.3416894518019295,1,historical
2024,3,2024_03_JAX_BUF,2024-09-23,JAX,BUF,0.7836222066874704,1,historical
2024,3,2024_03_WAS_CIN,2024-09-23,WAS,CIN,0.6967630069488208,0,historical
2024,4,2024_04_DAL_NYG,2024-09-26,DAL,NYG,0.41013555763842446,0,historical
2024,4,2024_04_BUF_BAL,2024-09-29,BUF,BAL,0.44312795193634247,1,historical
2024,4,2024_04_CIN_CAR,2024-09-29,CIN,CAR,0.38477595589977875,0,historical
2024,4,2024_04_CLE_LV,2024-09-29,CLE,LV,0.5233864780304998,1,historical
2024,4,2024_04_DEN_NYJ,2024-09-29,DEN,NYJ,0.547622454778916,0,historical
2024,4,2024_04_JAX_HOU,2024-09-29,JAX,HOU,0.6225398317578742,1,historical
2024,4,2024_04_KC_LAC,2024-09-29,KC,LAC,0.30395550635786933,0,historical
2024,4,2024_04_LA_CHI,2024-09-29,LA,CHI,0.49127362758529364,1,historical
2024,4,2024_04_MIN_GB,2024-09-29,MIN,GB,0.5385078888995749,0,historical
2024,4,2024_04_NE_SF,2024-09-29,NE,SF,0.7782148743365096,1,historical
2024,4,2024_04_NO_ATL,2024-09-29,NO,ATL,0.3505430995509721,1,historical
2024,4,2024_04_PHI_TB,2024-09-29,PHI,TB,0.5135369217780792,1,historical
2024,4,2024_04_PIT_IND,2024-09-29,PIT,IND,0.3761129573742853,1,historical
2024,4,2024_04_WAS_ARI,2024-09-29,WAS,ARI,0.5756489618996261,0,historical
2024,4,2024_04_SEA_DET,2024-09-30,SEA,DET,0.5820123829856988,1,historical
2024,4,2024_04_TEN_MIA,2024-09-30,TEN,MIA,0.6836775558279793,0,historical
2024,5,2024_05_TB_ATL,2024-10-03,TB,ATL,0.39596772786878104,1,historical
2024,5,2024_05_ARI_SF,2024-10-06,ARI,SF,0.8007199139358702,0,historical
2024,5,2024_05_BAL_CIN,2024-10-06,BAL,CIN,0.3547375059798574,0,historical
2024,5,2024_05_BUF_HOU,2024-10-06,BUF,HOU,0.3791363261235245,1,historical
2024,5,2024_05_CAR_CHI,2024-10-06,CAR,CHI,0.7133809618811171,1,historical
2024,5,2024_05_CLE_WAS,2024-10-06,CLE,WAS,0.5555272841247015,1,historical
2024,5,2024_05_DAL_PIT,2024-10-06,DAL,PIT,0.5577345931752481,0,historical
2024,5,2024_05_GB_LA,2024-10-06,GB,LA,0.42715699436753385,0,historical
2024,5,2024_05_IND_JAX,2024-10-06,IND,JAX,0.48030618244819945,1,historical
2024,5,2024_05_LV_DEN,2024-10-06,LV,DEN,0.5866056889996295,1,historical
2024,5,2024_05_MIA_NE,2024-10-06,MIA,NE,0.4788231361493534,0,historical
2024,5,2024_05_NYG_SEA,2024-10-06,NYG,SEA,0.6741896910631341,0,historical
2024,5,2024_05_NYJ_MIN,2024-10-06,NYJ,MIN,0.6814445917487008,1,historical
2024,5,2024_05_NO_KC,2024-10-07,NO,KC,0.7047733491716203,1,historical
2024,6,2024_06_SF_SEA,2024-10-10,SF,SEA,0.3910983784219286,0,historical
2024,6,2024_06_ARI_GB,2024-10-13,ARI,GB,0.7470088575813026,1,historical
2024,6,2024_06_ATL_CAR,2024-10-13,ATL,CAR,0.3758544564076897,0,historical
2024,6,2024_06_CIN_NYG,2024-10-13,CIN,NYG,0.49808675428673993,0,historical
2024,6,2024_06_CLE_PHI,2024-10-13,CLE,PHI,0.6581990282970036,1,historical
2024,6,2024_06_DET_DAL,2024-10-13,DET,DAL,0.5066422087966573,0,historical
2024,6,2024_06_HOU_NE,2024-10-13,HOU,NE,0.3409934754507149,0,historical
2024,6,2024_06_IND_TEN,2024-10-13,IND,TEN,0.49833876206308936,0,historical
2024,6,2024_06_JAX_CHI,2024-10-13,JAX,CHI,0.609498726885778,1,historical
2024,6,2024_06_LAC_DEN,2024-10-13,LAC,DEN,0.6177741965483768,0,historical
2024,6,2024_06_PIT_LV,2024-10-13,PIT,LV,0.3996152768090614,0,historical
2024,6,2024_06_TB_NO,2024-10-13,TB,NO,0.5496176663233915,0,historical
2024,6,2024_06_WAS_BAL,2024-10-13,WAS,BAL,0.7385069881230165,1,historical
2024,6,2024_06_BUF_NYJ,2024-10-14,BUF,NYJ,0.3479168460024082,0,historical
2024,7,2024_07_DEN_NO,2024-10-17,DEN,NO,0.5477416955361372,0,historical
2024,7,2024_07_CAR_WAS,2024-10-20,CAR,WAS,0.7554894039937405,1,historical
2024,7,2024_07_CIN_CLE,2024-10-20,CIN,CLE,0.3957257872019395,0,historical
2024,7,2024_07_DET_MIN,2024-10-20,DET,MIN,0.49433500980085965,0,historical
2024,7,2024_07_HOU_GB,2024-10-20,HOU,GB,0.5943574567439681,1,historical
2024,7,2024_07_KC_SF,2024-10-20,KC,SF,0.4576347410407668,0,historical
2024,7,2024_07_LV_LA,2024-10-20,LV,LA,0.5988671899818498,1,historical
2024,7,2024_07_MIA_IND,2024-10-20,MIA,IND,0.5627463884168923,1,historical
2024,7,2024_07_NE_JAX,2024-10-20,NE,JAX,0.6276775810943999,1,historical
2024,7,2024_07_NYJ_PIT,2024-10-20,NYJ,PIT,0.6880351777047756,1,historical
2024,7,2024_07_PHI_NYG,2024-10-20,PHI,NYG,0.4314421659725831,0,historical
2024,7,2024_07_SEA_ATL,2024-10-20,SEA,ATL,0.5436323759515356,0,historical
2024,7,2024_07_TEN_BUF,2024-10-20,TEN,BUF,0.7934560495772851,1,historical
2024,7,2024_07_BAL_TB,2024-10-21,BAL,TB,0.4267223551065348,0,historical
2024,7,2024_07_LAC_ARI,2024-10-21,LAC,ARI,0.41108590977373033,1,historical
2024,8,2024_08_MIN_LA,2024-10-24,MIN,LA,0.38546023577655136,1,historical
2024,8,2024_08_ARI_MIA,2024-10-27,ARI,MIA,0.5939833330040669,0,historical
2024,8,2024_08_ATL_TB,2024-10-27,ATL,TB,0.68516960353413,0,historical
2024,8,2024_08_BAL_CLE,2024-10-27,BAL,CLE,0.20450494277529932,1,historical
2024,8,2024_08_BUF_SEA,2024-10-27,BUF,SEA,0.365831383249406,0,historical
2024,8,2024_08_CAR_DEN,2024-10-27,CAR,DEN,0.8202841515439682,1,historical
2024,8,2024_08_CHI_WAS,2024-10-27,CHI,WAS,0.5076036993270213,1,historical
2024,8,2024_08_DAL_SF,2024-10-27,DAL,SF,0.6373852221049686,1,historical
2024,8,2024_08_GB_JAX,2024-10-27,GB,JAX,0.3370235620405165,0,historical
2024,8,2024_08_IND_HOU,2024-10-27,IND,HOU,0.6109726795217648,1,historical
2024,8,2024_08_KC_LV,2024-10-27,KC,LV,0.18012247324973088,0,historical
2024,8,2024_08_NO_LAC,2024-10-27,NO,LAC,0.5733984500618591,1,historical
2024,8,2024_08_NYJ_NE,2024-10-27,NYJ,NE,0.40340494577812563,1,historical
2024,8,2024_08_PHI_CIN,2024-10-27,PHI,CIN,0.5292660385846358,0,historical
2024,8,2024_08_TEN_DET,2024-10-27,TEN,DET,0.8229345551607657,1,historical
2024,8,2024_08_NYG_PIT,2024-10-28,NYG,PIT,0.76695608532099,1,historical
2024,9,2024_09_HOU_NYJ,2024-10-31,HOU,NYJ,0.36803685406991354,1,historical
2024,9,2024_09_CHI_ARI,2024-11-03,CHI,ARI,0.42701119857020026,1,historical
2024,9,2024_09_DAL_ATL,2024-11-03,DAL,ATL,0.46912917027807133,1,historical
2024,9,2024_09_DEN_BAL,2024-11-03,DEN,BAL,0.6760644132098125,1,historical
2024,9,2024_09_DET_GB,2024-11-03,DET,GB,0.472113382027316,0,historical
2024,9,2024_09_IND_MIN,2024-11-03,IND,MIN,0.642865432843275,1,historical
2024,9,2024_09_JAX_PHI,2024-11-03,JAX,PHI,0.7283785272957586,1,historical
2024,9,2024_09_LAC_CLE,2024-11-03,LAC,CLE,0.4374166247725738,0,historical
2024,9,2024_09_LA_SEA,2024-11-03,LA,SEA,0.5169612661204421,0,historical
2024,9,2024_09_LV_CIN,2024-11-03,LV,CIN,0.6818939088201407,1,historical
2024,9,2024_09_MIA_BUF,2024-11-03,MIA,BUF,0.804334802202192,1,historical
2024,9,2024_09_NE_TEN,2024-11-03,NE,TEN,0.5903214164587991,1,historical
2024,9,2024_09_NO_CAR,2024-11-03,NO,CAR,0.33653388961242675,1,historical
2024,9,2024_09_WAS_NYG,2024-11-03,WAS,NYG,0.39762446912656485,0,historical
2024,9,2024_09_TB_KC,2024-11-04,TB,KC,0.7822143699756512,1,historical
2024,10,2024_10_CIN_BAL,2024-11-07,CIN,BAL,0.7224657328863134,1,historical
2024,10,2024_10_ATL_NO,2024-11-10,ATL,NO,0.4583759267606626,1,historical
2024,10,2024_10_BUF_IND,2024-11-10,BUF,IND,0.2856491683279615,0,historical
2024,10,2024_10_DEN_KC,2024-11-10,DEN,KC,0.7826591938546962,1,historical
2024,10,2024_10_DET_HOU,2024-11-10,DET,HOU,0.331782188023223,0,historical
2024,10,2024_10_MIN_JAX,2024-11-10,MIN,JAX,0.34544714672360916,0,historical
2024,10,2024_10_NE_CHI,2024-11-10,NE,CHI,0.6928424913127791,0,historical
2024,10,2024_10_NYG_CAR,2024-11-10,NYG,CAR,0.41293456449287896,1,historical
2024,10,2024_10_NYJ_ARI,2024-11-10,NYJ,ARI,0.5461232301972279,1,historical
2024,10,2024_10_PHI_DAL,2024-11-10,PHI,DAL,0.4163811833811559,0,historical
2024,10,2024_10_PIT_WAS,2024-11-10,PIT,WAS,0.43323091940548186,0,historical
2024,10,2024_10_SF_TB,2024-11-10,SF,TB,0.4114713034860081,0,historical
2024,10,2024_10_TEN_LAC,2024-11-10,TEN,LAC,0.7168131531092046,1,historical
2024,10,2024_10_MIA_LA,2024-11-11,MIA,LA,0.6536482221921833,0,historical
2024,11,2024_11_WAS_PHI,2024-11-14,WAS,PHI,0.6806750034969512,1,historical
2024,11,2024_11_ATL_DEN,2024-11-17,ATL,DEN,0.601496274413745,1,historical
2024,11,2024_11_BAL_PIT,2024-11-17,BAL,PIT,0.46465356966615967,1,historical
2024,11,2024_11_CIN_LAC,2024-11-17,CIN,LAC,0.5815522129799686,1,historical
2024,11,2024_11_CLE_NO,2024-11-17,CLE,NO,0.5947361478165067,1,historical
2024,11,2024_11_GB_CHI,2024-11-17,GB,CHI,0.3295783125467643,0,historical
2024,11,2024_11_IND_NYJ,2024-11-17,IND,NYJ,0.5024599241176045,0,historical
2024,11,2024_11_JAX_DET,2024-11-17,JAX,DET,0.8484957941309907,1,historical
2024,11,2024_11_KC_BUF,2024-11-17,KC,BUF,0.4880891291554458,1,historical
2024,11,2024_11_LA_NE,2024-11-17,LA,NE,0.42344890943106356,0,historical
2024,11,2024_11_LV_MIA,2024-11-17,LV,MIA,0.6569110111797876,1,historical
2024,11,2024_11_MIN_TEN,2024-11-17,MIN,TEN,0.27961252777236484,0,historical
2024,11,2024_11_SEA_SF,2024-11-17,SEA,SF,0.7369620691510964,0,historical
2024,11,2024_11_HOU_DAL,2024-11-18,HOU,DAL,0.47972069887386504,0,historical
2024,12,2024_12_PIT_CLE,2024-11-21,PIT,CLE,0.23795021747641731,1,historical
2024,12,2024_12_ARI_SEA,2024-11-24,ARI,SEA,0.5591236571205885,1,historical
2024,12,2024_12_DAL_WAS,2024-11-24,DAL,WAS,0.6292185694924807,0,historical
2024,12,2024_12_DEN_LV,2024-11-24,DEN,LV,0.3067105415572215,0,historical
2024,12,2024_12_DET_IND,2024-11-24,DET,IND,0.23974099164839996,0,historical
2024,12,2024_12_KC_CAR,2024-11-24,KC,CAR,0.11712087021770295,0,historical
2024,12,2024_12_MIN_CHI,2024-11-24,MIN,CHI,0.3075591158014815,0,historical
2024,12,2024_12_NE_MIA,2024-11-24,NE,MIA,0.6793973271125505,1,historical
2024,12,2024_12_PHI_LA,2024-11-24,PHI,LA,0.3660585495623785,0,historical
2024,12,2024_12_SF_GB,2024-11-24,SF,GB,0.5229284236018223,1,historical
2024,12,2024_12_TB_NYG,2024-11-24,TB,NYG,0.36321912672324397,0,historical
2024,12,2024_12_TEN_HOU,2024-11-24,TEN,HOU,0.7620428546121388,0,historical
2024,12,2024_12_BAL_LAC,2024-11-25,BAL,LAC,0.4194976880319746,0,historical
2024,13,2024_13_CHI_DET,2024-11-28,CHI,DET,0.8618049451821373,1,historical
2024,13,2024_13_MIA_GB,2024-11-28,MIA,GB,0.6994409669695583,1,historical
2024,13,2024_13_NYG_DAL,2024-11-28,NYG,DAL,0.6938282203931379,1,historical
2024,13,2024_13_LV_KC,2024-11-29,LV,KC,0.8937841953350245,1,historical
2024,13,2024_13_ARI_MIN,2024-12-01,ARI,MIN,0.71653130705231,1,historical
2024,13,2024_13_HOU_JAX,2024-12-01,HOU,JAX,0.3893953239768509,0,historical
2024,13,2024_13_IND_NE,2024-12-01,IND,NE,0.42316560750602666,0,historical
2024,13,2024_13_LAC_ATL,2024-12-01,LAC,ATL,0.40462919941919645,0,historical
2024,13,2024_13_LA_NO,2024-12-01,LA,NO,0.5229394061316057,0,historical
2024,13,2024_13_PHI_BAL,2024-12-01,PHI,BAL,0.5675591192708505,0,historical
2024,13,2024_13_PIT_CIN,2024-12-01,PIT,CIN,0.42219479395717696,0,historical
2024,13,2024_13_SEA_NYJ,2024-12-01,SEA,NYJ,0.4061462230699476,0,historical
2024,13,2024_13_SF_BUF,2024-12-01,SF,BUF,0.7129998396488768,1,historical
2024,13,2024_13_TB_CAR,2024-12-01,TB,CAR,0.24552222782149274,0,historical
2024,13,2024_13_TEN_WAS,2024-12-01,TEN,WAS,0.6377880220715008,1,historical
2024,13,2024_13_CLE_DEN,2024-12-02,CLE,DEN,0.7288151934410942,1,historical
2024,14,2024_14_GB_DET,2024-12-05,GB,DET,0.6536243816731718,1,historical
2024,14,2024_14_ATL_MIN,2024-12-08,ATL,MIN,0.7588594933868391,1,historical
2024,14,2024_14_BUF_LA,2024-12-08,BUF,LA,0.26186900742835023,1,historical
2024,14,2024_14_CAR_PHI,2024-12-08,CAR,PHI,0.9068589305413856,1,historical
2024,14,2024_14_CHI_SF,2024-12-08,CHI,SF,0.7207906304241419,1,historical
2024,14,2024_14_CLE_PIT,2024-12-08,CLE,PIT,0.7915971805782236,1,historical
2024,14,2024_14_JAX_TEN,2024-12-08,JAX,TEN,0.5247856104973536,0,historical
2024,14,2024_14_LAC_KC,2024-12-08,LAC,KC,0.7258444306720772,1,historical
2024,14,2024_14_LV_TB,2024-12-08,LV,TB,0.770539325709354,1,historical
2024,14,2024_14_NO_NYG,2024-12-08,NO,NYG,0.4039401043157353,0,historical
2024,14,2024_14_NYJ_MIA,2024-12-08,NYJ,MIA,0.6548809032973367,1,historical
2024,14,2024_14_SEA_ARI,2024-12-08,SEA,ARI,0.44514487658652246,0,historical
2024,14,2024_14_CIN_DAL,2024-12-09,CIN,DAL,0.5398147806786567,0,historical
2024,15,2024_15_LA_SF,2024-12-12,LA,SF,0.6124365226060241,0,historical
2024,15,2024_15_BAL_NYG,2024-12-15,BAL,NYG,0.16830109410794403,0,historical
2024,15,2024_15_BUF_DET,2024-12-15,BUF,DET,0.5795462079248626,0,historical
2024,15,2024_15_CIN_TEN,2024-12-15,CIN,TEN,0.34745775857240113,0,historical
2024,15,2024_15_DAL_CAR,2024-12-15,DAL,CAR,0.3264189771297905,0,historical
2024,15,2024_15_GB_SEA,2024-12-15,GB,SEA,0.44545227742590543,0,historical
2024,15,2024_15_IND_DEN,2024-12-15,IND,DEN,0.6888843545780792,1,historical
2024,15,2024_15_KC_CLE,2024-12-15,KC,CLE,0.1682907507603421,0,historical
2024,15,2024_15_MIA_HOU,2024-12-15,MIA,HOU,0.5948556472292754,1,historical
2024,15,2024_15_NE_ARI,2024-12-15,NE,ARI,0.6541037150597282,1,historical
2024,15,2024_15_NYJ_JAX,2024-12-15,NYJ,JAX,0.5588088736978389,0,historical
2024,15,2024_15_PIT_PHI,2024-12-15,PIT,PHI,0.6286131459114255,1,historical
2024,15,2024_15_TB_LAC,2024-12-15,TB,LAC,0.5563185222089705,0,historical
2024,15,2024_15_WAS_NO,2024-12-15,WAS,NO,0.4884911965456554,0,historical
2024,15,2024_15_ATL_LV,2024-12-16,ATL,LV,0.4305574841953772,0,historical
2024,15,2024_15_CHI_MIN,2024-12-16,CHI,MIN,0.8023416567269469,1,historical
2024,16,2024_16_DEN_LAC,2024-12-19,DEN,LAC,0.4478610020198804,1,historical
2024,16,2024_16_HOU_KC,2024-12-21,HOU,KC,0.7537763600691031,1,historical
2024,16,2024_16_PIT_BAL,2024-12-21,PIT,BAL,0.6289159215707608,1,historical
2024,16,2024_16_ARI_CAR,2024-12-22,ARI,CAR,0.3048717677110085,1,historical
2024,16,2024_16_CLE_CIN,2024-12-22,CLE,CIN,0.7277360850268998,1,historical
2024,16,2024_16_DET_CHI,2024-12-22,DET,CHI,0.16958026064863518,0,historical
2024,16,2024_16_JAX_LV,2024-12-22,JAX,LV,0.44780367540489846,1,historical
2024,16,2024_16_LA_NYJ,2024-12-22,LA,NYJ,0.377442869371576,0,historical
2024,16,2024_16_MIN_SEA,2024-12-22,MIN,SEA,0.40894510775295667,0,historical
2024,16,2024_16_NE_BUF,2024-12-22,NE,BUF,0.9122472666678122,1,historical
2024,16,2024_16_NYG_ATL,2024-12-22,NYG,ATL,0.6914701431113413,1,historical
2024,16,2024_16_PHI_WAS,2024-12-22,PHI,WAS,0.2858939626277386,1,historical
2024,16,2024_16_SF_MIA,2024-12-22,SF,MIA,0.44314413727456015,1,historical
2024,16,2024_16_TB_DAL,2024-12-22,TB,DAL,0.3992599155782741,1,historical
2024,16,2024_16_TEN_IND,2024-12-22,TEN,IND,0.6671296042320511,1,historical
2024,16,2024_16_NO_GB,2024-12-23,NO,GB,0.79118779656394,1,historical
2024,17,2024_17_BAL_HOU,2024-12-25,BAL,HOU,0.3491310183951848,0,historical
2024,17,2024_17_KC_PIT,2024-12-25,KC,PIT,0.3408513052488983,0,historical
2024,17,2024_17_SEA_CHI,2024-12-26,SEA,CHI,0.3533971422326905,0,historical
2024,17,2024_17_ARI_LA,2024-12-28,ARI,LA,0.7080918948129217,1,historical
2024,17,2024_17_DEN_CIN,2024-12-28,DEN,CIN,0.5142887231516786,1,historical
2024,17,2024_17_LAC_NE,2024-12-28,LAC,NE,0.27932482963261374,0,historical
2024,17,2024_17_ATL_WAS,2024-12-29,ATL,WAS,0.6386347357650498,1,historical
2024,17,2024_17_CAR_TB,2024-12-29,CAR,TB,0.8434978499690834,1,historical
2024,17,2024_17_DAL_PHI,2024-12-29,DAL,PHI,0.7717570594631737,1,historical
2024,17,2024_17_GB_MIN,2024-12-29,GB,MIN,0.5059879575582455,1,historical
2024,17,2024_17_IND_NYG,2024-12-29,IND,NYG,0.3385699375090224,1,historical
2024,17,2024_17_LV_NO,2024-12-29,LV,NO,0.6703530645978365,0,historical
2024,17,2024_17_MIA_CLE,2024-12-29,MIA,CLE,0.3547218283176324,0,historical
2024,17,2024_17_NYJ_BUF,2024-12-29,NYJ,BUF,0.87783895483673,1,historical
2024,17,2024_17_TEN_JAX,2024-12-29,TEN,JAX,0.5919771283247551,1,historical
2024,17,2024_17_DET_SF,2024-12-30,DET,SF,0.2843720244927546,0,historical
2024,18,2024_18_CIN_PIT,2025-01-04,CIN,PIT,0.5530471839446605,0,historical
2024,18,2024_18_CLE_BAL,2025-01-04,CLE,BAL,0.8982869650012264,1,historical
2024,18,2024_18_BUF_NE,2025-01-05,BUF,NE,0.10406331865660867,1,historical
2024,18,2024_18_CAR_ATL,2025-01-05,CAR,ATL,0.7475529695740786,0,historical
2024,18,2024_18_CHI_GB,2025-01-05,CHI,GB,0.8556998953420462,0,historical
2024,18,2024_18_HOU_TEN,2025-01-05,HOU,TEN,0.2843244163619199,0,historical
2024,18,2024_18_JAX_IND,2025-01-05,JAX,IND,0.5892317476987483,1,historical
2024,18,2024_18_KC_DEN,2025-01-05,KC,DEN,0.2891145896826347,1,historical
2024,18,2024_18_LAC_LV,2025-01-05,LAC,LV,0.305575104828111,0,historical
2024,18,2024_18_MIA_NYJ,2025-01-05,MIA,NYJ,0.3757104469945472,1,historical
2024,18,2024_18_MIN_DET,2025-01-05,MIN,DET,0.6426162897391136,1,historical
2024,18,2024_18_NO_TB,2025-01-05,NO,TB,0.7687985576120778,1,historical
2024,18,2024_18_NYG_PHI,2025-01-05,NYG,PHI,0.8955224686104026,1,historical
2024,18,2024_18_SEA_LA,2025-01-05,SEA,LA,0.6055206402339446,0,historical
2024,18,2024_18_SF_ARI,2025-01-05,SF,ARI,0.43781980297459394,1,historical
2024,18,2024_18_WAS_DAL,2025-01-05,WAS,DAL,0.46991623585763315,0,historical
2024,19,2024_19_LAC_HOU,2025-01-11,LAC,HOU,0.4763864056447985,1,historical
2024,19,2024_19_PIT_BAL,2025-01-11,PIT,BAL,0.751644519190935,1,historical
2024,19,2024_19_DEN_BUF,2025-01-12,DEN,BUF,0.6530119895279531,1,historical
2024,19,2024_19_GB_PHI,2025-01-12,GB,PHI,0.6258999563868999,1,historical
2024,19,2024_19_WAS_TB,2025-01-12,WAS,TB,0.6031644119438802,0,historical
2024,19,2024_19_MIN_LA,2025-01-13,MIN,LA,0.43563583766605657,1,historical
2024,20,2024_20_HOU_KC,2025-01-18,HOU,KC,0.7106539816424138,1,historical
2024,20,2024_20_WAS_DET,2025-01-18,WAS,DET,0.7711708638644397,0,historical
2024,20,2024_20_BAL_BUF,2025-01-19,BAL,BUF,0.5320533570892976,1,historical
2024,20,2024_20_LA_PHI,2025-01-19,LA,PHI,0.7085337382465274,1,historical
2024,21,2024_21_BUF_KC,2025-01-26,BUF,KC,0.5129066250157618,1,historical
2024,21,2024_21_WAS_PHI,2025-01-26,WAS,PHI,0.6957337747093103,1,historical
2024,22,2024_22_KC_PHI,2025-02-09,KC,PHI,0.5875021101496377,1,historical
2025,1,2025_01_DAL_PHI,2025-09-04,DAL,PHI,0.7867289802769604,1,historical
2025,1,2025_01_KC_LAC,2025-09-05,KC,LAC,0.4113376221770809,1,historical
2025,1,2025_01_ARI_NO,2025-09-07,ARI,NO,0.46950939965509175,0,historical
2025,1,2025_01_BAL_BUF,2025-09-07,BAL,BUF,0.5428108957945152,1,historical
2025,1,2025_01_CAR_JAX,2025-09-07,CAR,JAX,0.6072040442772862,1,historical
2025,1,2025_01_CIN_CLE,2025-09-07,CIN,CLE,0.3477240469871983,0,historical
2025,1,2025_01_DET_GB,2025-09-07,DET,GB,0.4688083877249601,1,historical
2025,1,2025_01_HOU_LA,2025-09-07,HOU,LA,0.5715970079143031,1,historical
2025,1,2025_01_LV_NE,2025-09-07,LV,NE,0.545969020942473,0,historical
2025,1,2025_01_MIA_IND,2025-09-07,MIA,IND,0.4824614558776029,1,historical
2025,1,2025_01_NYG_WAS,2025-09-07,NYG,WAS,0.749947838119254,1,historical
2025,1,2025_01_PIT_NYJ,2025-09-07,PIT,NYJ,0.45912537238789813,0,historical
2025,1,2025_01_SF_SEA,2025-09-07,SF,SEA,0.6181536258196945,0,historical
2025,1,2025_01_TB_ATL,2025-09-07,TB,ATL,0.4175583966999145,0,historical
2025,1,2025_01_TEN_DEN,2025-09-07,TEN,DEN,0.7703002125701832,1,historical
2025,1,2025_01_MIN_CHI,2025-09-08,MIN,CHI,0.36509941730410705,0,historical
2025,2,2025_02_WAS_GB,2025-09-11,WAS,GB,0.5920630814958787,1,historical
2025,2,2025_02_ATL_MIN,2025-09-14,ATL,MIN,0.7115826112971309,0,historical
2025,2,2025_02_BUF_NYJ,2025-09-14,BUF,NYJ,0.28747971369695535,0,historical
2025,2,2025_02_CAR_ARI,2025-09-14,CAR,ARI,0.728422948592752,1,historical
2025,2,2025_02_CHI_DET,2025-09-14,CHI,DET,0.7650041361032393,1,historical
2025,2,2025_02_CLE_BAL,2025-09-14,CLE,BAL,0.8203473349252695,1,historical
2025,2,2025_02_DEN_IND,2025-09-14,DEN,IND,0.429676035477795,1,historical
2025,2,2025_02_JAX_CIN,2025-09-14,JAX,CIN,0.6772221805303215,1,historical
2025,2,2025_02_LA_TEN,2025-09-14,LA,TEN,0.27890253769296114,0,historical
2025,2,2025_02_NE_MIA,2025-09-14,NE,MIA,0.6384352311717181,0,historical
2025,2,2025_02_NYG_DAL,2025-09-14,NYG,DAL,0.6611076865492316,1,historical
2025,2,2025_02_PHI_KC,2025-09-14,PHI,KC,0.42895583356900596,0,historical
2025,2,2025_02_SEA_PIT,2025-09-14,SEA,PIT,0.5670620711120132,0,historical
2025,2,2025_02_SF_NO,2025-09-14,SF,NO,0.4113060048008293,0,historical
2025,2,2025_02_LAC_LV,2025-09-15,LAC,LV,0.38411267113654274,0,historical
2025,2,2025_02_TB_HOU,2025-09-15,TB,HOU,0.4859626787846205,0,historical
2025,3,2025_03_MIA_BUF,2025-09-18,MIA,BUF,0.8094235622634485,1,historical
2025,3,2025_03_ARI_SF,2025-09-21,ARI,SF,0.5557396431080326,1,historical
2025,3,2025_03_ATL_CAR,2025-09-21,ATL,CAR,0.35154428088332257,1,historical
2025,3,2025_03_CIN_MIN,2025-09-21,CIN,MIN,0.505735300346444,1,historical
2025,3,2025_03_DAL_CHI,2025-09-21,DAL,CHI,0.4548459385716976,1,historical
2025,3,2025_03_DEN_LAC,2025-09-21,DEN,LAC,0.5614757813372342,1,historical
2025,3,2025_03_GB_CLE,2025-09-21,GB,CLE,0.23457497151308146,1,historical
2025,3,2025_03_HOU_JAX,2025-09-21,HOU,JAX,0.4422041107462759,1,historical
2025,3,2025_03_IND_TEN,2025-09-21,IND,TEN,0.3489499749778323,0,historical
2025,3,2025_03_KC_NYG,2025-09-21,KC,NYG,0.2705739655461718,0,historical
2025,3,2025_03_LA_PHI,2025-09-21,LA,PHI,0.6937995809445264,1,historical
2025,3,2025_03_LV_WAS,2025-09-21,LV,WAS,0.7182012313184826,1,historical
2025,3,2025_03_NO_SEA,2025-09-21,NO,SEA,0.7395463002668906,1,historical
2025,3,2025_03_NYJ_TB,2025-09-21,NYJ,TB,0.7143024536922397,1,historical
2025,3,2025_03_PIT_NE,2025-09-21,PIT,NE,0.43074067794701565,0,historical
2025,3,2025_03_DET_BAL,2025-09-22,DET,BAL,0.5803473580287267,0,historical
2025,4,2025_04_SEA_ARI,2025-09-25,SEA,ARI,0.4597980709238536,0,historical
2025,4,2025_04_BAL_KC,2025-09-28,BAL,KC,0.5247352706667504,1,historical
2025,4,2025_04_CAR_NE,2025-09-28,CAR,NE,0.5513838680288499,1,historical
2025,4,2025_04_CHI_LV,2025-09-28,CHI,LV,0.4923522714334181,0,historical
2025,4,2025_04_CLE_DET,2025-09-28,CLE,DET,0.8186147326423069,1,historical
2025,4,2025_04_IND_LA,2025-09-28,IND,LA,0.6176098910308464,1,historical
2025,4,2025_04_JAX_SF,2025-09-28,JAX,SF,0.6308544496061433,0,historical
2025,4,2025_04_LAC_NYG,2025-09-28,LAC,NYG,0.26025880766827053,1,historical
2025,4,2025_04_MIN_PIT,2025-09-28,MIN,PIT,0.47670966046831686,1,historical
2025,4,2025_04_NO_BUF,2025-09-28,NO,BUF,0.8606997552015451,1,historical
2025,4,2025_04_PHI_TB,2025-09-28,PHI,TB,0.35774662626248865,0,historical
2025,4,2025_04_TEN_HOU,2025-09-28,TEN,HOU,0.740685199374339,1,historical
2025,4,2025_04_WAS_ATL,2025-09-28,WAS,ATL,0.3676832383511009,1,historical
2025,4,2025_04_CIN_DEN,2025-09-29,CIN,DEN,0.583054234940818,1,historical
2025,4,2025_04_NYJ_MIA,2025-09-29,NYJ,MIA,0.5424637323645579,1,historical
2025,5,2025_05_SF_LA,2025-10-02,SF,LA,0.6573086470814219,0,historical
2025,5,2025_05_DAL_NYJ,2025-10-05,DAL,NYJ,0.4919242442108861,0,historical
2025,5,2025_05_DEN_PHI,2025-10-05,DEN,PHI,0.7305446137415003,0,historical
2025,5,2025_05_DET_CIN,2025-10-05,DET,CIN,0.32589459494035417,0,historical
2025,5,2025_05_HOU_BAL,2025-10-05,HOU,BAL,0.6603624932461141,0,historical
2025,5,2025_05_LV_IND,2025-10-05,LV,IND,0.6808533541226547,1,historical
2025,5,2025_05_MIA_CAR,2025-10-05,MIA,CAR,0.4335210684534223,1,historical
2025,5,2025_05_MIN_CLE,2025-10-05,MIN,CLE,0.3342125300007653,0,historical
2025,5,2025_05_NE_BUF,2025-10-05,NE,BUF,0.8248821160058184,0,historical
2025,5,2025_05_NYG_NO,2025-10-05,NYG,NO,0.5172932066931103,1,historical
2025,5,2025_05_TB_SEA,2025-10-05,TB,SEA,0.5716722642558861,0,historical
2025,5,2025_05_TEN_ARI,2025-10-05,TEN,ARI,0.7632139936411211,0,historical
2025,5,2025_05_WAS_LAC,2025-10-05,WAS,LAC,0.5728085398304316,0,historical
2025,5,2025_05_KC_JAX,2025-10-06,KC,JAX,0.34614319804450217,1,historical
2025,6,2025_06_PHI_NYG,2025-10-09,PHI,NYG,0.15752543991507906,1,historical
2025,6,2025_06_ARI_IND,2025-10-12,ARI,IND,0.6024984029644902,1,historical
2025,6,2025_06_CIN_GB,2025-10-12,CIN,GB,0.6979042776229855,1,historical
2025,6,2025_06_CLE_PIT,2025-10-12,CLE,PIT,0.7314035863095528,1,historical
2025,6,2025_06_DAL_CAR,2025-10-12,DAL,CAR,0.41357331902691036,1,historical
2025,6,2025_06_DEN_NYJ,2025-10-12,DEN,NYJ,0.25928396534378245,0,historical
2025,6,2025_06_DET_KC,2025-10-12,DET,KC,0.45986771394485504,1,historical
2025,6,2025_06_LAC_MIA,2025-10-12,LAC,MIA,0.4064761911049569,0,historical
2025,6,2025_06_LA_BAL,2025-10-12,LA,BAL,0.496179738168399,0,historical
2025,6,2025_06_NE_NO,2025-10-12,NE,NO,0.45695893629653467,0,historical
2025,6,2025_06_SEA_JAX,2025-10-12,SEA,JAX,0.4653692167297121,0,historical
2025,6,2025_06_SF_TB,2025-10-12,SF,TB,0.6283071079839946,1,historical
2025,6,2025_06_TEN_LV,2025-10-12,TEN,LV,0.6106456664215302,1,historical
2025,6,2025_06_BUF_ATL,2025-10-13,BUF,ATL,0.3034040351276942,1,historical
2025,6,2025_06_CHI_WAS,2025-10-13,CHI,WAS,0.7105281521269265,0,historical
2025,7,2025_07_PIT_CIN,2025-10-16,PIT,CIN,0.42813837728285636,1,historical
2025,7,2025_07_ATL_SF,2025-10-19,ATL,SF,0.5291769074319803,1,historical
2025,7,2025_07_CAR_NYJ,2025-10-19,CAR,NYJ,0.5146180231632315,0,historical
2025,7,2025_07_GB_ARI,2025-10-19,GB,ARI,0.3519976635840367,0,historical
2025,7,2025_07_IND_LAC,2025-10-19,IND,LAC,0.5470406660359837,0,historical
2025,7,2025_07_LA_JAX,2025-10-19,LA,JAX,0.38374890425729286,0,historical
2025,7,2025_07_LV_KC,2025-10-19,LV,KC,0.8269002091619674,1,historical
2025,7,2025_07_MIA_CLE,2025-10-19,MIA,CLE,0.4790002069645899,1,historical
2025,7,2025_07_NE_TEN,2025-10-19,NE,TEN,0.3181711823793955,0,historical
2025,7,2025_07_NO_CHI,2025-10-19,NO,CHI,0.653548834116765,1,historical
2025,7,2025_07_NYG_DEN,2025-10-19,NYG,DEN,0.7712453929324333,1,historical
2025,7,2025_07_PHI_MIN,2025-10-19,PHI,MIN,0.4377174292599854,0,historical
2025,7,2025_07_WAS_DAL,2025-10-19,WAS,DAL,0.3961956330368014,1,historical
2025,7,2025_07_HOU_SEA,2025-10-20,HOU,SEA,0.5845830776241439,1,historical
2025,7,2025_07_TB_DET,2025-10-20,TB,DET,0.6116756467528457,1,historical
2025,8,2025_08_MIN_LAC,2025-10-23,MIN,LAC,0.4901611516845973,1,historical
2025,8,2025_08_BUF_CAR,2025-10-26,BUF,CAR,0.2890418337654148,0,historical
2025,8,2025_08_CHI_BAL,2025-10-26,CHI,BAL,0.5924356079924867,1,historical
2025,8,2025_08_CLE_NE,2025-10-26,CLE,NE,0.6599573272659237,1,historical
2025,8,2025_08_DAL_DEN,2025-10-26,DAL,DEN,0.6904447103737501,1,historical
2025,8,2025_08_GB_PIT,2025-10-26,GB,PIT,0.426200625028142,0,historical
2025,8,2025_08_MIA_ATL,2025-10-26,MIA,ATL,0.6748643790896282,0,historical
2025,8,2025_08_NYG_PHI,2025-10-26,NYG,PHI,0.8180636994037829,1,historical
2025,8,2025_08_NYJ_CIN,2025-10-26,NYJ,CIN,0.7025034099177819,0,historical
2025,8,2025_08_SF_HOU,2025-10-26,SF,HOU,0.5680412798997095,1,historical
2025,8,2025_08_TB_NO,2025-10-26,TB,NO,0.26758593715457174,0,historical
2025,8,2025_08_TEN_IND,2025-10-26,TEN,IND,0.8483562239329991,1,historical
2025,8,2025_08_WAS_KC,2025-10-27,WAS,KC,0.7076407681689991,1,historical
2025,9,2025_09_BAL_MIA,2025-10-30,BAL,MIA,0.40385958808922134,0,historical
2025,9,2025_09_ATL_NE,2025-11-02,ATL,NE,0.6490044641940907,1,historical
2025,9,2025_09_CAR_GB,2025-11-02,CAR,GB,0.8192165301991153,0,historical
2025,9,2025_09_CHI_CIN,2025-11-02,CHI,CIN,0.5607877290746789,0,historical
2025,9,2025_09_DEN_HOU,2025-11-02,DEN,HOU,0.4442705661379438,0,historical
2025,9,2025_09_IND_PIT,2025-11-02,IND,PIT,0.45967586099182556,1,historical
2025,9,2025_09_JAX_LV,2025-11-02,JAX,LV,0.43774281608144994,0,historical
2025,9,2025_09_KC_BUF,2025-11-02,KC,BUF,0.4932431396883885,1,historical
2025,9,2025_09_LAC_TEN,2025-11-02,LAC,TEN,0.21838213408404072,0,historical
2025,9,2025_09_MIN_DET,2025-11-02,MIN,DET,0.7385927350881426,0,historical
2025,9,2025_09_NO_LA,2025-11-02,NO,LA,0.8522081907792598,1,historical
2025,9,2025_09_SEA_WAS,2025-11-02,SEA,WAS,0.4167647915941149,0,historical
2025,9,2025_09_SF_NYG,2025-11-02,SF,NYG,0.4232121703219969,0,historical
2025,9,2025_09_ARI_DAL,2025-11-03,ARI,DAL,0.5782490383735897,0,historical
2025,10,2025_10_LV_DEN,2025-11-06,LV,DEN,0.8372884223418171,1,historical
2025,10,2025_10_ARI_SEA,2025-11-09,ARI,SEA,0.7257440492256639,1,historical
2025,10,2025_10_ATL_IND,2025-11-09,ATL,IND,0.7005069917377157,1,historical
2025,10,2025_10_BAL_MIN,2025-11-09,BAL,MIN,0.5090583907615267,0,historical
2025,10,2025_10_BUF_MIA,2025-11-09,BUF,MIA,0.23033209257904233,1,historical
2025,10,2025_10_CLE_NYJ,2025-11-09,CLE,NYJ,0.5139873397311482,1,historical
2025,10,2025_10_DET_WAS,2025-11-09,DET,WAS,0.32908922810117647,0,historical
2025,10,2025_10_JAX_HOU,2025-11-09,JAX,HOU,0.6546064310665319,1,historical
2025,10,2025_10_LA_SF,2025-11-09,LA,SF,0.38210680438269046,0,historical
2025,10,2025_10_NE_TB,2025-11-09,NE,TB,0.6371328722724722,0,historical
2025,10,2025_10_NO_CAR,2025-11-09,NO,CAR,0.6662906341289325,0,historical
2025,10,2025_10_NYG_CHI,2025-11-09,NYG,CHI,0.6596737603053768,1,historical
2025,10,2025_10_PIT_LAC,2025-11-09,PIT,LAC,0.5615315033994545,1,historical
2025,10,2025_10_PHI_GB,2025-11-10,PHI,GB,0.47143948848253353,0,historical
2025,11,2025_11_NYJ_NE,2025-11-13,NYJ,NE,0.7417978646292952,1,historical
2025,11,2025_11_BAL_CLE,2025-11-16,BAL,CLE,0.2651090384393693,0,historical
2025,11,2025_11_CAR_ATL,2025-11-16,CAR,ATL,0.5940072460217,0,historical
2025,11,2025_11_CHI_MIN,2025-11-16,CHI,MIN,0.5775245119128236,0,historical
2025,11,2025_11_CIN_PIT,2025-11-16,CIN,PIT,0.6354610626056572,1,historical
2025,11,2025_11_DET_PHI,2025-11-16,DET,PHI,0.5691067838674114,1,historical
2025,11,2025_11_GB_NYG,2025-11-16,GB,NYG,0.2569223416256485,0,historical
2025,11,2025_11_HOU_TEN,2025-11-16,HOU,TEN,0.19489424176911457,0,historical
2025,11,2025_11_KC_DEN,2025-11-16,KC,DEN,0.540664729031944,1,historical
2025,11,2025_11_LAC_JAX,2025-11-16,LAC,JAX,0.37132935095220193,1,historical
2025,11,2025_11_SEA_LA,2025-11-16,SEA,LA,0.5614329116747708,1,historical
2025,11,2025_11_SF_ARI,2025-11-16,SF,ARI,0.5075651246666664,0,historical
2025,11,2025_11_TB_BUF,2025-11-16,TB,BUF,0.6002883617938507,1,historical
2025,11,2025_11_WAS_MIA,2025-11-16,WAS,MIA,0.5376104255876315,1,historical
2025,11,2025_11_DAL_LV,2025-11-17,DAL,LV,0.43894407590932283,0,historical
2025,12,2025_12_BUF_HOU,2025-11-20,BUF,HOU,0.4593043582278109,1,historical
2025,12,2025_12_ATL_NO,2025-11-23,ATL,NO,0.47664439083138194,0,historical
2025,12,2025_12_CLE_LV,2025-11-23,CLE,LV,0.5355946451480428,0,historical
2025,12,2025_12_IND_KC,2025-11-23,IND,KC,0.6536728532999114,1,historical
2025,12,2025_12_JAX_ARI,2025-11-23,JAX,ARI,0.46677754299218316,0,historical
2025,12,2025_12_MIN_GB,2025-11-23,MIN,GB,0.692767215483514,1,historical
2025,12,2025_12_NE_CIN,2025-11-23,NE,CIN,0.3619254224859466,0,historical
2025,12,2025_12_NYG_DET,2025-11-23,NYG,DET,0.8476557156256526,1,historical
2025,12,2025_12_NYJ_BAL,2025-11-23,NYJ,BAL,0.8020279960393474,1,historical
2025,12,2025_12_PHI_DAL,2025-11-23,PHI,DAL,0.2589985680357196,1,historical
2025,12,2025_12_PIT_CHI,2025-11-23,PIT,CHI,0.49463595900353247,1,historical
2025,12,2025_12_SEA_TEN,2025-11-23,SEA,TEN,0.1334703727366791,0,historical
2025,12,2025_12_TB_LA,2025-11-23,TB,LA,0.703846530164513,1,historical
2025,12,2025_12_CAR_SF,2025-11-24,CAR,SF,0.7043025418927918,1,historical
2025,13,2025_13_CIN_BAL,2025-11-27,CIN,BAL,0.7780985195565487,0,historical
2025,13,2025_13_GB_DET,2025-11-27,GB,DET,0.5614434505831454,0,historical
2025,13,2025_13_KC_DAL,2025-11-27,KC,DAL,0.35653276742705514,1,historical
2025,13,2025_13_CHI_PHI,2025-11-28,CHI,PHI,0.7455095069865025,0,historical
2025,13,2025_13_ARI_TB,2025-11-30,ARI,TB,0.6668835546436573,1,historical
2025,13,2025_13_ATL_NYJ,2025-11-30,ATL,NYJ,0.4309151156290721,1,historical
2025,13,2025_13_BUF_PIT,2025-11-30,BUF,PIT,0.42570360886756103,0,historical
2025,13,2025_13_DEN_WAS,2025-11-30,DEN,WAS,0.2786269522873498,0,historical
2025,13,2025_13_HOU_IND,2025-11-30,HOU,IND,0.5018288084439788,0,historical
2025,13,2025_13_JAX_TEN,2025-11-30,JAX,TEN,0.24154570055817517,0,historical
2025,13,2025_13_LA_CAR,2025-11-30,LA,CAR,0.18650331420297506,1,historical
2025,13,2025_13_LV_LAC,2025-11-30,LV,LAC,0.7926572683815795,1,historical
2025,13,2025_13_MIN_SEA,2025-11-30,MIN,SEA,0.7441886387026935,1,historical
2025,13,2025_13_NO_MIA,2025-11-30,NO,MIA,0.6986559672317777,1,historical
2025,13,2025_13_SF_CLE,2025-11-30,SF,CLE,0.33569589359895935,0,historical
2025,13,2025_13_NYG_NE,2025-12-01,NYG,NE,0.7834727676779966,1,historical
2025,14,2025_14_DAL_DET,2025-12-04,DAL,DET,0.6716164510631847,1,historical
2025,14,2025_14_CHI_GB,2025-12-07,CHI,GB,0.6759224029262993,1,historical
2025,14,2025_14_CIN_BUF,2025-12-07,CIN,BUF,0.7563173741556812,1,historical
2025,14,2025_14_DEN_LV,2025-12-07,DEN,LV,0.14510750780139295,0,historical
2025,14,2025_14_HOU_KC,2025-12-07,HOU,KC,0.5728756001649086,0,historical
2025,14,2025_14_IND_JAX,2025-12-07,IND,JAX,0.5162115157010245,1,historical
2025,14,2025_14_LA_ARI,2025-12-07,LA,ARI,0.24232837862310072,0,historical
2025,14,2025_14_MIA_NYJ,2025-12-07,MIA,NYJ,0.4170190869021075,0,historical
2025,14,2025_14_NO_TB,2025-12-07,NO,TB,0.7830648212904244,0,historical
2025,14,2025_14_PIT_BAL,2025-12-07,PIT,BAL,0.6180704099403468,0,historical
2025,14,2025_14_SEA_ATL,2025-12-07,SEA,ATL,0.25298633150157307,0,historical
2025,14,2025_14_TEN_CLE,2025-12-07,TEN,CLE,0.6990020008139242,0,historical
2025,14,2025_14_WAS_MIN,2025-12-07,WAS,MIN,0.5559323140582143,1,historical
2025,14,2025_14_PHI_LAC,2025-12-08,PHI,LAC,0.4108678606132972,1,historical
2025,15,2025_15_ATL_TB,2025-12-11,ATL,TB,0.6655021305061212,0,historical
2025,15,2025_15_ARI_HOU,2025-12-14,ARI,HOU,0.8028309796155227,1,historical
2025,15,2025_15_BAL_CIN,2025-12-14,BAL,CIN,0.4428398382300786,0,historical
2025,15,2025_15_BUF_NE,2025-12-14,BUF,NE,0.4634112322621029,0,historical
2025,15,2025_15_CAR_NO,2025-12-14,CAR,NO,0.47265132295298523,1,historical
2025,15,2025_15_CLE_CHI,2025-12-14,CLE,CHI,0.7741532260414346,1,historical
2025,15,2025_15_DET_LA,2025-12-14,DET,LA,0.6010218484161205,1,historical
2025,15,2025_15_GB_DEN,2025-12-14,GB,DEN,0.5430450910694343,1,historical
2025,15,2025_15_IND_SEA,2025-12-14,IND,SEA,0.7505674389463294,1,historical
2025,15,2025_15_LAC_KC,2025-12-14,LAC,KC,0.5997087491299347,0,historical
2025,15,2025_15_LV_PHI,2025-12-14,LV,PHI,0.878554768118961,1,historical
2025,15,2025_15_MIN_DAL,2025-12-14,MIN,DAL,0.5545070843464829,0,historical
2025,15,2025_15_NYJ_JAX,2025-12-14,NYJ,JAX,0.7743078031570474,1,historical
2025,15,2025_15_TEN_SF,2025-12-14,TEN,SF,0.8610551360247185,1,historical
2025,15,2025_15_WAS_NYG,2025-12-14,WAS,NYG,0.45458059812926577,0,historical
2025,15,2025_15_MIA_PIT,2025-12-15,MIA,PIT,0.5717509026675773,1,historical
2025,16,2025_16_LA_SEA,2025-12-18,LA,SEA,0.5244771207494309,1,historical
2025,16,2025_16_GB_CHI,2025-12-20,GB,CHI,0.4179262454095073,1,historical
2025,16,2025_16_PHI_WAS,2025-12-20,PHI,WAS,0.29407404950260807,0,historical
2025,16,2025_16_ATL_ARI,2025-12-21,ATL,ARI,0.5072902160637786,0,historical
2025,16,2025_16_BUF_CLE,2025-12-21,BUF,CLE,0.1676301334502867,0,historical
2025,16,2025_16_CIN_MIA,2025-12-21,CIN,MIA,0.6154800776103454,0,historical
2025,16,2025_16_JAX_DEN,2025-12-21,JAX,DEN,0.7092265417600855,0,historical
2025,16,2025_16_KC_TEN,2025-12-21,KC,TEN,0.17202342051733963,1,historical
2025,16,2025_16_LAC_DAL,2025-12-21,LAC,DAL,0.41920590871496816,0,historical
2025,16,2025_16_LV_HOU,2025-12-21,LV,HOU,0.8896232836935055,1,historical
2025,16,2025_16_MIN_NYG,2025-12-21,MIN,NYG,0.30381042092391497,0,historical
2025,16,2025_16_NE_BAL,2025-12-21,NE,BAL,0.5275653655179876,0,historical
2025,16,2025_16_NYJ_NO,2025-12-21,NYJ,NO,0.5985103732260642,1,historical
2025,16,2025_16_PIT_DET,2025-12-21,PIT,DET,0.6445693612011517,0,historical
2025,16,2025_16_TB_CAR,2025-12-21,TB,CAR,0.4142867509895603,1,historical
2025,16,2025_16_SF_IND,2025-12-22,SF,IND,0.4524277930479133,0,historical
2025,17,2025_17_DAL_WAS,2025-12-25,DAL,WAS,0.5142948812790489,0,historical
2025,17,2025_17_DEN_KC,2025-12-25,DEN,KC,0.37193969960615,0,historical
2025,17,2025_17_DET_MIN,2025-12-25,DET,MIN,0.4566401734055593,1,historical
2025,17,2025_17_BAL_GB,2025-12-27,BAL,GB,0.6689379405573237,0,historical
2025,17,2025_17_HOU_LAC,2025-12-27,HOU,LAC,0.47641447160144784,0,historical
2025,17,2025_17_ARI_CIN,2025-12-28,ARI,CIN,0.6662140475495527,1,historical
2025,17,2025_17_CHI_SF,2025-12-28,CHI,SF,0.582722007817221,1,historical
2025,17,2025_17_JAX_IND,2025-12-28,JAX,IND,0.3707983005751692,0,historical
2025,17,2025_17_NE_NYJ,2025-12-28,NE,NYJ,0.20889904145168953,0,historical
2025,17,2025_17_NO_TEN,2025-12-28,NO,TEN,0.42042008955279325,0,historical
2025,17,2025_17_NYG_LV,2025-12-28,NYG,LV,0.4920655712623221,0,historical
2025,17,2025_17_PHI_BUF,2025-12-28,PHI,BUF,0.5611651093829959,0,historical
2025,17,2025_17_PIT_CLE,2025-12-28,PIT,CLE,0.244204671576898,1,historical
2025,17,2025_17_SEA_CAR,2025-12-28,SEA,CAR,0.21677416765330512,0,historical
2025,17,2025_17_TB_MIA,2025-12-28,TB,MIA,0.48487192631684434,1,historical
2025,17,2025_17_LA_ATL,2025-12-29,LA,ATL,0.23557170173860087,1,historical
2025,18,2025_18_CAR_TB,2026-01-03,CAR,TB,0.6212928379811327,1,historical
2025,18,2025_18_SEA_SF,2026-01-03,SEA,SF,0.42961838301039,0,historical
2025,18,2025_18_ARI_LA,2026-01-04,ARI,LA,0.8706552251960338,1,historical
2025,18,2025_18_BAL_PIT,2026-01-04,BAL,PIT,0.4775682314519897,1,historical
2025,18,2025_18_CLE_CIN,2026-01-04,CLE,CIN,0.6996484462833682,0,historical
2025,18,2025_18_DAL_NYG,2026-01-04,DAL,NYG,0.39222079057639875,1,historical
2025,18,2025_18_DET_CHI,2026-01-04,DET,CHI,0.5334740860617789,0,historical
2025,18,2025_18_GB_MIN,2026-01-04,GB,MIN,0.5012323527460802,1,historical
2025,18,2025_18_IND_HOU,2026-01-04,IND,HOU,0.7827129404560168,1,historical
2025,18,2025_18_KC_LV,2026-01-04,KC,LV,0.2390227128838222,1,historical
2025,18,2025_18_LAC_DEN,2026-01-04,LAC,DEN,0.6534364607048495,1,historical
2025,18,2025_18_MIA_NE,2026-01-04,MIA,NE,0.7330742059519681,1,historical
2025,18,2025_18_NO_ATL,2026-01-04,NO,ATL,0.6069614642154209,1,historical
2025,18,2025_18_NYJ_BUF,2026-01-04,NYJ,BUF,0.8945561177284158,1,historical
2025,18,2025_18_TEN_JAX,2026-01-04,TEN,JAX,0.8751573219455832,1,historical
2025,18,2025_18_WAS_PHI,2026-01-04,WAS,PHI,0.8259842496569556,0,historical
2025,19,2025_19_GB_CHI,2026-01-10,GB,CHI,0.5112736682218528,1,historical
2025,19,2025_19_LA_CAR,2026-01-10,LA,CAR,0.20686538401488205,0,historical
2025,19,2025_19_BUF_JAX,2026-01-11,BUF,JAX,0.4935752745483771,0,historical
2025,19,2025_19_LAC_NE,2026-01-11,LAC,NE,0.623866362760649,1,historical
2025,19,2025_19_SF_PHI,2026-01-11,SF,PHI,0.58265166448391,0,historical
2025,19,2025_19_HOU_PIT,2026-01-12,HOU,PIT,0.3773963930602229,0,historical
2025,20,2025_20_BUF_DEN,2026-01-17,BUF,DEN,0.5510835627408399,1,historical
2025,20,2025_20_SF_SEA,2026-01-17,SF,SEA,0.6815153763553753,1,historical
2025,20,2025_20_HOU_NE,2026-01-18,HOU,NE,0.46946865260690046,1,historical
2025,20,2025_20_LA_CHI,2026-01-18,LA,CHI,0.3781213302490666,0,historical
2025,21,2025_21_LA_SEA,2026-01-25,LA,SEA,0.6188081313367259,1,historical
2025,21,2025_21_NE_DEN,2026-01-25,NE,DEN,0.5708267672159255,0,historical
2025,22,2025_22_SEA_NE,2026-02-08,SEA,NE,0.45194572164386665,0,historical
2026,2,2026_02_DET_BUF,2026-09-17,DET,BUF,0.6573586253596961,1,deployed
2026,2,2026_02_CAR_ATL,2026-09-20,CAR,ATL,0.6325215830952368,0,deployed
2026,2,2026_02_CIN_HOU,2026-09-20,CIN,HOU,0.6639436690103065,0,deployed
2026,2,2026_02_CLE_TB,2026-09-20,CLE,TB,0.6127882636498843,0,deployed
2026,2,2026_02_GB_NYJ,2026-09-20,GB,NYJ,0.3946570845229083,0,deployed
2026,2,2026_02_IND_KC,2026-09-20,IND,KC,0.6666722163656811,1,deployed
2026,2,2026_02_JAX_DEN,2026-09-20,JAX,DEN,0.5050409120168516,1,deployed
2026,2,2026_02_LV_LAC,2026-09-20,LV,LAC,0.6670603509671286,0,deployed
2026,2,2026_02_MIA_SF,2026-09-20,MIA,SF,0.7761717716596784,1,deployed
2026,2,2026_02_MIN_CHI,2026-09-20,MIN,CHI,0.5143658278340937,0,deployed
2026,2,2026_02_NO_BAL,2026-09-20,NO,BAL,0.71084555554622,0,deployed
2026,2,2026_02_PHI_TEN,2026-09-20,PHI,TEN,0.23638647798080487,0,deployed
2026,2,2026_02_PIT_NE,2026-09-20,PIT,NE,0.6351675304151524,1,deployed
2026,2,2026_02_SEA_ARI,2026-09-20,SEA,ARI,0.21712863504066432,0,deployed
2026,2,2026_02_WAS_DAL,2026-09-20,WAS,DAL,0.509650977705723,1,deployed
2026,2,2026_02_NYG_LA,2026-09-21,NYG,LA,0.6874554799431563,1,deployed
2026,3,2026_03_ATL_GB,2026-09-24,ATL,GB,0.6652785238534064,0,deployed
2026,3,2026_03_ARI_SF,2026-09-27,ARI,SF,0.7799518287022212,1,deployed
2026,3,2026_03_BAL_DAL,2026-09-27,BAL,DAL,0.44405736088506814,0,deployed
2026,3,2026_03_CAR_CLE,2026-09-27,CAR,CLE,0.5104470825585595,1,deployed
2026,3,2026_03_CIN_PIT,2026-09-27,CIN,PIT,0.4971377528050971,1,deployed
2026,3,2026_03_HOU_IND,2026-09-27,HOU,IND,0.38920007469229395,1,deployed
2026,3,2026_03_KC_MIA,2026-09-27,KC,MIA,0.3655162152040759,0,deployed
2026,3,2026_03_LAC_BUF,2026-09-27,LAC,BUF,0.7982950544107167,1,deployed
2026,3,2026_03_LA_DEN,2026-09-27,LA,DEN,0.5449774478073992,1,deployed
2026,3,2026_03_LV_NO,2026-09-27,LV,NO,0.6139811712158495,0,deployed
2026,3,2026_03_MIN_TB,2026-09-27,MIN,TB,0.3084554132338218,0,deployed
2026,3,2026_03_NE_JAX,2026-09-27,NE,JAX,0.4747951173079325,1,deployed
2026,3,2026_03_NYJ_DET,2026-09-27,NYJ,DET,0.7274790941849,1,deployed
2026,3,2026_03_SEA_WAS,2026-09-27,SEA,WAS,0.1902438385411518,1,deployed
2026,3,2026_03_TEN_NYG,2026-09-27,TEN,NYG,0.7019176125443716,1,deployed
